symbol,strategy,trigger,confluence,entry_date,entry_price,exit_date,exit_price,exit_reason,original_shares,remaining_shares,scaled_out,scale_out_price,holding_days,pnl,pnl_pct,peak_price,rsi_at_entry,vol_at_entry,portfolio_value,win
HOOD,mean_reversion,oversold,2,2021-10-29,34.970001220703125,2021-11-11,34.18,trailing_stop,2.012406596917793,2.01,False,,13,-1.59,-2.25,37.98,21.7987582707071,1.583566024023014,1054.72,0
HON,mean_reversion,oversold,2,2021-09-30,189.33660888671875,2021-11-30,182.82,trailing_stop,1.0563197533534638,1.06,False,,61,-6.88,-3.44,203.13,10.949213004456487,,1010.29,0
ROKU,mean_reversion,oversold,2,2021-11-17,245.1100006103516,2021-12-10,230.47,trailing_stop,0.7274607093976502,0.73,False,,23,-10.65,-5.97,256.08,22.044655386605328,3.1265712429633674,1048.19,0
ORCL,momentum_breakout,breakout,3,2021-12-10,96.27410125732422,2021-12-17,91.67,stop_loss,1.658156368554963,1.66,False,,7,-7.63,-4.78,97.23,68.2273516892695,4.335027469603695,1029.99,0
BRK-B,mean_reversion,oversold,2,2021-09-30,272.94000244140625,2022-01-05,309.92,mean_reversion_complete,0.7327617725911586,0.37,True,300.23,97,23.55,11.77,309.92,18.691450466155036,,1050.5,1
JNJ,momentum_breakout,breakout,3,2021-12-17,147.2641143798828,2022-01-07,152.27,bearish_divergence,1.0630771285855833,1.06,False,,21,5.32,3.4,152.27,59.75439030492469,1.7975284547952683,1051.54,1
GOOGL,mean_reversion,oversold,2,2021-10-04,132.39959716796875,2022-01-20,133.58,trailing_stop,1.1268971589528551,0.56,True,145.64,108,8.13,5.45,148.43,23.180083798510395,1.697470800995899,1039.68,1
AAPL,momentum_breakout,breakout,3,2021-11-30,161.46414184570312,2022-01-21,160.01,trailing_stop,1.2514143651256497,1.25,False,,52,-1.82,-0.9,177.79,68.50042892159254,2.153473368989039,1025.1,0
LIN,mean_reversion,oversold,2,2021-09-30,274.1838684082031,2022-01-26,292.36,trailing_stop,0.7294375163685463,0.36,True,301.6,118,16.63,8.31,324.84,14.478123501274787,,1040.17,1
NEM,momentum_breakout,breakout,3,2022-01-20,56.18032455444336,2022-01-27,53.59,stop_loss,1.3925088098410787,1.39,False,,7,-3.61,-4.61,56.18,67.62332809535937,1.6469096206037281,1046.4,0
LMT,momentum_breakout,breakout,3,2022-01-26,345.09039306640625,2022-02-11,349.46,bearish_divergence,0.2980716105875564,0.3,False,,16,1.3,1.27,349.46,75.05158015688288,1.8837415075106463,1084.21,1
PRU,momentum_breakout,breakout,3,2022-02-11,94.9655532836914,2022-02-24,88.61,stop_loss,0.9973187049321302,1.0,False,,13,-6.34,-6.69,94.97,64.15032002640135,1.5408610973600156,1042.87,0
BRK-B,momentum_breakout,breakout,3,2022-01-05,309.9200134277344,2022-03-03,327.74,bearish_divergence,0.677913646017866,0.68,False,,57,12.08,5.75,327.74,71.86758390835016,1.5132951291286738,1107.56,1
XOM,momentum_breakout,breakout,3,2022-01-21,61.381004333496094,2022-03-08,75.49,bearish_divergence,3.321571764415293,1.66,True,72.43,46,41.77,20.49,75.49,71.00818573457656,1.5185999510186208,1138.45,1
XOM,momentum_breakout,breakout,2,2022-03-08,75.48503875732422,2022-03-14,70.94,stop_loss,3.0163515869716724,3.02,False,,6,-13.71,-6.02,75.49,78.07574449944744,1.9850607464835006,1112.53,0
COP,momentum_breakout,breakout,3,2022-01-07,68.13042449951172,2022-03-25,91.28,bearish_divergence,2.494269642235605,1.25,True,80.39,77,44.16,25.99,91.28,65.60620159250327,1.5230274505505779,1140.8,1
NEM,momentum_breakout,breakout,3,2022-02-24,58.71477127075195,2022-04-01,73.37,bearish_divergence,1.681155182682919,0.84,True,69.28,36,21.2,21.48,73.37,67.06452204691315,1.7479698262458032,1120.23,1
MARA,momentum_breakout,breakout,3,2022-03-28,31.270000457763672,2022-04-06,25.65,stop_loss,7.2673127551139185,7.27,False,,9,-40.84,-17.97,31.27,58.70680797525276,1.640460319322533,1099.41,0
CVX,momentum_breakout,breakout,3,2022-01-27,112.0617218017578,2022-04-18,145.46,bearish_divergence,0.6520207520965253,0.33,True,132.23,81,17.46,23.9,145.46,73.86320386476693,1.5225186674229834,1102.39,1
ANET,momentum_breakout,breakout,3,2022-04-06,33.002498626708984,2022-04-22,29.88,trailing_stop,5.80596090265028,5.81,False,,16,-18.1,-9.45,33.21,55.136276733283225,1.6745305506093113,1078.16,0
JNJ,momentum_breakout,breakout,3,2022-03-18,154.0327911376953,2022-04-25,163.87,bearish_divergence,1.4377239365686043,1.44,False,,38,14.15,6.39,163.87,64.62167720948206,1.5817201055816354,1087.02,1
XLV,momentum_breakout,breakout,3,2022-04-01,128.66384887695312,2022-04-29,121.97,stop_loss,1.1011520853641126,1.1,False,,28,-7.37,-5.2,133.1,62.305223124568776,1.6538445319145043,1062.1,0
MAR,momentum_breakout,breakout,3,2022-04-20,182.43995666503903,2022-05-03,169.16,stop_loss,0.24786647589549984,0.25,False,,13,-3.29,-7.28,182.44,66.97060899629375,1.5797667827939132,1065.12,0
CAT,momentum_breakout,breakout,3,2022-04-22,201.5020446777344,2022-05-10,190.26,stop_loss,0.8983642426820382,0.9,False,,18,-10.1,-5.58,207.36,55.89294762878558,1.6858141691518391,1054.71,0
LLY,momentum_breakout,breakout,3,2022-05-16,289.1938781738281,2022-05-19,278.96,stop_loss,0.5969215069755658,0.6,False,,3,-6.11,-3.54,291.15,59.51490114144548,1.7177434376012068,1038.91,0
HON,momentum_breakout,breakout,3,2022-05-03,177.47515869140625,2022-05-20,171.84,stop_loss,0.2292070778844425,0.23,False,,17,-1.29,-3.18,185.41,54.63507948806098,1.5858522561463426,1040.44,0
SHW,momentum_breakout,breakout,3,2022-05-02,257.8795471191406,2022-06-07,266.6,bearish_divergence,0.6088805222752244,0.61,False,,36,5.31,3.38,271.07,55.66913622074226,1.5038306900480638,1121.1,1
AMT,momentum_breakout,breakout,3,2022-06-03,231.57437133789065,2022-06-13,208.91,trailing_stop,0.43519983228409026,0.44,False,,10,-9.86,-9.79,232.12,62.955487170773395,3.1644957747451468,1056.56,0
LMT,momentum_breakout,breakout,3,2022-03-03,397.71588134765625,2022-06-14,375.03,trailing_stop,0.5569593955729149,0.56,False,,103,-12.64,-5.71,416.69,82.21213727479063,1.6787340299645,1047.87,0
NEE,mean_reversion,oversold,2,2022-04-25,65.37710571289062,2022-06-14,64.09,trailing_stop,3.3253978419997345,3.33,False,,50,-4.28,-1.97,71.21,29.79496383732361,1.790396374931782,1047.87,0
CAT,mean_reversion,bullish_div,2,2022-05-20,184.2863006591797,2022-06-14,192.67,trailing_stop,1.1291525223950374,0.56,True,202.71,25,15.14,7.27,214.08,41.00038468302744,1.6328707193604477,1047.87,1
APD,momentum_breakout,breakout,3,2022-06-08,226.38543701171875,2022-07-08,209.98,stop_loss,0.7088450254547661,0.71,False,,30,-11.63,-7.25,227.5,62.40226166829128,1.6236355124066728,1046.73,0
FDX,momentum_breakout,breakout,3,2022-06-17,169.38580322265625,2022-07-13,162.11,trailing_stop,1.2393548629788511,1.24,False,,26,-9.02,-4.3,180.12,56.63918171018522,1.862368788619145,1015.53,0
MRK,momentum_breakout,breakout,3,2022-06-24,82.54867553710938,2022-07-15,84.17,bearish_divergence,2.600151756125522,2.6,False,,21,4.22,1.97,84.17,64.23272170474657,1.8855689570126513,1034.96,1
IBM,momentum_breakout,breakout,3,2022-06-24,121.78022003173828,2022-07-19,117.46,stop_loss,1.6976517668183055,1.7,False,,25,-7.33,-3.55,122.41,59.001225601279764,2.1831879521001762,1022.1,0
RBLX,momentum_breakout,breakout,3,2022-07-08,41.25,2022-08-18,46.04,trailing_stop,3.768719888266484,1.88,True,48.67,41,23.0,14.79,51.15,62.3864219693394,1.8649935590892575,1085.95,1
NET,momentum_breakout,breakout,3,2022-08-05,74.23999786376953,2022-08-19,70.75,trailing_stop,1.114568358522007,1.11,False,,14,-3.89,-4.7,78.61,66.98843474343566,3.932679557963043,1079.07,0
NFLX,momentum_breakout,breakout,3,2022-07-21,22.38800048828125,2022-08-26,22.44,trailing_stop,9.280348641024437,9.28,False,,36,0.45,0.22,24.93,61.221270762793395,1.8415438091813496,1048.74,1
VZ,mean_reversion,oversold,2,2022-07-22,34.009883880615234,2022-08-30,32.79,stop_loss,6.010853170109625,6.01,False,,39,-7.33,-3.59,35.39,28.57814893266908,2.9750150308083705,1022.77,0
DHR,momentum_breakout,breakout,3,2022-07-21,242.35629272460935,2022-08-31,236.18,trailing_stop,0.8572851464713716,0.86,False,,41,-5.29,-2.55,262.42,61.88478039771106,1.8939739059927052,1015.6,0
SNOW,momentum_breakout,breakout,3,2022-08-26,197.7100067138672,2022-09-01,176.27,stop_loss,1.0608868125120194,1.06,False,,6,-22.75,-10.84,197.71,67.43146257692335,2.659600342226767,1001.46,0
ICE,momentum_breakout,breakout,3,2022-08-19,103.43643188476562,2022-09-15,94.43,stop_loss,0.7789889710160208,0.78,False,,27,-7.02,-8.71,103.44,64.7614542745185,1.9269863141868042,1000.16,0
DE,momentum_breakout,breakout,3,2022-08-18,348.8160705566406,2022-09-22,331.13,trailing_stop,0.24401773480502878,0.24,False,,35,-4.31,-5.07,367.93,66.30526709409892,1.5004179384476897,962.72,0
LULU,momentum_breakout,breakout,3,2022-09-07,336.8699951171875,2022-09-22,317.47,trailing_stop,0.5988362298903772,0.6,False,,15,-11.62,-5.76,352.74,58.65637851040395,1.5250236071765817,962.72,0
UBER,momentum_breakout,breakout,2,2022-09-15,33.130001068115234,2022-09-22,30.16,stop_loss,2.335896180760478,2.34,False,,7,-6.94,-8.96,33.13,65.0661172232129,1.7811265474002653,962.72,0
MPC,momentum_breakout,breakout,3,2022-08-30,93.40462493896484,2022-09-26,83.39,stop_loss,2.1899675864789825,2.19,False,,27,-21.93,-10.72,93.4,62.109682863551704,1.5034194733472546,960.27,0
NFLX,momentum_breakout,breakout,3,2022-09-29,23.97100067138672,2022-10-11,22.32,stop_loss,8.059058842875894,8.06,False,,12,-13.31,-6.89,24.07,56.803647369494755,1.710696661129426,945.88,0
REGN,momentum_breakout,breakout,3,2022-09-08,702.2232666015625,2022-10-13,745.52,bearish_divergence,0.27720972195080146,0.28,False,,35,12.0,6.17,745.52,69.42602789065707,5.698251507978926,970.02,1
VRTX,momentum_breakout,breakout,3,2022-10-24,310.5,2022-10-27,298.58,stop_loss,0.31113501259053916,0.31,False,,3,-3.71,-3.84,311.18,61.37079494368648,1.5206631738696073,1009.76,0
BIIB,momentum_breakout,breakout,3,2022-09-29,264.2799987792969,2022-10-28,284.29,bearish_divergence,0.5538961816215938,0.55,False,,29,11.08,7.57,284.29,71.9145225588059,3.062144095073038,1016.98,1
NFLX,momentum_breakout,breakout,3,2022-10-17,24.51000022888184,2022-11-04,26.88,trailing_stop,7.9283994340546595,3.96,True,28.92,18,26.86,13.82,29.86,55.62660276742089,1.649423326896046,1012.98,1
SLB,momentum_breakout,breakout,3,2022-10-21,45.84739685058594,2022-11-11,49.86,bearish_divergence,4.35321882004202,4.35,False,,21,17.46,8.75,49.86,74.2844390929572,2.330728097874836,1059.33,1
SBUX,momentum_breakout,breakout,3,2022-11-04,83.41426849365234,2023-01-13,97.93,bearish_divergence,1.2892546955153494,1.29,False,,70,18.72,17.4,97.93,59.19175969206046,2.4191584343147867,1087.62,1
JPM,momentum_breakout,breakout,3,2023-01-13,131.927734375,2023-01-19,125.05,stop_loss,1.648815044256786,1.65,False,,6,-11.34,-5.21,131.93,66.23265710031825,2.0070943831165606,1055.04,0
ABBV,momentum_breakout,breakout,3,2022-10-28,129.196044921875,2023-01-24,131.2,trailing_stop,1.20484181686622,1.2,False,,88,2.41,1.55,145.77,54.74040601414552,2.0411757876325387,1092.9,1
CAT,momentum_breakout,breakout,3,2022-10-27,200.33468627929688,2023-01-27,251.01,bearish_divergence,0.4622905536646442,0.23,True,236.39,92,20.05,21.65,251.01,75.13459958113468,2.4718889436648466,1087.08,1
DHR,momentum_breakout,breakout,3,2023-01-24,236.16571044921875,2023-02-09,223.04,stop_loss,0.8805414874960932,0.88,False,,16,-11.56,-5.56,236.17,52.88533527041325,2.095561460400197,1078.36,0
NET,momentum_breakout,breakout,3,2023-02-09,58.16999816894531,2023-02-17,65.16,trailing_stop,3.4137309781574023,1.71,True,68.64,8,29.8,15.01,72.4,62.81131674513106,1.5831607619260835,1096.9,1
UNP,mean_reversion,oversold,2,2022-09-27,179.9938507080078,2023-02-21,179.05,trailing_stop,1.0721330826208624,0.54,True,197.99,147,9.14,4.74,198.95,29.359482592969613,1.7180025521268771,1064.55,1
NFLX,momentum_breakout,breakout,3,2023-01-19,31.577999114990234,2023-02-23,33.12,trailing_stop,6.682123381643748,6.68,False,,35,10.28,4.87,36.8,57.43150625144774,2.1021936324365527,1060.41,1
ROKU,momentum_breakout,breakout,2,2023-02-17,71.55999755859375,2023-03-09,61.36,stop_loss,3.065683603342684,3.07,False,,20,-31.27,-14.25,71.56,69.77585515616359,1.9607197582602705,1061.46,0
V,momentum_breakout,breakout,3,2023-01-27,224.91709899902344,2023-03-10,211.66,stop_loss,0.2644231422816398,0.26,False,,42,-3.51,-5.89,224.92,69.24228743393856,1.9214041614724924,1056.19,0
BRK-B,momentum_breakout,breakout,3,2022-11-11,309.7200012207031,2023-03-17,293.67,stop_loss,0.6840562075719406,0.68,False,,126,-10.98,-5.18,320.37,66.27390485748434,1.602792726421124,1065.08,0
PANW,momentum_breakout,breakout,3,2023-02-22,93.875,2023-03-21,97.25,bearish_divergence,1.1314947984468533,1.13,False,,27,3.81,3.59,97.25,69.27545125790692,4.119071257442441,1091.82,1
FSLR,momentum_breakout,breakout,3,2023-03-01,195.67999267578125,2023-03-31,217.5,bearish_divergence,1.078394554254196,1.08,False,,30,23.53,11.15,217.5,64.28460032267913,6.49207399031384,1110.24,1
NOW,momentum_breakout,breakout,3,2023-03-31,92.94400024414062,2023-04-13,96.7,bearish_divergence,2.389058252306841,2.39,False,,13,8.97,4.04,96.7,56.983131337237516,1.7514096067375633,1108.65,1
AMD,momentum_breakout,breakout,3,2023-03-22,97.58000183105467,2023-04-17,90.25,trailing_stop,1.0867729938925481,1.09,False,,26,-7.96,-7.51,100.28,69.68186700379609,1.5469216459840534,1110.05,0
AAPL,momentum_breakout,breakout,3,2023-03-17,152.514404296875,2023-04-19,164.94,bearish_divergence,1.3025953755472712,1.3,False,,33,16.19,8.15,164.94,61.40609811312661,1.5573749268784765,1100.82,1
ANET,momentum_breakout,breakout,3,2023-03-09,37.16249847412109,2023-05-02,38.11,trailing_stop,5.4185125050482705,5.42,False,,54,5.15,2.56,42.35,68.17532697509664,1.6833699001452542,1077.62,1
GE,momentum_breakout,breakout,3,2023-03-10,71.39820098876953,2023-05-03,79.85,bearish_divergence,0.8023285004048016,0.8,False,,54,6.78,11.84,79.85,79.65645829901834,2.339881620056042,1084.01,1
SBUX,momentum_breakout,breakout,3,2023-05-02,105.05753326416016,2023-05-03,99.23,stop_loss,2.0209314885970486,2.02,False,,1,-11.78,-5.55,105.06,71.32031438904053,1.7679566128490174,1084.01,0
ISRG,momentum_breakout,breakout,3,2023-04-19,298.57000732421875,2023-06-05,317.49,bearish_divergence,0.72765381604507,0.73,False,,47,13.77,6.34,317.49,80.9621624848402,3.424267281514654,1091.13,1
BIIB,momentum_breakout,breakout,3,2023-05-03,311.0,2023-06-23,293.23,stop_loss,0.14855631739949765,0.15,False,,51,-2.64,-5.71,318.06,72.06125756142079,2.634600934751686,1111.14,0
NVO,momentum_breakout,breakout,3,2023-04-13,76.48102569580078,2023-07-11,70.89,trailing_stop,2.899154423776934,2.9,False,,89,-16.21,-7.31,78.77,76.16299222707468,2.487905133873394,1104.08,0
MARA,momentum_breakout,breakout,3,2023-06-23,12.710000038146973,2023-07-17,17.37,trailing_stop,3.900560812718372,1.95,True,15.0,24,13.55,27.34,19.3,64.64452495231491,2.111416837722878,1159.56,1
AAPL,momentum_breakout,breakout,3,2023-06-05,176.94459533691406,2023-07-19,192.24,bearish_divergence,1.2332968065933105,1.23,False,,44,18.86,8.64,192.24,71.34280457716642,2.0890430700409692,1170.77,1
COIN,momentum_breakout,breakout,3,2023-07-11,89.1500015258789,2023-07-24,99.14,trailing_stop,2.476910545313533,1.24,True,105.2,13,32.24,14.6,110.15,73.85464958818699,2.047849812521115,1165.85,1
MSFT,momentum_breakout,breakout,3,2023-07-19,346.22076416015625,2023-07-26,333.39,stop_loss,0.6763130901464022,0.68,False,,7,-8.68,-3.71,346.22,68.582244140218,1.513395601607975,1160.0,0
TMO,momentum_breakout,breakout,3,2023-07-24,566.0608520507812,2023-08-01,542.91,stop_loss,0.21929378271277566,0.22,False,,8,-5.08,-4.09,568.92,67.09132204797191,2.1910963364063196,1156.96,0
AMD,momentum_breakout,breakout,3,2023-08-01,117.5999984741211,2023-08-02,112.61,stop_loss,1.0188547320013046,1.02,False,,1,-5.08,-4.24,117.6,54.20363422728384,1.580879513381535,1142.98,0
JPM,momentum_breakout,breakout,3,2023-07-17,143.583984375,2023-09-05,136.53,stop_loss,1.1562280106130836,1.16,False,,50,-8.16,-4.91,147.91,70.18475664040227,1.5089576440456471,1179.91,0
GOOGL,momentum_breakout,breakout,3,2023-07-26,128.051513671875,2023-09-18,136.91,bearish_divergence,1.7722500971703334,1.77,False,,54,15.69,6.92,136.91,64.0930338647864,1.8156276418131168,1189.62,1
ABNB,momentum_breakout,breakout,3,2023-09-05,142.2899932861328,2023-09-21,132.75,trailing_stop,1.6584639211876635,1.66,False,,16,-15.82,-6.7,147.5,60.83677902606365,4.2784113252064495,1163.79,0
JNJ,momentum_breakout,breakout,3,2023-04-18,145.6873779296875,2023-09-29,143.16,trailing_stop,0.7723747640206261,0.77,False,,164,-1.95,-1.73,159.07,56.127693791995966,1.839896259220631,1158.72,0
LLY,momentum_breakout,breakout,3,2023-05-03,420.4004211425781,2023-09-29,528.37,trailing_stop,0.5157047717121463,0.26,True,496.07,149,47.35,21.84,587.08,81.65168864522516,2.997727245824406,1158.72,1
CAT,momentum_breakout,breakout,3,2023-08-02,275.7019348144531,2023-10-04,256.0,stop_loss,0.42882398800546073,0.43,False,,63,-8.45,-7.15,275.7,80.46542657284915,1.9214791750378517,1161.92,0
COST,momentum_breakout,breakout,3,2023-09-27,541.5686645507812,2023-10-04,549.52,bearish_divergence,0.42910466555058224,0.43,False,,7,3.41,1.47,549.52,53.83606852922786,2.762849500702537,1161.92,1
SNPS,momentum_breakout,breakout,3,2023-10-10,490.1099853515625,2023-10-20,470.78,stop_loss,0.48092856549200996,0.48,False,,10,-9.3,-3.94,496.23,66.59272344765417,1.5304379319711465,1155.11,0
CDNS,momentum_breakout,breakout,3,2023-10-10,249.75,2023-10-20,239.41,stop_loss,0.6461187936849364,0.65,False,,10,-6.68,-4.14,252.98,64.38418576121444,1.503470174642776,1155.11,0
UNH,momentum_breakout,breakout,3,2023-09-21,473.51165771484375,2023-11-13,512.66,bearish_divergence,0.4915554737990719,0.49,False,,53,19.24,8.27,512.66,57.429614126349115,1.6600056816878495,1210.94,1
ANET,momentum_breakout,breakout,3,2023-11-01,52.709999084472656,2023-11-30,54.93,bearish_divergence,2.927697592472426,2.93,False,,29,6.49,4.21,54.93,62.37425279039527,2.2394000598167834,1242.08,1
ORCL,momentum_breakout,breakout,3,2023-11-30,112.5894012451172,2023-12-12,105.63,stop_loss,1.3985525128000464,1.4,False,,12,-9.73,-6.18,113.51,62.94309897797994,1.7389802512788466,1225.77,0
LLY,momentum_breakout,breakout,3,2023-11-13,600.216064453125,2023-12-15,561.64,stop_loss,0.39961542101359704,0.4,False,,32,-15.42,-6.43,600.22,57.61971828671617,1.5716980538445018,1242.14,0
MSFT,momentum_breakout,breakout,3,2023-10-25,332.8735656738281,2023-12-29,368.18,bearish_divergence,0.6934310228452445,0.69,False,,65,24.48,10.61,374.7,63.51456475020463,2.3229319157886654,1247.91,1
AAPL,momentum_breakout,breakout,3,2023-12-15,195.1903381347656,2024-01-02,189.73,stop_loss,1.1288773413741608,1.13,False,,18,-6.16,-2.8,195.19,69.50245056514046,2.455093331571033,1215.25,0
MARA,momentum_breakout,breakout,3,2023-12-29,23.489999771118164,2024-01-11,23.64,trailing_stop,10.62504553018696,10.63,False,,13,1.63,0.65,26.27,74.13863310515784,1.8304206181429723,1273.06,1
CRWD,momentum_breakout,breakout,3,2023-10-06,44.17250061035156,2024-02-14,83.64,bearish_divergence,5.294367586455093,2.65,True,52.12,131,125.51,53.67,83.64,60.184719958965495,2.2974339158806747,1401.02,1
REGN,momentum_breakout,breakout,3,2024-01-02,896.5396728515625,2024-02-27,984.06,bearish_divergence,0.25278395506984325,0.25,False,,56,22.12,9.76,984.06,68.40378234439565,1.5185859505386132,1477.16,1
AMD,momentum_breakout,breakout,3,2023-12-12,137.61000061035156,2024-03-07,211.38,bearish_divergence,1.103169251373908,0.55,True,162.38,86,54.35,35.8,211.38,73.41460564693573,2.010527573151979,1562.02,1
COIN,momentum_breakout,breakout,3,2024-02-14,160.3800048828125,2024-03-19,230.96,trailing_stop,1.7471208786607946,0.87,True,189.25,34,86.87,31.0,256.62,60.77578581640721,1.5696192400112055,1546.19,1
CVX,momentum_breakout,breakout,3,2024-02-27,137.1054229736328,2024-03-19,141.12,bearish_divergence,2.1547828087731262,2.15,False,,21,8.66,2.93,141.12,56.57752571014027,1.7944861678640767,1546.19,1
NVO,momentum_breakout,breakout,2,2024-03-07,124.61570739746094,2024-03-20,120.27,stop_loss,2.259034611747177,2.26,False,,13,-9.82,-3.49,124.62,72.82853614862682,3.4566969669188947,1560.69,0
CDNS,momentum_breakout,breakout,3,2024-01-16,277.5599975585937,2024-03-21,322.8,bearish_divergence,0.8207138808734717,0.82,False,,65,37.13,16.3,322.8,57.87158809634043,1.7747484450257858,1578.44,1
GS,momentum_breakout,breakout,3,2024-03-21,392.9005737304688,2024-03-22,387.69,stop_loss,0.2578299909587938,0.26,False,,1,-1.34,-1.33,392.9,68.84802759958528,1.9452777326876902,1576.05,0
NVDA,momentum_breakout,breakout,3,2023-11-22,48.625282287597656,2024-03-25,94.84,bearish_divergence,2.746201696020982,1.37,True,57.38,124,75.48,56.52,94.84,62.06503403148904,1.9968584701970948,1572.78,1
SNPS,momentum_breakout,breakout,2,2024-03-21,602.010009765625,2024-03-27,578.91,stop_loss,0.5243888264465427,0.52,False,,6,-12.11,-3.84,602.01,60.59406252401345,1.843776998526198,1549.49,0
V,momentum_breakout,breakout,3,2024-03-22,277.9800109863281,2024-04-04,271.64,stop_loss,0.361729923511018,0.36,False,,13,-2.29,-2.28,277.98,61.29836448850165,1.5402067030987852,1514.03,0
ANET,momentum_breakout,breakout,3,2024-03-19,71.7300033569336,2024-04-12,68.94,trailing_stop,4.311132384072939,4.31,False,,24,-12.01,-3.88,76.61,56.971901514391405,1.977455499091129,1497.09,0
HOOD,momentum_breakout,breakout,3,2024-03-27,20.01000022888184,2024-04-12,18.12,trailing_stop,15.426358153875347,15.43,False,,16,-29.2,-9.46,20.13,74.17102690972035,1.772315125352626,1497.09,0
FDX,momentum_breakout,breakout,3,2024-03-26,222.29928588867188,2024-04-16,204.47,stop_loss,0.5926994809418679,0.59,False,,21,-10.57,-8.02,222.88,77.00962476724662,1.8779398207860314,1497.09,0
NEM,momentum_breakout,breakout,3,2024-04-12,37.12408065795898,2024-04-25,41.71,bearish_divergence,8.065348607904605,8.07,False,,13,36.96,12.34,41.71,67.61161447822226,1.5189703592329549,1552.59,1
FCX,momentum_breakout,breakout,3,2024-04-04,47.66883087158203,2024-04-29,50.95,bearish_divergence,2.2472483122930846,2.25,False,,25,7.37,6.88,50.95,75.73601075601358,1.54556180467485,1578.67,1
FSLR,momentum_breakout,breakout,3,2024-04-17,178.00999450683594,2024-05-07,194.67,bearish_divergence,1.682625102027087,1.68,False,,20,28.03,9.36,194.67,59.74560753368437,1.7098607253737603,1604.24,1
CMG,momentum_breakout,breakout,3,2024-03-20,57.900001525878906,2024-05-10,64.78,bearish_divergence,5.390970832898197,5.39,False,,51,37.11,11.89,64.78,80.94984257525164,4.655068429598701,1612.04,1
MRK,momentum_breakout,breakout,3,2024-04-25,121.63224792480467,2024-05-28,117.53,stop_loss,2.552923161127141,2.55,False,,33,-10.47,-3.37,122.57,63.54596459733932,1.8157453077592953,1599.37,0
SO,momentum_breakout,breakout,3,2024-05-07,70.83382415771484,2024-06-04,74.98,bearish_divergence,4.529586025922363,4.53,False,,28,18.76,5.85,74.98,71.38767840717702,1.5795620463808306,1606.98,1
ANET,momentum_breakout,breakout,3,2024-05-10,78.50749969482422,2024-06-04,73.36,trailing_stop,4.106722973904798,4.11,False,,25,-21.15,-6.56,81.51,64.06024071198452,1.839112256137901,1606.98,0
LMT,momentum_breakout,breakout,3,2024-04-22,432.0673522949219,2024-06-07,443.28,bearish_divergence,0.24740532484108374,0.25,False,,46,2.77,2.59,443.28,70.94185133112975,1.6371319397617443,1618.03,1
GOOGL,momentum_breakout,breakout,3,2024-04-29,164.5838623046875,2024-06-12,176.32,bearish_divergence,0.7063905594277959,0.71,False,,44,8.29,7.13,176.32,65.06592510993924,1.5342574871580361,1658.15,1
NVDA,momentum_breakout,breakout,3,2024-05-28,113.70423889160156,2024-06-24,121.82,trailing_stop,2.8132082437338943,1.41,True,134.17,27,40.2,12.57,135.36,77.83416937798975,1.5627419234164808,1647.24,1
SMH,momentum_breakout,breakout,3,2024-06-05,252.50169372558597,2024-07-10,279.16,bearish_divergence,1.2605249180417788,1.26,False,,35,33.6,10.56,279.16,68.47880564905024,1.5993445117832332,1704.98,1
CL,momentum_breakout,breakout,3,2024-06-25,93.7003402709961,2024-07-17,94.36,bearish_divergence,3.572327835898993,3.57,False,,22,2.34,0.7,94.36,75.79005064944276,1.6170960588228582,1643.95,1
AMD,momentum_breakout,breakout,3,2024-07-10,183.9600067138672,2024-07-17,171.36,stop_loss,1.853641583056232,1.85,False,,7,-23.36,-6.85,183.96,66.45102790107278,1.764496677454731,1643.95,0
CRWD,momentum_breakout,breakout,3,2024-06-10,93.64250183105467,2024-07-18,88.23,trailing_stop,1.1661301013735783,1.17,False,,38,-6.31,-5.78,98.04,65.93912156319888,3.301026787084863,1644.61,0
JNJ,momentum_breakout,breakout,3,2024-07-17,147.21673583984375,2024-07-23,143.97,stop_loss,2.23337257304722,2.23,False,,6,-7.25,-2.21,147.22,66.86158901563884,1.9844909074961572,1667.1,0
UNH,momentum_breakout,breakout,3,2024-07-17,547.9799194335938,2024-08-02,563.8,bearish_divergence,0.6000034097199957,0.6,False,,16,9.49,2.89,563.8,75.14010531363597,1.8929286358868178,1691.99,1
PLTR,momentum_breakout,breakout,3,2024-07-18,28.63999938964844,2024-08-02,25.93,trailing_stop,4.876028354981669,4.88,False,,15,-13.22,-9.47,28.81,69.74192345054335,1.6788182581823776,1691.99,0
AAPL,momentum_breakout,breakout,3,2024-06-12,211.05813598632807,2024-08-05,209.34,trailing_stop,0.5523295770770164,0.55,False,,54,-0.95,-0.81,232.6,80.01919843052706,3.0086723900508083,1670.76,0
LMT,momentum_breakout,breakout,3,2024-07-23,472.6582336425781,2024-09-09,546.67,bearish_divergence,0.668379716935238,0.67,False,,48,49.47,15.66,546.67,73.09039422227451,2.669419819596032,1757.92,1
LIN,momentum_breakout,breakout,3,2024-08-02,440.9620361328125,2024-09-26,469.22,bearish_divergence,0.7674073265865115,0.77,False,,55,21.69,6.41,469.22,59.509936316695885,1.7417694879148942,1837.74,1
ORCL,momentum_breakout,breakout,3,2024-09-09,136.88124084472656,2024-10-09,174.46,bearish_divergence,2.568533496492447,1.28,True,161.52,30,79.9,22.73,174.46,57.76782554573657,3.377462771524577,1866.27,1
HON,momentum_breakout,breakout,3,2024-10-09,202.96615600585935,2024-10-24,199.87,stop_loss,1.8390001256857147,1.84,False,,15,-5.69,-1.53,211.18,60.076255861671065,2.0716514270320143,1865.71,0
TSLA,momentum_breakout,breakout,3,2024-10-24,260.4800109863281,2024-10-25,269.19,bearish_divergence,1.4325175311939253,1.43,False,,1,12.48,3.34,269.19,61.05980213180006,2.568759109563737,1870.32,1
KO,momentum_breakout,breakout,3,2024-08-02,65.5049057006836,2024-10-31,62.36,stop_loss,1.83333859306107,1.83,False,,90,-5.77,-4.8,68.98,79.81778867029412,1.7535280183399709,1865.06,0
TSLA,momentum_breakout,breakout,2,2024-10-25,269.19000244140625,2024-11-14,315.0,trailing_stop,1.389592666394031,0.69,True,317.64,20,65.49,17.51,350.0,64.55987214238836,1.9207850963756645,1994.2,1
GOOGL,momentum_breakout,breakout,3,2024-10-31,169.9168243408203,2024-11-22,164.09,stop_loss,1.9316612892889722,1.93,False,,22,-11.26,-3.43,180.35,60.5776892726582,1.7620814200560202,1989.19,0
JNJ,momentum_breakout,breakout,3,2024-08-05,151.6074676513672,2024-12-06,142.71,trailing_stop,0.7976638419646993,0.8,False,,123,-7.1,-5.87,158.57,70.92850601560623,1.5244710146901475,2013.62,0
SCHW,momentum_breakout,breakout,3,2024-11-14,78.44210815429688,2024-12-12,81.04,bearish_divergence,5.084521443494017,5.08,False,,28,13.23,3.32,81.04,79.45847702533173,1.8447186051146298,1978.4,1
SNAP,momentum_breakout,breakout,3,2024-12-06,12.4399995803833,2024-12-17,11.25,trailing_stop,20.3582277078939,20.36,False,,11,-24.23,-9.57,12.5,61.107525776246575,1.9816992039690031,1986.28,0
TSLA,momentum_breakout,breakout,3,2024-12-17,479.8599853515625,2025-01-02,402.76,stop_loss,0.8278579036917081,0.83,False,,16,-63.83,-16.07,479.86,84.4195006438799,1.6142675253261491,1866.42,0
ANET,momentum_breakout,breakout,2,2025-01-06,118.9800033569336,2025-01-27,116.84,trailing_stop,2.860909324633717,2.86,False,,21,-6.13,-1.8,129.82,67.34349158007653,1.6767260488462568,1902.66,0
BMY,momentum_breakout,breakout,3,2024-09-27,46.39467239379883,2025-02-14,50.81,trailing_stop,7.916649344544883,3.96,True,54.75,140,50.57,13.77,56.46,65.23369878939003,2.0126884659206086,1965.74,1
AMZN,momentum_breakout,breakout,3,2025-01-27,235.4199981689453,2025-02-20,224.12,stop_loss,1.4260448552693874,1.43,False,,24,-16.11,-4.8,242.06,60.57996531331666,1.6115596785833697,1932.41,0
WMT,momentum_breakout,breakout,3,2024-11-22,88.8188705444336,2025-02-24,93.06,trailing_stop,4.479200731152422,4.48,False,,94,18.98,4.77,103.4,80.14233430710675,1.5203794833120503,1847.74,1
PANW,momentum_breakout,breakout,3,2025-02-14,200.02999877929688,2025-03-03,187.45,trailing_stop,0.9267030363585211,0.93,False,,17,-11.66,-6.29,208.28,57.2689327250059,2.238587428768945,1810.62,0
ISRG,momentum_breakout,breakout,3,2024-06-05,417.239990234375,2025-03-06,549.41,trailing_stop,0.7786276616393618,0.39,True,492.34,274,80.69,24.84,610.45,66.44985404374192,1.9091061086079542,1777.55,1
QQQ,momentum_breakout,breakout,3,2024-12-18,511.82806396484375,2025-03-06,489.42,stop_loss,0.5141679843789011,0.51,False,,78,-11.52,-4.38,535.53,62.05883807216918,2.0346385315306823,1777.55,0
MCD,momentum_breakout,breakout,3,2025-03-07,309.7086181640625,2025-03-11,300.4,stop_loss,1.1611455678851896,1.16,False,,4,-10.81,-3.01,309.71,69.59091123703735,1.9669011662930702,1760.66,0
VZ,momentum_breakout,breakout,3,2025-03-07,41.75812911987305,2025-03-12,39.15,stop_loss,2.6115052612467853,2.61,False,,5,-6.81,-6.25,42.15,73.42199326393346,2.092359477460053,1775.62,0
CME,momentum_breakout,breakout,3,2025-03-03,244.9222717285156,2025-04-03,257.13,bearish_divergence,1.0265643381117675,1.03,False,,31,12.54,4.99,257.13,72.28323119150703,1.53597794027819,1820.87,1
JPM,mean_reversion,oversold,2,2025-03-11,222.39083862304688,2025-04-04,219.36,trailing_stop,1.5833887204388837,1.58,False,,24,-4.8,-1.36,243.73,27.716095544087576,1.7110339669902381,1725.63,0
AMT,momentum_breakout,breakout,3,2025-04-04,208.6094970703125,2025-04-08,199.6,stop_loss,1.654411024037476,1.65,False,,4,-14.91,-4.32,208.61,71.70056990588061,2.8717632624105227,1742.64,0
UNH,momentum_breakout,breakout,3,2025-04-03,522.6334838867188,2025-04-17,521.75,trailing_stop,0.4834205568342391,0.48,False,,14,-0.43,-0.17,579.72,65.01440800997753,1.5237328966710002,1800.22,0
CL,momentum_breakout,breakout,3,2025-03-12,87.58628845214844,2025-04-22,92.92,bearish_divergence,1.1934963332427408,1.19,False,,41,6.36,6.08,92.92,52.47137215704879,1.7172133771756366,1847.76,1
LMT,momentum_breakout,breakout,3,2025-04-22,444.1192932128906,2025-04-30,459.18,bearish_divergence,0.7662166117073544,0.77,False,,8,11.54,3.39,459.18,50.28160795778957,1.6302485307654182,1960.75,1
PLTR,momentum_breakout,breakout,3,2025-02-20,106.2699966430664,2025-05-06,111.85,trailing_stop,3.085895784327482,3.09,False,,75,17.23,5.25,124.28,59.31747659551498,2.3833761080501406,1932.64,1
PLTR,momentum_breakout,breakout,3,2025-05-06,108.86000061035156,2025-05-14,130.18,bearish_divergence,3.5506812652250423,1.78,True,128.45,8,72.63,18.79,130.18,58.49445460434057,1.7376588812763056,2061.18,1
UBER,momentum_breakout,breakout,3,2025-05-06,85.83000183105469,2025-06-03,83.21,trailing_stop,1.0513578629459979,1.05,False,,28,-2.75,-3.05,92.46,68.53417053521079,1.5216158161613171,2088.07,0
BRK-B,momentum_breakout,breakout,3,2025-02-24,498.4200134277344,2025-06-17,486.45,stop_loss,0.7414381485753091,0.74,False,,113,-8.88,-2.4,539.8,67.07296512465622,2.679341085955764,2148.69,0
CRWD,momentum_breakout,breakout,3,2025-06-03,122.19000244140624,2025-07-23,115.67,trailing_stop,2.668532211326904,2.67,False,,50,-17.39,-5.33,128.52,68.14370842075331,2.0541653489796055,2271.2,0
MPC,momentum_breakout,breakout,3,2025-06-17,166.35972595214844,2025-08-06,160.69,stop_loss,2.076924305822011,2.08,False,,50,-11.78,-3.41,178.27,69.7753198207489,1.6696511804366205,2283.87,0
AMD,momentum_breakout,breakout,3,2025-05-14,117.72000122070312,2025-08-13,184.42,bearish_divergence,3.501831314307989,1.75,True,138.91,91,153.89,37.33,184.42,68.16714665619914,1.9925286807146887,2322.2,1
RBLX,momentum_breakout,breakout,3,2025-05-01,69.0,2025-08-15,124.01,trailing_stop,5.662422781238345,2.83,True,81.42,106,190.91,48.86,137.79,65.61486545793029,2.831249791580438,2290.42,1
WMT,momentum_breakout,breakout,3,2025-08-06,102.25818634033205,2025-08-21,99.16,stop_loss,3.8882085598697613,3.89,False,,15,-12.05,-3.03,102.82,67.85952309271309,1.647637850610809,2278.5,0
FSLR,momentum_breakout,breakout,3,2025-08-15,199.9499969482422,2025-08-21,197.4,trailing_stop,1.7956723354765893,1.8,False,,6,-4.58,-1.28,219.33,62.0103018213941,3.89092248584836,2278.5,0
TMO,momentum_breakout,breakout,3,2025-07-23,465.01470947265625,2025-08-22,498.17,bearish_divergence,0.9768290150890763,0.98,False,,30,32.39,7.13,498.17,67.69748036506925,2.8821793812303085,2325.1,1
ICE,mean_reversion,oversold,2,2025-04-08,149.30508422851562,2025-09-23,167.46,trailing_stop,2.3343329397869588,1.17,True,164.24,168,38.63,11.08,186.07,28.80512326082928,1.5655081249636846,2353.19,1
MA,momentum_breakout,breakout,3,2025-08-26,587.9462280273438,2025-09-26,563.74,stop_loss,0.7884219719147124,0.79,False,,31,-19.08,-4.12,594.92,63.169341759571985,1.7294231211548805,2333.67,0
SOFI,momentum_breakout,breakout,3,2025-08-26,25.6200008392334,2025-09-30,26.83,trailing_stop,11.367857674593333,11.37,False,,35,13.74,4.72,29.81,67.88373564502695,1.6697057373035076,2317.1,1
IWM,momentum_breakout,breakout,3,2025-08-22,232.41603088378903,2025-10-06,244.97,bearish_divergence,2.00081017084189,2.0,False,,45,25.11,5.4,244.97,64.30143540464893,1.6133272631394406,2330.02,1
HD,momentum_breakout,breakout,3,2025-08-13,393.7329406738281,2025-10-09,372.99,stop_loss,0.7957744858678202,0.8,False,,57,-16.51,-5.27,411.76,72.94106059359473,1.6762394073786846,2384.23,0
NEM,momentum_breakout,breakout,3,2025-09-23,83.88323974609375,2025-10-16,97.36,bearish_divergence,2.224487536786949,2.22,False,,23,29.97,16.06,97.36,80.19186454458163,1.5064770849268758,2434.88,1
PEP,momentum_breakout,breakout,3,2025-10-10,144.23562622070312,2025-10-29,141.49,stop_loss,2.154936901966998,2.15,False,,19,-5.92,-1.9,147.72,61.4445728310172,2.1898023396732245,2439.91,0
MSFT,momentum_breakout,breakout,3,2025-10-29,537.130615234375,2025-10-30,522.0,stop_loss,0.9084972476098491,0.91,False,,1,-13.75,-2.82,537.13,68.0748428806426,1.9430656887060218,2429.85,0
ABBV,momentum_breakout,breakout,3,2025-09-30,224.57308959960935,2025-10-31,215.48,stop_loss,1.3689816730709072,1.37,False,,31,-12.45,-4.05,237.03,74.36080951698186,1.6493544263801918,2411.19,0
SO,momentum_breakout,breakout,3,2025-09-29,90.90823364257812,2025-11-05,88.9,stop_loss,4.961504587565752,4.96,False,,37,-9.96,-2.21,96.53,59.284517950787894,1.6277754725117366,2393.5,0
AMD,momentum_breakout,breakout,3,2025-10-06,203.7100067138672,2025-11-06,237.9,trailing_stop,2.2875898355896003,1.14,True,240.38,31,81.05,17.39,264.33,76.42701467187625,4.604815320444665,2338.23,1
MSFT,momentum_breakout,breakout,3,2025-10-31,513.5844116210938,2025-11-06,495.8,stop_loss,0.7419289783068348,0.74,False,,6,-13.19,-3.46,513.58,52.857392397166436,1.660957386145094,2338.23,0
FTNT,momentum_breakout,breakout,3,2025-11-05,85.98999786376953,2025-11-06,83.47,stop_loss,5.180838419165122,5.18,False,,1,-13.06,-2.93,85.99,51.368351129299306,1.8614393550171917,2338.23,0
AAPL,momentum_breakout,breakout,3,2025-10-30,270.4011535644531,2025-11-11,274.5,bearish_divergence,1.797218357426464,1.8,False,,12,7.37,1.52,274.5,71.55461588367116,1.5198813437128587,2412.8,1
DDOG,momentum_breakout,breakout,3,2025-11-06,190.82000732421875,2025-11-17,183.71,stop_loss,2.450712802510181,2.45,False,,11,-17.42,-3.73,199.72,73.97859999677388,5.060040965357556,2372.55,0
FDX,momentum_breakout,breakout,3,2025-11-11,212.9630279541016,2025-11-26,219.41,bearish_divergence,2.2433738843938342,2.24,False,,15,14.47,3.03,219.41,69.32147329784931,2.16142025908332,2482.57,1
LLY,momentum_breakout,breakout,3,2025-11-06,931.5647583007812,2025-12-08,994.14,trailing_stop,0.5019994914551689,0.25,True,1099.25,32,57.8,12.36,1104.6,76.15994127299324,1.7691581377718046,2427.4,1
JNJ,momentum_breakout,breakout,3,2025-11-17,195.18145751953125,2025-12-15,210.78,bearish_divergence,2.358235764702022,2.36,False,,28,36.78,7.99,210.78,73.00244573694708,1.69364853056156,2558.44,1
MAR,momentum_breakout,breakout,3,2025-11-07,288.7555236816406,2025-12-26,313.71,bearish_divergence,0.5120856129474741,0.51,False,,49,12.78,8.64,313.71,65.86300720029249,1.5403839741732028,2541.88,1
LULU,momentum_breakout,breakout,3,2025-12-08,183.0399932861328,2026-01-06,215.88,bearish_divergence,2.652321095465569,2.65,False,,29,87.1,17.94,215.88,60.25098893189102,1.6247656767318162,2612.46,1
PLD,momentum_breakout,breakout,3,2025-10-16,118.41436767578124,2026-03-02,140.56,bearish_divergence,1.6657146840571815,0.83,True,139.73,137,36.2,18.35,140.56,69.19855009290004,1.7821251734133385,2938.17,1
BA,momentum_breakout,breakout,3,2026-01-02,227.7700042724609,2026-03-03,226.93,trailing_stop,0.7041680269902102,0.7,False,,60,-0.59,-0.37,252.15,66.50586746297674,1.5166146134255611,2898.55,0
DE,momentum_breakout,breakout,3,2025-11-26,465.67767333984375,2026-03-05,592.97,trailing_stop,1.066217418866304,0.53,True,549.5,99,112.54,22.67,658.85,51.5090196922531,3.5352207736847716,2864.98,1
RTX,momentum_breakout,breakout,3,2026-03-02,210.58038330078125,2026-03-05,203.83,stop_loss,2.790541205304342,2.79,False,,3,-18.84,-3.21,210.58,66.3560489835729,1.754844857732376,2864.98,0
CAT,momentum_breakout,breakout,3,2025-12-15,586.1779174804688,2026-03-06,694.89,trailing_stop,0.8295611430988319,0.41,True,691.69,81,88.85,18.27,772.1,61.19744504981665,1.5297412206399041,2870.07,1
WM,momentum_breakout,breakout,3,2026-03-05,244.05772399902344,2026-03-18,233.07,stop_loss,2.3477863260068337,2.35,False,,13,-25.8,-4.5,244.47,69.61881633701766,1.5505739012636846,2942.05,0
PSX,momentum_breakout,breakout,3,2026-03-09,160.9707794189453,2026-04-08,167.34,trailing_stop,1.7878601966917889,1.79,False,,30,11.39,3.96,185.94,69.05010280100203,1.6607396432524313,2913.25,1
MPC,momentum_breakout,breakout,3,2026-03-05,215.94232177734372,2026-04-09,225.24,trailing_stop,1.8507062437825708,1.85,False,,35,17.21,4.31,250.27,72.66017676752043,1.5808225445672066,2883.57,1
CVX,momentum_breakout,breakout,3,2026-01-06,152.28746032714844,2026-04-10,186.68,trailing_stop,3.4309649977344914,1.72,True,179.7,94,106.03,20.29,207.42,65.11055295666985,2.080963167329377,2873.61,1
XOM,momentum_breakout,breakout,3,2026-03-20,157.5732421875,2026-04-10,152.3,trailing_stop,3.3215063584517694,3.32,False,,21,-17.53,-3.35,169.22,68.16184603345982,2.333794464051814,2873.61,0
COP,momentum_breakout,breakout,3,2026-03-03,116.8662109375,2026-04-14,118.74,trailing_stop,4.960462027352958,4.96,False,,42,9.29,1.6,131.93,77.43839163205082,1.930850868536322,2863.67,1
NFLX,momentum_breakout,breakout,3,2026-04-16,107.79000091552734,2026-04-17,97.61,stop_loss,5.328208492514046,5.33,False,,1,-54.24,-9.44,107.79,73.32570342045886,1.6727568581799708,2816.07,0
MRNA,momentum_breakout,breakout,3,2026-04-17,53.720001220703125,2026-04-27,50.12,stop_loss,7.681047573628997,7.68,False,,10,-27.65,-6.7,55.6,59.87436029427427,2.15295089007675,2846.13,0
ORCL,momentum_breakout,breakout,3,2026-04-17,174.4530792236328,2026-04-28,168.16,trailing_stop,3.2284516738338938,3.23,False,,11,-20.3,-3.6,186.85,63.12715464023315,1.5787423117868415,2805.34,0
NFLX,momentum_breakout,breakout,3,2026-04-17,97.30999755859376,2026-05-11,86.17,stop_loss,5.787826017423171,5.79,False,,24,-64.48,-11.45,97.31,51.44742904871202,2.922162742898875,3029.46,0
SNPS,momentum_breakout,breakout,3,2026-04-24,500.8200073242188,2026-05-26,534.56,bearish_divergence,0.6326748824237463,0.63,False,,32,21.35,6.74,534.56,64.27348795772248,1.6792554195524967,3161.05,1
SBUX,momentum_breakout,breakout,3,2026-04-28,96.1607437133789,2026-06-02,95.59,trailing_stop,5.751926781806246,5.75,False,,35,-3.29,-0.59,106.21,54.02497524037756,1.6009787656574752,3269.62,0
AMD,momentum_breakout,breakout,3,2026-04-16,278.260009765625,2026-06-03,542.52,bearish_divergence,2.0639961838927507,1.03,True,328.35,48,324.41,56.48,542.52,73.63539236387496,1.8199482955840207,3214.21,1
SNOW,momentum_breakout,breakout,3,2026-05-28,239.1999969482422,2026-06-03,252.14,trailing_stop,2.3005029381820727,2.3,False,,6,29.78,5.41,280.16,77.20083192317254,4.009791914225019,3214.21,1
FSLR,momentum_breakout,breakout,3,2026-05-11,233.2700042724609,2026-06-05,286.43,trailing_stop,1.8978314835895431,0.95,True,275.26,25,90.28,20.39,318.25,67.91397022211792,1.5392478562973462,3165.38,1
CDNS,momentum_breakout,breakout,3,2026-04-27,336.5400085449219,2026-06-24,374.75,trailing_stop,1.1869601710797295,0.59,True,397.12,58,58.63,14.68,416.39,64.50883937690229,1.7275058983724345,3139.15,1
AMT,momentum_breakout,breakout,3,2026-06-03,180.5168609619141,2026-06-25,173.06,trailing_stop,3.5611170329524904,3.56,False,,22,-26.57,-4.13,192.28,56.50891243262274,1.7579993107366148,3151.74,0
PANW,momentum_breakout,breakout,3,2026-06-02,297.17999267578125,2026-07-06,357.53,bearish_divergence,2.2004306430772327,1.1,True,350.67,34,125.25,19.15,357.53,83.44294538246174,2.143359886807844,3499.54,1
MRNA,momentum_breakout,breakout,3,2026-06-24,60.41999816894531,2026-07-10,73.62,trailing_stop,3.78954117322853,1.89,True,71.3,16,45.63,19.93,81.8,64.75410301399587,1.5239652784875972,3406.04,1
CRWD,momentum_breakout,breakout,3,2026-06-04,179.7725067138672,2026-07-14,210.73,bearish_divergence,3.426300869865023,3.43,False,,40,106.07,17.22,210.73,68.67173356064882,1.9113249686033997,3516.26,1
NET,momentum_breakout,breakout,3,2026-07-07,268.8299865722656,2026-07-14,281.75,bearish_divergence,2.5921963813323257,2.59,False,,7,33.49,4.81,281.75,63.428921487208434,1.7717039174584162,3516.26,1
GS,momentum_breakout,breakout,3,2026-07-14,1134.4439697265625,2026-07-15,1146.46,bearish_divergence,0.6199087304476993,0.62,False,,1,7.45,1.06,1146.46,63.76866942363418,1.7262041578007123,3536.19,1
MS,momentum_breakout,breakout,3,2026-07-14,226.423583984375,2026-07-15,227.3,bearish_divergence,3.1059119755200566,3.11,False,,1,2.72,0.39,227.3,64.38143641172304,1.528794469779606,3536.19,1
MS,momentum_breakout,breakout,2,2026-07-15,227.2987823486328,2026-07-17,216.47,stop_loss,3.1114868216235307,3.11,False,,2,-33.69,-4.76,227.3,63.3443702475764,1.71451068137188,3535.5,0
MRK,momentum_breakout,breakout,3,2026-06-05,119.92757415771484,2026-07-28,131.82,bearish_divergence,2.498627556284584,2.5,False,,53,29.71,9.92,131.82,60.26463263624588,1.6480391139900945,3572.12,1
UPS,momentum_breakout,breakout,3,2026-07-20,111.37425231933594,2026-07-28,104.51,stop_loss,6.054124103933624,6.05,False,,8,-41.56,-6.16,114.51,64.54644592331191,1.6673806386070245,3572.12,0
ABBV,momentum_breakout,breakout,3,2026-06-25,241.4215850830078,2026-07-29,263.3,bearish_divergence,2.5396506225317865,2.54,False,,34,55.56,9.06,263.3,68.12690255787082,1.6373245186084948,3575.18,1
PINS,momentum_breakout,breakout,3,2026-07-28,24.36000061035156,2026-08-12,23.13,stop_loss,9.815619800897617,9.82,False,,15,-12.07,-5.05,25.58,62.78186541327866,1.6305216903212403,3633.85,0
BRK-B,momentum_breakout,breakout,3,2026-07-28,512.3699951171875,2026-08-17,501.08,stop_loss,1.394353659078383,1.39,False,,20,-15.74,-2.2,529.42,61.758678727445734,1.5359043997827269,3594.7,0
PYPL,momentum_breakout,breakout,3,2026-07-16,56.5902214050293,2026-08-20,62.15,bearish_divergence,12.51395116822111,12.51,False,,35,69.53,9.82,62.15,76.88959456862274,1.6636261070267162,3865.07,1
MRNA,momentum_breakout,breakout,3,2026-08-13,63.650001525878906,2026-08-20,156.94,trailing_stop,3.2195620147001747,1.61,True,75.11,7,168.63,82.29,174.38,56.818545285883545,1.507322141917011,3865.07,1
MRNA,momentum_breakout,breakout,3,2026-08-20,133.32000732421875,2026-08-27,142.95,trailing_stop,2.3300804509586825,1.17,True,157.32,7,39.18,12.61,158.83,84.96008577550577,5.004371914229505,4031.3,1
ABT,momentum_breakout,breakout,3,2026-07-16,98.83000183105467,2026-09-01,108.93,end_of_sim,3.103944526966965,1.55,True,116.62,0,43.28,14.11,116.67,60.76941932695117,2.2263138363164057,0.0,1
NOW,momentum_breakout,breakout,3,2026-07-29,115.76000213623048,2026-09-01,142.9,end_of_sim,5.769922251993899,2.88,True,136.6,0,138.42,20.72,147.99,57.68479706933751,1.6690613698747712,0.0,1
TGT,momentum_breakout,breakout,3,2026-08-17,151.00999450683594,2026-09-01,163.75,end_of_sim,4.740825666077648,4.74,False,,0,60.4,8.44,169.89,66.71863823683253,1.6954085454417065,0.0,1
MRK,momentum_breakout,breakout,3,2026-08-20,148.99000549316406,2026-09-01,149.86,end_of_sim,5.188358760962551,5.19,False,,0,4.51,0.58,156.45,77.91636617769758,1.6155490376313748,0.0,1
CRM,momentum_breakout,breakout,3,2026-08-27,252.0500030517578,2026-09-01,258.11,end_of_sim,3.1988113943910457,3.2,False,,0,19.38,2.4,258.11,72.96938595531097,3.948285935055879,0.0,1
