date,portfolio_value,cash,positions,queue_size
2021-09-07,1000.0,1000.0,0,0
2021-09-08,1000.0,1000.0,0,0
2021-09-09,1000.0,1000.0,0,0
2021-09-10,1000.0,1000.0,0,0
2021-09-13,1000.0,1000.0,0,0
2021-09-14,1000.0,1000.0,0,0
2021-09-15,1000.0,1000.0,0,0
2021-09-16,1000.0,1000.0,0,0
2021-09-17,1000.0,1000.0,0,0
2021-09-20,1000.0,1000.0,0,0
2021-09-21,1000.0,1000.0,0,0
2021-09-22,1000.0,1000.0,0,0
2021-09-23,1000.0,1000.0,0,0
2021-09-24,1000.0,1000.0,0,0
2021-09-27,1000.0,1000.0,0,0
2021-09-28,1000.0,1000.0,0,0
2021-09-29,1000.0,1000.0,0,0
2021-09-30,1000.0,1000.0,0,0
2021-10-01,1008.25,400.0,3,0
2021-10-04,1003.2,400.0,3,0
2021-10-05,1012.66,250.8,4,9
2021-10-06,1015.83,250.8,4,11
2021-10-07,1023.23,250.8,4,16
2021-10-08,1022.07,250.8,4,17
2021-10-11,1015.55,250.8,4,20
2021-10-12,1010.86,250.8,4,12
2021-10-13,1016.31,250.8,4,8
2021-10-14,1031.17,250.8,4,9
2021-10-15,1034.95,250.8,4,7
2021-10-18,1035.06,250.8,4,8
2021-10-19,1040.15,250.8,4,7
2021-10-20,1042.58,250.8,4,6
2021-10-21,1043.11,250.8,4,6
2021-10-22,1035.29,250.8,4,6
2021-10-25,1037.76,250.8,4,10
2021-10-26,1041.07,250.8,4,8
2021-10-27,1045.58,250.8,4,9
2021-10-28,1048.5,250.8,4,12
2021-10-29,1049.94,250.8,4,10
2021-11-01,1049.67,262.49,5,10
2021-11-02,1055.1,372.49,5,6
2021-11-03,1062.26,372.49,5,3
2021-11-04,1063.26,372.49,5,1
2021-11-05,1067.14,372.49,5,1
2021-11-08,1071.44,372.49,5,3
2021-11-09,1069.28,372.49,5,3
2021-11-10,1060.42,372.49,5,4
2021-11-11,1054.72,372.49,5,4
2021-11-12,1059.12,441.27,4,2
2021-11-15,1057.08,441.27,4,2
2021-11-16,1054.4,441.27,4,0
2021-11-17,1051.86,441.27,4,0
2021-11-18,1045.46,262.97,5,0
2021-11-19,1041.52,262.97,5,0
2021-11-22,1040.27,262.97,5,0
2021-11-23,1037.18,262.97,5,7
2021-11-24,1035.74,262.97,5,7
2021-11-26,1027.11,262.97,5,7
2021-11-29,1024.98,262.97,5,7
2021-11-30,1010.29,262.97,5,3
2021-12-01,995.29,254.02,5,6
2021-12-02,1002.26,254.02,5,8
2021-12-03,993.61,254.02,5,10
2021-12-06,1006.23,254.02,5,11
2021-12-07,1024.93,254.02,5,7
2021-12-08,1058.88,254.02,5,6
2021-12-09,1042.89,254.02,5,5
2021-12-10,1048.19,254.02,5,5
2021-12-13,1041.99,262.05,5,5
2021-12-14,1041.42,262.05,5,6
2021-12-15,1056.78,262.05,5,8
2021-12-16,1050.02,262.05,5,11
2021-12-17,1029.99,262.05,5,16
2021-12-20,1025.32,257.5,5,45
2021-12-21,1033.36,257.5,5,38
2021-12-22,1040.61,257.5,5,34
2021-12-23,1043.33,257.5,5,29
2021-12-27,1053.21,257.5,5,0
2021-12-28,1053.2,257.5,5,0
2021-12-29,1055.82,257.5,5,0
2021-12-30,1054.85,257.5,5,0
2021-12-31,1052.17,257.5,5,0
2022-01-03,1056.76,257.5,5,0
2022-01-04,1057.92,367.49,5,1
2022-01-05,1050.5,367.49,5,8
2022-01-06,1045.73,270.94,5,16
2022-01-07,1051.54,270.94,5,17
2022-01-10,1052.44,262.89,5,17
2022-01-11,1062.9,262.89,5,13
2022-01-12,1068.16,262.89,5,5
2022-01-13,1058.74,262.89,5,5
2022-01-14,1067.2,262.89,5,7
2022-01-18,1057.73,262.89,5,9
2022-01-19,1048.98,262.89,5,10
2022-01-20,1039.68,262.89,5,11
2022-01-21,1025.1,259.92,5,10
2022-01-24,1028.19,256.28,5,14
2022-01-25,1044.58,256.28,5,11
2022-01-26,1040.17,256.28,5,12
2022-01-27,1046.4,260.04,5,13
2022-01-28,1048.27,261.6,5,10
2022-01-31,1048.33,261.6,5,10
2022-02-01,1070.19,261.6,5,3
2022-02-02,1075.26,261.6,5,1
2022-02-03,1066.78,261.6,5,4
2022-02-04,1074.42,261.6,5,5
2022-02-07,1082.71,261.6,5,5
2022-02-08,1076.48,261.6,5,5
2022-02-09,1079.78,261.6,5,1
2022-02-10,1070.36,261.6,5,1
2022-02-11,1084.21,261.6,5,2
2022-02-14,1069.79,271.05,5,2
2022-02-15,1065.52,271.05,5,2
2022-02-16,1067.45,271.05,5,4
2022-02-17,1064.2,271.05,5,4
2022-02-18,1059.07,271.05,5,5
2022-02-22,1050.66,271.05,5,5
2022-02-23,1049.79,271.05,5,1
2022-02-24,1042.87,271.05,5,0
2022-02-25,1069.8,260.72,5,0
2022-02-28,1080.01,260.72,5,2
2022-03-01,1088.33,360.97,5,5
2022-03-02,1101.54,360.97,5,7
2022-03-03,1107.56,360.97,5,9
2022-03-04,1131.06,361.64,5,8
2022-03-07,1150.78,404.75,5,9
2022-03-08,1138.45,525.04,5,6
2022-03-09,1119.84,422.72,5,8
2022-03-10,1131.26,422.72,5,10
2022-03-11,1125.54,422.72,5,9
2022-03-14,1112.53,422.72,5,9
2022-03-15,1111.77,636.7,4,3
2022-03-16,1096.72,636.7,4,0
2022-03-17,1106.34,636.7,4,0
2022-03-18,1107.28,636.7,4,0
2022-03-21,1123.0,415.24,5,9
2022-03-22,1120.64,415.24,5,9
2022-03-23,1129.64,415.24,5,9
2022-03-24,1132.23,473.47,5,9
2022-03-25,1140.8,473.47,5,0
2022-03-28,1136.24,587.31,4,0
2022-03-29,1131.06,360.06,5,0
2022-03-30,1127.64,360.06,5,0
2022-03-31,1109.6,360.06,5,0
2022-04-01,1120.23,360.06,5,1
2022-04-04,1118.7,280.06,5,1
2022-04-05,1102.43,280.06,5,1
2022-04-06,1099.41,280.06,5,1
2022-04-07,1119.38,274.85,5,1
2022-04-08,1116.91,274.85,5,4
2022-04-11,1105.65,274.85,5,5
2022-04-12,1107.28,274.85,5,7
2022-04-13,1116.21,274.85,5,7
2022-04-14,1106.83,274.85,5,4
2022-04-18,1102.39,274.85,5,5
2022-04-19,1110.7,322.27,4,2
2022-04-20,1108.22,322.27,4,2
2022-04-21,1087.29,277.05,5,0
2022-04-22,1078.16,277.05,5,1
2022-04-25,1087.02,269.54,5,1
2022-04-26,1078.2,287.74,5,3
2022-04-27,1080.23,287.74,5,3
2022-04-28,1080.89,287.74,5,3
2022-04-29,1062.1,287.74,5,3
2022-05-02,1060.12,422.05,4,3
2022-05-03,1065.12,265.03,5,1
2022-05-04,1095.12,266.28,5,0
2022-05-05,1079.78,266.28,5,1
2022-05-06,1081.08,266.28,5,1
2022-05-09,1065.47,266.28,5,2
2022-05-10,1054.71,266.28,5,5
2022-05-11,1055.44,437.2,4,4
2022-05-12,1053.75,437.2,4,4
2022-05-13,1057.25,437.2,4,3
2022-05-16,1058.31,437.2,4,3
2022-05-17,1066.58,264.58,5,0
2022-05-18,1050.02,264.58,5,1
2022-05-19,1038.91,264.58,5,2
2022-05-20,1040.44,431.09,4,2
2022-05-23,1056.18,262.39,4,2
2022-05-24,1067.86,262.39,4,1
2022-05-25,1078.79,262.39,4,0
2022-05-26,1087.62,262.39,4,0
2022-05-27,1104.14,262.39,4,0
2022-05-31,1088.97,262.39,4,0
2022-06-01,1090.17,262.39,4,11
2022-06-02,1103.04,262.39,4,11
2022-06-03,1104.23,376.84,4,11
2022-06-06,1113.24,276.06,5,11
2022-06-07,1121.1,276.06,5,1
2022-06-08,1111.66,438.39,4,1
2022-06-09,1098.9,277.92,5,1
2022-06-10,1082.03,277.92,5,1
2022-06-13,1056.56,277.92,5,1
2022-06-14,1047.87,368.83,4,0
2022-06-15,1051.76,899.61,1,0
2022-06-16,1049.09,899.61,1,0
2022-06-17,1049.65,899.61,1,0
2022-06-21,1053.42,689.68,2,0
2022-06-22,1052.04,689.68,2,0
2022-06-23,1051.9,689.68,2,0
2022-06-24,1073.2,689.68,2,0
2022-06-27,1070.93,268.3,4,0
2022-06-28,1061.07,268.3,4,0
2022-06-29,1055.46,268.3,4,0
2022-06-30,1045.89,268.3,4,0
2022-07-01,1047.28,268.3,4,0
2022-07-05,1046.42,268.3,4,0
2022-07-06,1044.72,268.3,4,0
2022-07-07,1050.88,268.3,4,0
2022-07-08,1046.73,268.3,4,0
2022-07-11,1034.72,261.68,4,0
2022-07-12,1028.64,261.68,4,0
2022-07-13,1015.53,261.68,4,0
2022-07-14,1022.63,462.59,3,0
2022-07-15,1034.96,462.59,3,0
2022-07-18,1032.28,681.45,2,0
2022-07-19,1022.1,681.45,2,0
2022-07-20,1034.47,880.86,1,0
2022-07-21,1038.84,880.86,1,0
2022-07-22,1022.14,465.32,3,0
2022-07-25,1023.09,260.89,4,0
2022-07-26,1018.72,260.89,4,1
2022-07-27,1044.34,260.89,4,2
2022-07-28,1057.16,260.89,4,8
2022-07-29,1060.71,260.89,4,15
2022-08-01,1068.29,260.89,4,20
2022-08-02,1058.04,260.89,4,20
2022-08-03,1071.6,260.89,4,20
2022-08-04,1074.34,260.89,4,19
2022-08-05,1079.43,260.89,4,21
2022-08-08,1079.2,269.86,5,21
2022-08-09,1070.04,269.86,5,18
2022-08-10,1097.34,269.86,5,15
2022-08-11,1094.62,269.86,5,10
2022-08-12,1113.32,269.86,5,14
2022-08-15,1114.83,269.86,5,16
2022-08-16,1108.79,269.86,5,9
2022-08-17,1093.28,269.86,5,11
2022-08-18,1085.95,269.86,5,10
2022-08-19,1079.07,271.49,5,8
2022-08-22,1061.08,269.77,5,8
2022-08-23,1054.76,269.77,5,3
2022-08-24,1062.35,269.77,5,1
2022-08-25,1073.39,269.77,5,1
2022-08-26,1048.74,269.77,5,2
2022-08-29,1034.25,268.24,5,2
2022-08-30,1022.77,268.24,5,1
2022-08-31,1015.6,260.78,5,1
2022-09-01,1001.46,463.26,4,0
2022-09-02,1008.63,650.26,3,0
2022-09-06,1006.0,650.26,3,0
2022-09-07,1008.65,650.26,3,0
2022-09-08,1015.47,448.53,4,0
2022-09-09,1025.59,253.87,5,1
2022-09-12,1025.09,253.87,5,4
2022-09-13,1003.07,253.87,5,6
2022-09-14,1006.18,253.87,5,10
2022-09-15,1000.16,253.87,5,13
2022-09-16,994.0,250.04,5,13
2022-09-19,999.86,250.04,5,20
2022-09-20,993.68,250.04,5,15
2022-09-21,971.43,250.04,5,12
2022-09-22,962.72,250.04,5,9
2022-09-23,967.2,591.4,2,2
2022-09-26,960.27,591.4,2,2
2022-09-27,964.89,774.02,1,0
2022-09-28,972.23,581.05,2,0
2022-09-29,965.92,581.05,2,0
2022-09-30,958.89,241.48,4,0
2022-10-03,978.32,241.48,4,1
2022-10-04,987.66,241.48,4,1
2022-10-05,978.26,241.48,4,1
2022-10-06,975.08,241.48,4,3
2022-10-07,955.21,241.48,4,4
2022-10-10,958.51,241.48,4,5
2022-10-11,945.88,241.48,4,5
2022-10-12,949.76,421.36,3,3
2022-10-13,970.02,421.36,3,1
2022-10-14,964.19,628.02,2,0
2022-10-17,971.63,628.02,2,0
2022-10-18,971.64,433.7,3,0
2022-10-19,991.86,433.7,3,0
2022-10-20,974.2,433.7,3,0
2022-10-21,997.92,433.7,3,0
2022-10-24,1008.61,348.76,4,0
2022-10-25,1013.38,252.15,5,0
2022-10-26,1020.81,252.15,5,0
2022-10-27,1009.76,252.15,5,0
2022-10-28,1016.98,252.44,5,1
2022-10-31,1017.7,254.25,5,5
2022-11-01,1014.88,254.25,5,10
2022-11-02,999.36,254.25,5,14
2022-11-03,1003.02,254.25,5,17
2022-11-04,1012.98,254.25,5,20
2022-11-07,1024.17,253.24,5,21
2022-11-08,1034.91,253.24,5,12
2022-11-09,1024.39,253.24,5,8
2022-11-10,1044.56,253.24,5,2
2022-11-11,1059.33,253.24,5,5
2022-11-14,1059.97,364.56,5,8
2022-11-15,1058.64,364.56,5,10
2022-11-16,1055.52,364.56,5,13
2022-11-17,1052.74,364.56,5,11
2022-11-18,1059.94,364.56,5,9
2022-11-21,1064.07,364.56,5,10
2022-11-22,1072.83,364.56,5,4
2022-11-23,1073.49,364.56,5,2
2022-11-25,1074.5,364.56,5,2
2022-11-28,1065.51,364.56,5,1
2022-11-29,1069.85,364.56,5,2
2022-11-30,1082.37,364.56,5,2
2022-12-01,1081.29,364.56,5,31
2022-12-02,1085.22,364.56,5,34
2022-12-05,1076.59,364.56,5,34
2022-12-06,1070.89,364.56,5,34
2022-12-07,1071.9,364.56,5,5
2022-12-08,1076.08,364.56,5,2
2022-12-09,1068.56,364.56,5,3
2022-12-12,1080.19,364.56,5,5
2022-12-13,1081.67,364.56,5,3
2022-12-14,1079.1,364.56,5,8
2022-12-15,1065.36,364.56,5,10
2022-12-16,1060.43,364.56,5,9
2022-12-19,1058.83,364.56,5,15
2022-12-20,1059.62,364.56,5,10
2022-12-21,1070.47,364.56,5,7
2022-12-22,1065.3,364.56,5,6
2022-12-23,1069.95,364.56,5,0
2022-12-27,1071.92,364.56,5,0
2022-12-28,1065.62,364.56,5,0
2022-12-29,1072.71,364.56,5,0
2022-12-30,1069.59,364.56,5,0
2023-01-03,1072.97,364.56,5,1
2023-01-04,1083.7,364.56,5,1
2023-01-05,1078.82,364.56,5,3
2023-01-06,1096.81,364.56,5,4
2023-01-09,1085.94,364.56,5,10
2023-01-10,1087.96,364.56,5,16
2023-01-11,1089.44,419.2,5,16
2023-01-12,1085.39,419.2,5,17
2023-01-13,1087.62,419.2,5,12
2023-01-17,1081.59,327.93,5,14
2023-01-18,1063.68,327.93,5,7
2023-01-19,1055.04,327.93,5,11
2023-01-20,1080.65,323.11,5,13
2023-01-23,1091.27,323.11,5,20
2023-01-24,1092.9,323.11,5,23
2023-01-25,1088.98,273.22,5,18
2023-01-26,1089.97,273.22,5,17
2023-01-27,1087.08,273.22,5,11
2023-01-30,1076.55,271.77,5,15
2023-01-31,1083.42,271.77,5,10
2023-02-01,1092.61,271.77,5,12
2023-02-02,1101.55,271.77,5,16
2023-02-03,1096.57,271.77,5,30
2023-02-06,1088.06,271.77,5,37
2023-02-07,1094.4,271.77,5,33
2023-02-08,1089.59,271.77,5,33
2023-02-09,1078.36,271.77,5,23
2023-02-10,1078.49,269.59,5,20
2023-02-13,1102.9,269.59,5,20
2023-02-14,1115.63,269.59,5,12
2023-02-15,1128.96,269.59,5,7
2023-02-16,1105.36,386.75,5,7
2023-02-17,1096.9,386.75,5,13
2023-02-21,1064.55,278.59,5,14
2023-02-22,1073.41,374.57,4,7
2023-02-23,1060.41,268.35,5,1
2023-02-24,1051.79,489.64,4,0
2023-02-27,1052.57,489.64,4,0
2023-02-28,1059.92,489.64,4,0
2023-03-01,1055.1,489.64,4,0
2023-03-02,1063.0,278.62,5,0
2023-03-03,1086.11,278.62,5,1
2023-03-06,1084.18,278.62,5,1
2023-03-07,1077.2,278.62,5,3
2023-03-08,1080.41,278.62,5,5
2023-03-09,1061.46,278.62,5,6
2023-03-10,1056.19,265.37,5,7
2023-03-13,1050.91,264.05,5,7
2023-03-14,1065.67,264.05,5,4
2023-03-15,1055.8,264.05,5,2
2023-03-16,1079.02,264.05,5,3
2023-03-17,1065.08,264.05,5,11
2023-03-20,1074.94,266.27,5,24
2023-03-21,1091.82,266.27,5,23
2023-03-22,1081.02,376.3,4,21
2023-03-23,1096.72,270.26,5,13
2023-03-24,1096.12,270.26,5,2
2023-03-27,1090.99,270.26,5,4
2023-03-28,1080.99,270.26,5,4
2023-03-29,1092.31,270.26,5,4
2023-03-30,1094.09,270.26,5,3
2023-03-31,1110.24,270.26,5,2
2023-04-03,1110.85,282.76,5,3
2023-04-04,1112.4,282.76,5,3
2023-04-05,1096.48,282.76,5,3
2023-04-06,1095.82,282.76,5,3
2023-04-10,1100.41,282.76,5,3
2023-04-11,1090.86,282.76,5,2
2023-04-12,1091.44,282.76,5,2
2023-04-13,1108.65,282.76,5,1
2023-04-14,1108.21,292.05,5,2
2023-04-17,1110.05,292.05,5,4
2023-04-18,1110.43,390.13,4,3
2023-04-19,1100.82,277.61,5,6
2023-04-20,1097.96,275.2,5,5
2023-04-21,1109.5,275.2,5,4
2023-04-24,1108.84,275.2,5,7
2023-04-25,1098.27,275.2,5,6
2023-04-26,1093.54,275.2,5,10
2023-04-27,1098.12,275.2,5,11
2023-04-28,1109.06,275.2,5,12
2023-05-01,1112.12,275.2,5,18
2023-05-02,1077.62,275.2,5,12
2023-05-03,1084.01,269.41,5,11
2023-05-04,1079.14,271.0,5,7
2023-05-05,1084.81,271.0,5,3
2023-05-08,1092.04,271.0,5,5
2023-05-09,1087.92,271.0,5,6
2023-05-10,1093.95,271.0,5,5
2023-05-11,1092.98,271.0,5,8
2023-05-12,1097.02,271.0,5,8
2023-05-15,1096.13,271.0,5,11
2023-05-16,1093.04,271.0,5,12
2023-05-17,1093.44,271.0,5,9
2023-05-18,1098.01,271.0,5,13
2023-05-19,1104.66,271.0,5,18
2023-05-22,1099.57,271.0,5,22
2023-05-23,1075.37,271.0,5,18
2023-05-24,1074.83,271.0,5,14
2023-05-25,1075.17,271.0,5,10
2023-05-26,1077.57,271.0,5,16
2023-05-30,1074.26,271.0,5,23
2023-05-31,1076.95,271.0,5,26
2023-06-01,1079.7,271.0,5,32
2023-06-02,1084.11,271.0,5,28
2023-06-05,1091.13,271.0,5,33
2023-06-06,1093.48,283.8,5,26
2023-06-07,1085.14,283.8,5,14
2023-06-08,1097.52,283.8,5,18
2023-06-09,1096.16,283.8,5,15
2023-06-12,1100.75,283.8,5,18
2023-06-13,1098.17,283.8,5,18
2023-06-14,1101.76,283.8,5,16
2023-06-15,1113.18,283.8,5,17
2023-06-16,1107.38,283.8,5,21
2023-06-20,1109.51,283.8,5,54
2023-06-21,1107.17,283.8,5,42
2023-06-22,1113.7,283.8,5,36
2023-06-23,1111.14,283.8,5,4
2023-06-26,1100.32,277.79,5,10
2023-06-27,1113.95,277.79,5,11
2023-06-28,1112.45,277.79,5,11
2023-06-29,1119.48,277.79,5,10
2023-06-30,1134.57,277.79,5,3
2023-07-03,1129.92,277.79,5,4
2023-07-05,1130.92,307.04,5,1
2023-07-06,1126.71,307.04,5,3
2023-07-07,1116.98,307.04,5,2
2023-07-10,1117.75,307.04,5,2
2023-07-11,1104.08,307.04,5,3
2023-07-12,1101.55,291.74,5,7
2023-07-13,1156.92,291.74,5,9
2023-07-14,1158.57,422.03,5,12
2023-07-17,1159.56,422.03,5,15
2023-07-18,1160.61,289.89,5,11
2023-07-19,1170.77,289.89,5,18
2023-07-20,1168.36,292.82,5,22
2023-07-21,1164.85,292.82,5,23
2023-07-24,1165.85,292.82,5,37
2023-07-25,1168.69,291.46,5,27
2023-07-26,1160.0,291.46,5,28
2023-07-27,1159.34,290.0,5,30
2023-07-28,1168.6,290.0,5,21
2023-07-31,1160.24,290.0,5,23
2023-08-01,1156.96,290.0,5,20
2023-08-02,1142.98,289.24,5,17
2023-08-03,1142.77,285.74,5,16
2023-08-04,1138.79,285.74,5,15
2023-08-07,1152.91,285.74,5,18
2023-08-08,1186.33,285.74,5,12
2023-08-09,1179.22,413.66,5,8
2023-08-10,1176.87,413.66,5,8
2023-08-11,1181.11,413.66,5,6
2023-08-14,1186.74,413.66,5,6
2023-08-15,1178.63,413.66,5,2
2023-08-16,1174.38,413.66,5,3
2023-08-17,1174.08,413.66,5,3
2023-08-18,1170.71,413.66,5,4
2023-08-21,1169.72,413.66,5,6
2023-08-22,1166.54,413.66,5,5
2023-08-23,1173.43,413.66,5,5
2023-08-24,1166.24,413.66,5,6
2023-08-25,1170.65,413.66,5,6
2023-08-28,1172.78,413.66,5,7
2023-08-29,1182.49,413.66,5,5
2023-08-30,1183.19,413.66,5,3
2023-08-31,1181.34,413.66,5,1
2023-09-01,1182.96,413.66,5,6
2023-09-05,1179.91,413.66,5,8
2023-09-06,1176.52,335.53,5,8
2023-09-07,1184.6,335.53,5,3
2023-09-08,1194.86,335.53,5,1
2023-09-11,1202.01,335.53,5,2
2023-09-12,1201.01,335.53,5,5
2023-09-13,1196.56,335.53,5,8
2023-09-14,1198.73,335.53,5,8
2023-09-15,1188.18,335.53,5,13
2023-09-18,1189.62,335.53,5,33
2023-09-19,1188.67,578.17,4,26
2023-09-20,1181.03,578.17,4,26
2023-09-21,1163.79,578.17,4,20
2023-09-22,1165.79,565.57,4,0
2023-09-25,1168.5,565.57,4,0
2023-09-26,1162.85,565.57,4,0
2023-09-27,1161.95,565.57,4,0
2023-09-28,1166.96,333.18,5,0
2023-09-29,1158.72,333.18,5,0
2023-10-02,1166.3,580.0,3,0
2023-10-03,1160.22,580.0,3,0
2023-10-04,1161.92,580.0,3,0
2023-10-05,1165.34,925.58,1,0
2023-10-06,1169.33,925.58,1,0
2023-10-09,1176.91,691.71,2,0
2023-10-10,1178.54,691.71,2,0
2023-10-11,1188.69,294.63,4,1
2023-10-12,1188.58,294.63,4,4
2023-10-13,1188.17,294.63,4,6
2023-10-16,1191.97,294.63,4,7
2023-10-17,1189.77,294.63,4,7
2023-10-18,1185.08,294.63,4,7
2023-10-19,1176.11,294.63,4,5
2023-10-20,1155.11,294.63,4,4
2023-10-23,1155.01,675.73,2,4
2023-10-24,1161.55,675.73,2,0
2023-10-25,1154.12,675.73,2,0
2023-10-26,1139.66,444.91,3,0
2023-10-27,1140.8,444.91,3,0
2023-10-30,1150.73,444.91,3,0
2023-10-31,1156.71,444.91,3,0
2023-11-01,1162.36,444.91,3,0
2023-11-02,1172.49,290.59,4,0
2023-11-03,1180.89,290.59,4,0
2023-11-06,1182.91,290.59,4,1
2023-11-07,1194.88,290.59,4,3
2023-11-08,1195.93,290.59,4,6
2023-11-09,1192.71,290.59,4,11
2023-11-10,1203.66,290.59,4,13
2023-11-13,1210.94,290.59,4,15
2023-11-14,1225.95,302.73,4,11
2023-11-15,1211.37,302.73,4,6
2023-11-16,1215.52,302.73,4,8
2023-11-17,1217.1,302.73,4,7
2023-11-20,1225.93,302.73,4,8
2023-11-21,1222.64,302.73,4,7
2023-11-22,1228.68,440.71,4,2
2023-11-24,1229.38,307.17,5,1
2023-11-27,1227.52,307.17,5,0
2023-11-28,1229.64,307.17,5,2
2023-11-29,1244.13,307.17,5,3
2023-11-30,1242.08,307.17,5,6
2023-12-01,1236.32,310.52,5,23
2023-12-04,1229.57,310.52,5,32
2023-12-05,1235.09,310.52,5,38
2023-12-06,1226.99,310.52,5,36
2023-12-07,1232.7,310.52,5,22
2023-12-08,1243.83,310.52,5,16
2023-12-11,1238.93,310.52,5,19
2023-12-12,1225.77,310.52,5,13
2023-12-13,1246.02,306.44,5,11
2023-12-14,1231.88,306.44,5,22
2023-12-15,1242.14,306.44,5,51
2023-12-18,1244.46,310.54,5,107
2023-12-19,1245.15,310.54,5,106
2023-12-20,1228.85,310.54,5,97
2023-12-21,1240.2,310.54,5,68
2023-12-22,1237.81,310.54,5,14
2023-12-26,1244.16,310.54,5,15
2023-12-27,1246.82,310.54,5,3
2023-12-28,1250.59,310.54,5,3
2023-12-29,1247.91,310.54,5,3
2024-01-02,1215.25,316.26,5,3
2024-01-03,1224.04,303.81,5,3
2024-01-04,1255.55,303.81,5,2
2024-01-05,1240.0,303.81,5,4
2024-01-08,1283.37,303.81,5,4
2024-01-09,1294.76,303.81,5,2
2024-01-10,1302.56,303.81,5,2
2024-01-11,1273.06,303.81,5,1
2024-01-12,1287.89,555.02,4,1
2024-01-16,1308.89,555.02,4,1
2024-01-17,1299.1,327.22,5,0
2024-01-18,1312.46,327.22,5,2
2024-01-19,1341.76,416.79,5,5
2024-01-22,1346.57,495.58,5,16
2024-01-23,1348.87,495.58,5,21
2024-01-24,1356.25,495.58,5,23
2024-01-25,1350.31,495.58,5,29
2024-01-26,1343.14,495.58,5,23
2024-01-29,1359.21,495.58,5,28
2024-01-30,1358.09,495.58,5,22
2024-01-31,1338.82,495.58,5,17
2024-02-01,1352.4,495.58,5,25
2024-02-02,1365.23,495.58,5,25
2024-02-05,1364.84,495.58,5,32
2024-02-06,1356.78,495.58,5,30
2024-02-07,1378.08,495.58,5,23
2024-02-08,1387.49,495.58,5,28
2024-02-09,1402.31,495.58,5,31
2024-02-12,1390.83,495.58,5,37
2024-02-13,1379.52,495.58,5,32
2024-02-14,1401.02,495.58,5,28
2024-02-15,1405.06,436.78,5,24
2024-02-16,1422.9,436.78,5,21
2024-02-20,1402.96,436.78,5,22
2024-02-21,1380.87,436.78,5,6
2024-02-22,1435.75,436.78,5,4
2024-02-23,1426.99,436.78,5,4
2024-02-26,1478.09,436.78,5,5
2024-02-27,1477.16,602.1,5,5
2024-02-28,1477.13,555.42,5,6
2024-02-29,1492.83,555.42,5,9
2024-03-01,1515.14,555.42,5,18
2024-03-04,1535.19,555.42,5,20
2024-03-05,1518.74,555.42,5,19
2024-03-06,1546.17,555.42,5,18
2024-03-07,1562.02,555.42,5,10
2024-03-08,1554.54,390.5,5,11
2024-03-11,1547.98,390.5,5,14
2024-03-12,1570.46,390.5,5,11
2024-03-13,1561.57,390.5,5,11
2024-03-14,1547.55,390.5,5,9
2024-03-15,1543.73,390.5,5,9
2024-03-18,1545.03,390.5,5,25
2024-03-19,1546.19,390.5,5,21
2024-03-20,1560.69,587.11,4,20
2024-03-21,1578.44,546.67,4,17
2024-03-22,1576.05,394.61,5,3
2024-03-25,1572.78,394.01,5,4
2024-03-26,1569.92,524.24,4,3
2024-03-27,1549.49,392.48,5,3
2024-03-28,1555.01,387.37,5,1
2024-04-01,1546.56,387.37,5,1
2024-04-02,1534.27,387.37,5,1
2024-04-03,1543.23,387.37,5,3
2024-04-04,1514.03,387.37,5,6
2024-04-05,1528.82,378.51,5,9
2024-04-08,1535.96,378.51,5,10
2024-04-09,1531.81,378.51,5,8
2024-04-10,1525.97,378.51,5,4
2024-04-11,1548.33,378.51,5,1
2024-04-12,1497.09,378.51,5,1
2024-04-15,1501.18,655.8,4,1
2024-04-16,1497.09,655.8,4,1
2024-04-17,1497.62,776.99,3,1
2024-04-18,1492.57,477.46,4,0
2024-04-19,1492.08,477.46,4,0
2024-04-22,1482.27,477.46,4,0
2024-04-23,1491.56,370.57,5,0
2024-04-24,1495.65,370.57,5,2
2024-04-25,1552.59,370.57,5,3
2024-04-26,1569.65,396.43,5,7
2024-04-29,1578.67,396.43,5,10
2024-04-30,1560.57,394.67,5,9
2024-05-01,1559.48,394.67,5,12
2024-05-02,1565.76,394.67,5,11
2024-05-03,1584.13,394.67,5,12
2024-05-06,1593.59,394.67,5,13
2024-05-07,1604.24,394.67,5,10
2024-05-08,1602.55,401.38,5,8
2024-05-09,1613.03,401.38,5,6
2024-05-10,1612.04,401.38,5,6
2024-05-13,1609.01,428.22,5,7
2024-05-14,1611.5,428.22,5,5
2024-05-15,1634.71,428.22,5,5
2024-05-16,1628.31,428.22,5,5
2024-05-17,1634.18,428.22,5,7
2024-05-20,1632.53,428.22,5,10
2024-05-21,1632.93,428.22,5,9
2024-05-22,1627.95,428.22,5,12
2024-05-23,1603.46,428.22,5,12
2024-05-24,1608.43,428.22,5,14
2024-05-28,1599.37,428.22,5,15
2024-05-29,1600.22,408.39,5,6
2024-05-30,1586.25,408.39,5,1
2024-05-31,1588.76,408.39,5,1
2024-06-03,1604.16,408.39,5,12
2024-06-04,1606.98,408.39,5,13
2024-06-05,1624.37,1049.25,3,13
2024-06-06,1620.24,406.09,5,12
2024-06-07,1618.03,406.09,5,2
2024-06-10,1626.25,515.76,4,2
2024-06-11,1627.71,406.56,5,1
2024-06-12,1658.15,406.56,5,3
2024-06-13,1670.95,414.54,5,4
2024-06-14,1680.23,414.54,5,6
2024-06-17,1690.47,414.54,5,7
2024-06-18,1711.07,414.54,5,7
2024-06-20,1686.27,603.26,5,6
2024-06-21,1673.69,603.26,5,7
2024-06-24,1647.24,603.26,5,25
2024-06-25,1673.64,774.62,4,22
2024-06-26,1671.59,439.89,5,22
2024-06-27,1673.29,439.89,5,20
2024-06-28,1668.46,439.89,5,5
2024-07-01,1663.02,439.89,5,17
2024-07-02,1670.12,439.89,5,19
2024-07-03,1675.04,439.89,5,18
2024-07-05,1689.42,439.89,5,16
2024-07-08,1698.55,439.89,5,6
2024-07-09,1694.79,439.89,5,7
2024-07-10,1704.98,439.89,5,9
2024-07-11,1697.39,450.78,5,9
2024-07-12,1700.23,450.78,5,14
2024-07-15,1692.65,450.78,5,17
2024-07-16,1687.32,450.78,5,17
2024-07-17,1643.95,450.78,5,22
2024-07-18,1644.61,447.91,5,22
2024-07-19,1676.57,411.15,5,24
2024-07-22,1675.7,411.15,5,30
2024-07-23,1667.1,411.15,5,20
2024-07-24,1665.27,416.77,5,14
2024-07-25,1655.25,416.77,5,11
2024-07-26,1669.64,416.77,5,11
2024-07-29,1671.23,416.77,5,14
2024-07-30,1671.34,416.77,5,13
2024-07-31,1687.54,416.77,5,14
2024-08-01,1688.92,416.77,5,15
2024-08-02,1691.99,416.77,5,19
2024-08-05,1670.76,423.0,5,25
2024-08-06,1676.82,417.69,5,25
2024-08-07,1680.27,417.69,5,19
2024-08-08,1699.1,417.69,5,13
2024-08-09,1698.76,417.69,5,8
2024-08-12,1702.14,417.69,5,9
2024-08-13,1708.16,417.69,5,3
2024-08-14,1713.48,417.69,5,3
2024-08-15,1722.88,417.69,5,3
2024-08-16,1723.5,417.69,5,3
2024-08-19,1726.03,417.69,5,4
2024-08-20,1726.69,417.69,5,4
2024-08-21,1731.94,417.69,5,6
2024-08-22,1736.59,417.69,5,7
2024-08-23,1737.43,417.69,5,6
2024-08-26,1737.85,417.69,5,7
2024-08-27,1745.49,417.69,5,3
2024-08-28,1749.17,417.69,5,1
2024-08-29,1755.51,417.69,5,2
2024-08-30,1766.62,417.69,5,3
2024-09-03,1763.16,609.37,5,7
2024-09-04,1766.26,609.37,5,13
2024-09-05,1751.23,609.37,5,13
2024-09-06,1741.1,609.37,5,12
2024-09-09,1757.92,609.37,5,16
2024-09-10,1800.56,623.16,5,10
2024-09-11,1804.7,623.16,5,10
2024-09-12,1818.24,623.16,5,10
2024-09-13,1821.19,623.16,5,10
2024-09-16,1849.52,623.16,5,11
2024-09-17,1833.28,830.6,5,9
2024-09-18,1824.86,830.6,5,7
2024-09-19,1830.41,830.6,5,7
2024-09-20,1832.78,830.6,5,16
2024-09-23,1834.84,830.6,5,46
2024-09-24,1833.29,830.6,5,44
2024-09-25,1830.7,830.6,5,44
2024-09-26,1837.74,830.6,5,35
2024-09-27,1836.45,1190.68,4,5
2024-09-30,1849.85,823.39,5,5
2024-10-01,1851.3,823.39,5,1
2024-10-02,1857.08,823.39,5,3
2024-10-03,1855.11,823.39,5,4
2024-10-04,1862.89,823.39,5,4
2024-10-07,1851.21,823.39,5,4
2024-10-08,1853.87,823.39,5,3
2024-10-09,1866.27,823.39,5,3
2024-10-10,1859.97,674.19,5,5
2024-10-11,1864.33,674.19,5,10
2024-10-14,1873.12,674.19,5,14
2024-10-15,1871.53,674.19,5,12
2024-10-16,1878.74,674.19,5,20
2024-10-17,1876.24,674.19,5,17
2024-10-18,1900.74,674.19,5,15
2024-10-21,1887.46,674.19,5,20
2024-10-22,1893.56,674.19,5,11
2024-10-23,1889.63,674.19,5,11
2024-10-24,1865.71,674.19,5,10
2024-10-25,1870.32,668.61,5,9
2024-10-28,1866.25,680.16,5,11
2024-10-29,1860.11,680.16,5,10
2024-10-30,1858.57,680.16,5,15
2024-10-31,1865.06,680.16,5,18
2024-11-01,1855.22,466.27,5,20
2024-11-04,1849.99,466.27,5,24
2024-11-05,1869.65,466.27,5,16
2024-11-06,1929.08,466.27,5,13
2024-11-07,1947.23,466.27,5,32
2024-11-08,1976.04,466.27,5,39
2024-11-11,2038.22,686.96,5,46
2024-11-12,2020.01,903.68,5,51
2024-11-13,2014.05,903.68,5,36
2024-11-14,1994.2,903.68,5,32
2024-11-15,1982.49,723.7,5,27
2024-11-18,1995.88,723.7,5,34
2024-11-19,2002.0,723.7,5,21
2024-11-20,1999.21,723.7,5,16
2024-11-21,1991.39,723.7,5,18
2024-11-22,1989.19,723.7,5,19
2024-11-25,1984.24,642.83,5,23
2024-11-26,1996.59,642.83,5,36
2024-11-27,2002.06,642.83,5,33
2024-11-29,2006.45,642.83,5,26
2024-12-02,2003.04,642.83,5,22
2024-12-03,1998.67,642.83,5,1
2024-12-04,2005.34,642.83,5,1
2024-12-05,2010.67,642.83,5,6
2024-12-06,2013.62,642.83,5,11
2024-12-09,1999.98,503.41,5,12
2024-12-10,2002.89,503.41,5,13
2024-12-11,1993.58,503.41,5,11
2024-12-12,1978.4,503.41,5,9
2024-12-13,1974.77,915.48,4,8
2024-12-16,1979.39,915.48,4,8
2024-12-17,1986.28,915.48,4,3
2024-12-18,1936.34,747.25,4,0
2024-12-19,1928.26,484.08,5,0
2024-12-20,1916.89,484.08,5,1
2024-12-23,1921.02,484.08,5,4
2024-12-24,1965.61,484.08,5,4
2024-12-26,1960.75,484.08,5,4
2024-12-27,1930.86,484.08,5,0
2024-12-30,1901.72,484.08,5,0
2024-12-31,1887.16,484.08,5,1
2025-01-02,1866.42,484.08,5,1
2025-01-03,1899.42,817.51,4,1
2025-01-06,1908.49,817.51,4,1
2025-01-07,1888.03,477.12,5,0
2025-01-08,1896.58,477.12,5,0
2025-01-10,1892.13,477.12,5,1
2025-01-13,1875.21,477.12,5,3
2025-01-14,1879.26,477.12,5,3
2025-01-15,1907.7,477.12,5,2
2025-01-16,1914.76,477.12,5,6
2025-01-17,1930.21,477.12,5,7
2025-01-21,1948.47,477.12,5,17
2025-01-22,1979.01,477.12,5,25
2025-01-23,1987.0,477.12,5,27
2025-01-24,1982.17,477.12,5,23
2025-01-27,1902.66,477.12,5,26
2025-01-28,1950.73,475.67,5,28
2025-01-29,1950.13,475.67,5,36
2025-01-30,1956.11,475.67,5,35
2025-01-31,1953.96,475.67,5,39
2025-02-03,1963.83,475.67,5,45
2025-02-04,1976.48,475.67,5,22
2025-02-05,1983.3,475.67,5,22
2025-02-06,1980.84,475.67,5,18
2025-02-07,1951.88,475.67,5,18
2025-02-10,1968.69,475.67,5,22
2025-02-11,1965.45,475.67,5,19
2025-02-12,1965.16,475.67,5,21
2025-02-13,1977.47,475.67,5,20
2025-02-14,1965.74,475.67,5,20
2025-02-18,1974.4,491.43,5,22
2025-02-19,1975.51,491.43,5,8
2025-02-20,1932.41,491.43,5,5
2025-02-21,1889.62,483.1,5,3
2025-02-24,1847.74,483.1,5,5
2025-02-25,1831.6,530.37,5,3
2025-02-26,1836.75,530.37,5,3
2025-02-27,1813.03,530.37,5,3
2025-02-28,1832.36,530.37,5,1
2025-03-03,1810.62,530.37,5,6
2025-03-04,1797.52,452.65,5,6
2025-03-05,1826.82,452.65,5,13
2025-03-06,1777.55,452.65,5,14
2025-03-07,1798.08,918.19,3,9
2025-03-10,1776.94,449.52,5,11
2025-03-11,1760.66,449.52,5,12
2025-03-12,1775.62,446.2,5,12
2025-03-13,1769.31,443.9,5,12
2025-03-14,1806.6,443.9,5,10
2025-03-17,1824.4,443.9,5,10
2025-03-18,1816.87,443.9,5,1
2025-03-19,1831.73,443.9,5,1
2025-03-20,1838.99,443.9,5,1
2025-03-21,1845.86,443.9,5,1
2025-03-24,1876.82,443.9,5,12
2025-03-25,1880.63,443.9,5,11
2025-03-26,1874.13,443.9,5,11
2025-03-27,1864.35,443.9,5,11
2025-03-28,1837.02,443.9,5,0
2025-03-31,1844.99,443.9,5,0
2025-04-01,1840.86,443.9,5,0
2025-04-02,1856.13,443.9,5,0
2025-04-03,1820.87,443.9,5,0
2025-04-04,1725.63,455.22,5,6
2025-04-07,1743.66,457.42,5,8
2025-04-08,1742.64,457.42,5,10
2025-04-09,1844.4,439.12,5,11
2025-04-10,1835.21,439.12,5,7
2025-04-11,1847.8,439.12,5,7
2025-04-14,1868.61,439.12,5,8
2025-04-15,1883.37,439.12,5,5
2025-04-16,1853.44,439.12,5,3
2025-04-17,1800.22,439.12,5,1
2025-04-21,1813.36,691.34,4,0
2025-04-22,1847.76,691.34,4,0
2025-04-23,1875.1,461.94,4,0
2025-04-24,1907.13,461.94,4,1
2025-04-25,1930.61,461.94,4,2
2025-04-28,1935.94,461.94,4,3
2025-04-29,1949.3,461.94,4,3
2025-04-30,1960.75,461.94,4,2
2025-05-01,1953.54,1005.47,3,1
2025-05-02,2017.39,614.76,4,0
2025-05-05,1983.07,614.76,4,0
2025-05-06,1932.64,614.76,4,0
2025-05-07,1949.37,483.16,5,0
2025-05-08,1972.77,483.16,5,1
2025-05-09,1979.6,483.16,5,2
2025-05-12,1993.19,483.16,5,3
2025-05-13,2048.73,483.16,5,4
2025-05-14,2061.18,483.16,5,7
2025-05-15,2062.02,530.08,5,9
2025-05-16,2080.98,530.08,5,10
2025-05-19,2071.99,530.08,5,15
2025-05-20,2066.65,530.08,5,11
2025-05-21,2052.76,760.6,5,9
2025-05-22,2045.78,760.6,5,13
2025-05-23,2047.74,760.6,5,11
2025-05-27,2079.92,760.6,5,13
2025-05-28,2065.62,760.6,5,8
2025-05-29,2065.59,760.6,5,7
2025-05-30,2063.4,760.6,5,7
2025-06-02,2084.67,760.6,5,19
2025-06-03,2088.07,760.6,5,16
2025-06-04,2072.29,522.02,5,14
2025-06-05,2070.28,522.02,5,12
2025-06-06,2083.9,522.02,5,2
2025-06-09,2090.62,522.02,5,4
2025-06-10,2096.8,522.02,5,5
2025-06-11,2102.65,522.02,5,5
2025-06-12,2097.02,522.02,5,5
2025-06-13,2091.66,522.02,5,4
2025-06-16,2139.48,522.02,5,8
2025-06-17,2148.69,522.02,5,9
2025-06-18,2142.73,537.17,5,8
2025-06-20,2142.24,537.17,5,11
2025-06-23,2157.64,537.17,5,22
2025-06-24,2186.6,537.17,5,21
2025-06-25,2204.77,537.17,5,22
2025-06-26,2214.97,780.39,5,23
2025-06-27,2213.81,780.39,5,13
2025-06-30,2215.36,780.39,5,31
2025-07-01,2186.78,780.39,5,30
2025-07-02,2207.67,780.39,5,36
2025-07-03,2226.79,780.39,5,36
2025-07-07,2228.17,780.39,5,20
2025-07-08,2231.62,780.39,5,11
2025-07-09,2241.46,780.39,5,11
2025-07-10,2234.93,780.39,5,11
2025-07-11,2228.59,780.39,5,11
2025-07-14,2237.06,780.39,5,11
2025-07-15,2251.02,780.39,5,5
2025-07-16,2270.03,780.39,5,5
2025-07-17,2284.08,780.39,5,10
2025-07-18,2287.46,780.39,5,17
2025-07-21,2292.69,780.39,5,22
2025-07-22,2270.36,780.39,5,18
2025-07-23,2271.2,780.39,5,14
2025-07-24,2275.03,634.83,5,9
2025-07-25,2289.35,634.83,5,5
2025-07-28,2319.12,634.83,5,7
2025-07-29,2319.06,634.83,5,7
2025-07-30,2328.39,634.83,5,7
2025-07-31,2347.57,634.83,5,9
2025-08-01,2289.13,634.83,5,18
2025-08-04,2326.88,634.83,5,25
2025-08-05,2312.99,634.83,5,22
2025-08-06,2283.87,634.83,5,24
2025-08-07,2295.78,570.97,5,15
2025-08-08,2300.11,570.97,5,12
2025-08-11,2306.87,570.97,5,14
2025-08-12,2317.87,570.97,5,8
2025-08-13,2322.2,570.97,5,6
2025-08-14,2313.84,580.55,5,2
2025-08-15,2290.42,580.55,5,1
2025-08-18,2338.02,572.61,5,2
2025-08-19,2345.73,572.61,5,2
2025-08-20,2338.45,572.61,5,3
2025-08-21,2278.5,572.61,5,3
2025-08-22,2325.1,1312.62,3,2
2025-08-25,2315.45,1334.23,3,2
2025-08-26,2317.75,1334.23,3,1
2025-08-27,2311.67,579.44,5,1
2025-08-28,2323.57,579.44,5,1
2025-08-29,2318.43,579.44,5,3
2025-09-02,2303.98,579.44,5,4
2025-09-03,2300.97,579.44,5,5
2025-09-04,2322.88,579.44,5,5
2025-09-05,2324.1,579.44,5,6
2025-09-08,2331.34,579.44,5,9
2025-09-09,2322.58,579.44,5,8
2025-09-10,2309.97,579.44,5,10
2025-09-11,2343.37,579.44,5,14
2025-09-12,2335.59,579.44,5,17
2025-09-15,2350.33,579.44,5,21
2025-09-16,2348.04,579.44,5,19
2025-09-17,2353.17,579.44,5,15
2025-09-18,2365.24,579.44,5,13
2025-09-19,2373.02,579.44,5,11
2025-09-22,2377.04,579.44,5,37
2025-09-23,2353.19,579.44,5,33
2025-09-24,2338.13,588.3,5,29
2025-09-25,2327.36,588.3,5,27
2025-09-26,2333.67,588.3,5,3
2025-09-29,2326.89,1032.76,4,3
2025-09-30,2317.1,581.72,5,3
2025-10-01,2337.28,579.27,5,3
2025-10-02,2325.07,579.27,5,8
2025-10-03,2329.25,579.27,5,9
2025-10-06,2330.02,579.27,5,12
2025-10-07,2350.45,603.4,5,13
2025-10-08,2403.06,603.4,5,6
2025-10-09,2384.23,603.4,5,7
2025-10-10,2357.58,900.21,4,4
2025-10-13,2366.71,589.4,5,5
2025-10-14,2384.66,589.4,5,4
2025-10-15,2435.99,589.4,5,5
2025-10-16,2434.88,589.4,5,8
2025-10-17,2438.97,608.72,5,8
2025-10-20,2463.79,608.72,5,10
2025-10-21,2453.59,883.67,5,6
2025-10-22,2442.97,883.67,5,8
2025-10-23,2438.01,883.67,5,9
2025-10-24,2458.03,883.67,5,8
2025-10-27,2466.8,883.67,5,9
2025-10-28,2449.67,883.67,5,7
2025-10-29,2439.91,883.67,5,11
2025-10-30,2429.85,700.59,5,16
2025-10-31,2411.19,688.85,5,21
2025-11-03,2411.62,602.8,5,28
2025-11-04,2398.05,602.8,5,27
2025-11-05,2393.5,602.8,5,24
2025-11-06,2338.23,598.37,5,19
2025-11-07,2350.46,735.48,4,12
2025-11-10,2393.03,587.62,5,12
2025-11-11,2412.8,587.62,5,2
2025-11-12,2409.54,603.2,5,1
2025-11-13,2394.12,603.2,5,3
2025-11-14,2391.34,603.2,5,6
2025-11-17,2372.55,603.2,5,8
2025-11-18,2383.66,593.14,5,8
2025-11-19,2396.69,593.14,5,10
2025-11-20,2396.36,593.14,5,9
2025-11-21,2428.97,593.14,5,11
2025-11-24,2436.05,593.14,5,17
2025-11-25,2478.22,593.14,5,21
2025-11-26,2482.57,869.05,5,21
2025-11-28,2468.86,864.76,5,17
2025-12-01,2464.59,864.76,5,11
2025-12-02,2463.55,864.76,5,0
2025-12-03,2475.03,864.76,5,1
2025-12-04,2457.87,864.76,5,4
2025-12-05,2445.12,864.76,5,4
2025-12-08,2427.4,864.76,5,4
2025-12-09,2417.43,628.81,5,4
2025-12-10,2458.51,628.81,5,1
2025-12-11,2478.61,628.81,5,2
2025-12-12,2539.78,628.81,5,3
2025-12-15,2558.44,628.81,5,5
2025-12-16,2551.61,639.61,5,4
2025-12-17,2530.46,639.61,5,5
2025-12-18,2544.3,639.61,5,5
2025-12-19,2534.11,639.61,5,5
2025-12-22,2547.48,639.61,5,27
2025-12-23,2546.06,639.61,5,27
2025-12-24,2545.23,639.61,5,27
2025-12-26,2541.88,639.61,5,25
2025-12-29,2548.74,800.26,4,3
2025-12-30,2543.32,800.26,4,0
2025-12-31,2526.88,800.26,4,0
2026-01-02,2559.48,800.26,4,0
2026-01-05,2578.85,639.87,5,1
2026-01-06,2612.46,639.87,5,13
2026-01-07,2572.52,689.96,5,23
2026-01-08,2624.68,689.96,5,27
2026-01-09,2635.26,689.96,5,32
2026-01-12,2652.02,689.96,5,35
2026-01-13,2677.26,689.96,5,17
2026-01-14,2705.57,689.96,5,14
2026-01-15,2716.53,689.96,5,15
2026-01-16,2716.66,689.96,5,17
2026-01-20,2690.85,689.96,5,26
2026-01-21,2732.54,689.96,5,20
2026-01-22,2720.86,689.96,5,25
2026-01-23,2695.93,689.96,5,22
2026-01-26,2704.66,689.96,5,27
2026-01-27,2716.11,689.96,5,24
2026-01-28,2724.16,689.96,5,19
2026-01-29,2751.95,689.96,5,16
2026-01-30,2762.32,689.96,5,22
2026-02-02,2783.04,689.96,5,23
2026-02-03,2823.54,689.96,5,18
2026-02-04,2856.5,976.86,5,25
2026-02-05,2838.46,1269.8,5,25
2026-02-06,2878.51,1269.8,5,29
2026-02-09,2893.98,1269.8,5,31
2026-02-10,2900.81,1269.8,5,19
2026-02-11,2930.95,1269.8,5,9
2026-02-12,2905.21,1578.08,5,5
2026-02-13,2923.36,1578.08,5,9
2026-02-17,2921.33,1578.08,5,12
2026-02-18,2910.52,1578.08,5,10
2026-02-19,2947.39,1578.08,5,4
2026-02-20,2948.76,1578.08,5,2
2026-02-23,2938.38,1578.08,5,2
2026-02-24,2944.1,1578.08,5,1
2026-02-25,2927.87,1578.08,5,1
2026-02-26,2923.56,1578.08,5,1
2026-02-27,2927.16,1694.45,5,2
2026-03-02,2938.17,1694.45,5,4
2026-03-03,2898.55,1223.88,5,6
2026-03-04,2889.55,803.97,5,5
2026-03-05,2864.98,803.97,5,5
2026-03-06,2870.07,716.24,5,4
2026-03-09,2866.7,1004.47,4,4
2026-03-10,2820.02,716.68,5,2
2026-03-11,2879.13,716.68,5,1
2026-03-12,2922.8,716.68,5,0
2026-03-13,2923.01,716.68,5,2
2026-03-16,2922.96,716.68,5,2
2026-03-17,2936.9,716.68,5,2
2026-03-18,2942.05,716.68,5,2
2026-03-19,2968.13,1263.87,4,0
2026-03-20,2961.98,1263.87,4,0
2026-03-23,2976.22,740.49,5,0
2026-03-24,3037.3,740.49,5,0
2026-03-25,3015.65,740.49,5,0
2026-03-26,3066.12,740.49,5,0
2026-03-27,3106.86,740.49,5,0
2026-03-30,3084.7,740.49,5,0
2026-03-31,3061.55,740.49,5,0
2026-04-01,2976.13,740.49,5,1
2026-04-02,2996.5,740.49,5,1
2026-04-06,3011.95,740.49,5,1
2026-04-07,3021.62,740.49,5,0
2026-04-08,2913.25,740.49,5,0
2026-04-09,2883.57,1039.68,4,0
2026-04-10,2873.61,1456.53,3,0
2026-04-13,2887.29,2282.63,1,0
2026-04-14,2863.67,2282.63,1,0
2026-04-15,2871.64,2871.64,0,0
2026-04-16,2871.64,2871.64,0,0
2026-04-17,2816.07,1722.98,2,0
2026-04-20,2811.0,704.02,4,0
2026-04-21,2826.45,704.02,4,0
2026-04-22,2900.32,704.02,4,2
2026-04-23,2844.52,704.02,4,2
2026-04-24,2904.07,704.02,4,3
2026-04-27,2846.13,726.02,5,3
2026-04-28,2805.34,711.53,5,1
2026-04-29,2878.35,701.33,5,1
2026-04-30,2904.38,701.33,5,1
2026-05-01,2922.43,701.33,5,13
2026-05-04,2907.05,701.33,5,16
2026-05-05,2910.99,701.33,5,17
2026-05-06,2992.68,701.33,5,19
2026-05-07,2969.68,701.33,5,12
2026-05-08,3031.35,701.33,5,16
2026-05-11,3029.46,701.33,5,19
2026-05-12,3008.48,757.36,5,15
2026-05-13,3007.8,757.36,5,11
2026-05-14,3007.48,757.36,5,5
2026-05-15,2978.87,757.36,5,5
2026-05-18,2970.91,757.36,5,8
2026-05-19,2927.62,757.36,5,9
2026-05-20,3011.92,757.36,5,11
2026-05-21,3033.53,757.36,5,11
2026-05-22,3094.31,757.36,5,9
2026-05-26,3161.05,757.36,5,9
2026-05-27,3154.24,1095.57,4,1
2026-05-28,3225.94,1095.57,4,0
2026-05-29,3230.24,806.49,5,2
2026-06-01,3308.51,806.49,5,15
2026-06-02,3269.62,1042.17,5,21
2026-06-03,3214.21,938.06,5,23
2026-06-04,3276.82,1435.16,4,21
2026-06-05,3165.38,819.21,5,9
2026-06-08,3139.21,791.34,5,10
2026-06-09,3118.87,791.34,5,2
2026-06-10,3128.42,791.34,5,2
2026-06-11,3193.88,791.34,5,2
2026-06-12,3181.87,791.34,5,1
2026-06-15,3193.72,791.34,5,1
2026-06-16,3164.15,791.34,5,2
2026-06-17,3161.7,791.34,5,4
2026-06-18,3152.58,791.34,5,9
2026-06-22,3147.83,791.34,5,31
2026-06-23,3177.35,791.34,5,30
2026-06-24,3139.15,791.34,5,26
2026-06-25,3151.74,784.79,5,4
2026-06-26,3273.11,787.93,5,4
2026-06-29,3383.53,787.93,5,18
2026-06-30,3413.03,787.93,5,14
2026-07-01,3445.58,787.93,5,14
2026-07-02,3489.61,1308.84,5,14
2026-07-06,3499.54,1308.84,5,0
2026-07-07,3484.3,1702.2,4,0
2026-07-08,3460.86,1005.34,5,0
2026-07-09,3487.81,1005.34,5,1
2026-07-10,3406.04,1005.34,5,1
2026-07-13,3422.63,1144.84,4,1
2026-07-14,3516.26,1144.84,4,1
2026-07-15,3536.19,1190.71,4,0
2026-07-16,3540.84,1900.14,3,0
2026-07-17,3535.5,885.21,5,0
2026-07-20,3537.92,1558.75,4,0
2026-07-21,3550.2,884.48,5,0
2026-07-22,3541.68,884.48,5,1
2026-07-23,3554.7,884.48,5,2
2026-07-24,3575.52,884.48,5,7
2026-07-27,3561.0,884.48,5,7
2026-07-28,3572.12,884.48,5,8
2026-07-29,3575.18,893.03,5,11
2026-07-30,3526.82,893.79,5,10
2026-07-31,3526.77,893.79,5,15
2026-08-03,3560.2,893.79,5,18
2026-08-04,3605.83,893.79,5,16
2026-08-05,3574.16,893.79,5,19
2026-08-06,3612.73,893.79,5,18
2026-08-07,3646.36,893.79,5,19
2026-08-10,3681.05,893.79,5,22
2026-08-11,3659.9,893.79,5,14
2026-08-12,3633.85,893.79,5,12
2026-08-13,3663.62,1120.83,4,8
2026-08-14,3653.06,915.91,5,5
2026-08-17,3594.7,915.91,5,5
2026-08-18,3617.82,898.68,5,0
2026-08-19,4067.6,898.68,5,0
2026-08-20,3865.07,1019.59,5,4
2026-08-21,3983.6,966.27,5,4
2026-08-24,3977.89,1147.26,5,8
2026-08-25,4017.06,1147.26,5,9
2026-08-26,3979.86,1330.54,5,6
2026-08-27,4031.3,1330.54,5,6
2026-08-28,4039.14,1084.91,5,4
2026-08-31,4036.29,1084.91,5,6
2026-09-01,4045.71,1084.91,5,10
