symbol,strategy,trigger,confluence,entry_date,entry_price,exit_date,exit_price,exit_reason,original_shares,scaled_out,holding_days,pnl,pnl_pct,rsi_at_entry,vol_at_entry,win
PCOR,mean_reversion,oversold,2,2021-10-05,88.92,2021-10-26,94.28,trailing_stop,2.2473,True,21,14.9,7.46,17.25536310198066,1.701820491720444,1
GLBE,mean_reversion,oversold,2,2021-10-27,58.86,2021-11-05,55.58,trailing_stop,3.6529,False,9,-12.97,-6.03,24.99528871731591,1.5725201700149978,0
GLBE,mean_reversion,oversold,2,2021-11-08,53.78,2021-11-10,51.81,trailing_stop,3.9627,False,2,-8.82,-4.14,24.54357538684208,1.8483952272031936,0
ESTC,mean_reversion,oversold,2,2021-10-05,142.36,2021-11-22,167.93,trailing_stop,1.0183,True,48,19.19,13.24,10.932364828974466,1.620038485372297,1
GLBE,mean_reversion,oversold,2,2021-11-11,51.62,2021-11-22,58.33,trailing_stop,4.1055,True,11,23.25,10.97,24.862590863639987,1.984132181447246,1
HUBS,mean_reversion,oversold,2,2021-10-05,634.83,2021-11-23,766.11,trailing_stop,0.3137,True,49,29.44,14.78,22.133829246842833,1.941966238082743,1
U,momentum_breakout,breakout,3,2021-11-23,174.56,2021-12-01,163.47,trailing_stop,1.2238,False,8,-14.58,-6.82,64.23480937434105,1.5789568000965803,0
TOST,mean_reversion,oversold,2,2021-11-24,40.74,2021-12-01,39.27,trailing_stop,2.9841,False,7,-5.38,-4.42,28.847800898520457,1.6806769248882787,0
DECK,mean_reversion,oversold,2,2021-10-12,55.8,2021-12-03,65.68,trailing_stop,1.1573,True,52,7.91,12.25,19.811983953089676,2.4343058047709696,1
RKLB,momentum_breakout,breakout,3,2021-12-02,15.17,2021-12-03,13.91,stop_loss,7.4282,False,1,-10.39,-9.22,57.16452882737846,1.9456318657132516,0
URBN,momentum_breakout,breakout,3,2021-11-23,32.03,2021-12-13,30.39,trailing_stop,6.6747,False,20,-11.95,-5.59,62.63242395821102,2.6196827536651206,0
TOST,mean_reversion,oversold,2,2021-12-02,36.05,2021-12-13,36.31,trailing_stop,5.8199,True,11,10.1,4.82,26.95874613105131,1.5406731110791998,1
CROX,mean_reversion,oversold,2,2021-12-20,134.01,2021-12-23,125.68,trailing_stop,0.3795,False,3,-4.16,-8.19,29.7582362869112,2.8332428622196533,0
BHP,mean_reversion,oversold,2,2021-09-29,35.58,2022-01-12,45.18,mean_reversion_complete,5.5932,True,105,35.7,17.94,10.013821007915935,,1
FUN,momentum_breakout,breakout,3,2021-12-16,46.34,2022-01-14,44.14,stop_loss,4.4722,False,29,-10.86,-5.24,54.426108687101994,1.5434244730495787,0
CROX,mean_reversion,oversold,2,2021-12-27,124.13,2022-01-18,121.3,trailing_stop,0.2807,False,22,-1.8,-5.15,29.644551354542628,5.43809559123438,0
MT,momentum_breakout,breakout,3,2021-12-16,30.22,2022-01-21,31.11,trailing_stop,6.82,False,36,5.07,2.46,53.126464510367725,1.6370905031658225,1
TECK,momentum_breakout,breakout,3,2022-01-13,32.09,2022-01-28,29.21,stop_loss,6.8446,False,15,-20.71,-9.43,74.83458040879549,3.1403848054965153,0
BHP,momentum_breakout,breakout,3,2022-01-18,45.09,2022-02-10,47.06,bearish_divergence,4.7821,False,23,8.43,3.91,71.62256057714453,1.5871652022097573,1
RIO,momentum_breakout,breakout,3,2022-01-19,55.16,2022-02-10,55.8,bearish_divergence,0.5831,False,22,-0.63,-1.96,70.82173488706854,1.5808144531607147,0
CPA,momentum_breakout,breakout,3,2022-02-11,74.63,2022-02-24,71.48,trailing_stop,1.625,False,13,-6.12,-5.05,62.41917423060812,3.0610262711368557,0
FUN,momentum_breakout,breakout,3,2022-02-01,47.3,2022-03-04,52.38,trailing_stop,4.4168,True,31,28.88,13.82,54.43237863843816,1.7148018969713699,1
PLAY,momentum_breakout,breakout,3,2022-02-11,39.39,2022-03-04,41.81,trailing_stop,5.8376,True,21,26.61,11.57,61.26644062812797,1.5933036374693863,1
CENX,momentum_breakout,breakout,3,2022-02-25,20.71,2022-03-08,26.51,trailing_stop,5.3289,True,11,24.35,22.06,69.30018721465329,2.489342363737649,1
AA,momentum_breakout,breakout,3,2021-12-17,49.82,2022-03-09,77.63,trailing_stop,4.1278,True,82,74.78,36.36,57.95026214925879,1.6393164896254062,1
VALE,momentum_breakout,breakout,3,2022-01-24,10.04,2022-03-14,12.23,trailing_stop,20.6629,True,49,40.08,19.32,63.531220397231436,1.5385920764500771,1
BHP,momentum_breakout,breakout,3,2022-03-10,49.25,2022-04-01,55.79,bearish_divergence,3.0246,False,22,18.79,12.62,59.15856426333667,1.5233523627352825,1
CLF,momentum_breakout,breakout,3,2022-03-07,26.03,2022-04-21,29.73,trailing_stop,9.4322,True,45,38.39,15.64,69.51731621747818,1.9125385738432927,1
STLD,momentum_breakout,breakout,3,2022-03-21,80.09,2022-04-21,87.47,bearish_divergence,1.4846,False,31,9.96,8.38,71.8459311215505,2.4044975672901714,1
ARLP,momentum_breakout,breakout,3,2022-04-04,9.56,2022-04-22,9.75,trailing_stop,27.0496,False,18,4.06,1.57,61.43486984328784,2.572415509140674,1
CMC,momentum_breakout,breakout,3,2022-03-07,37.65,2022-04-26,39.21,trailing_stop,6.5161,False,50,9.14,3.73,64.83442138731553,1.687367810368692,1
CNX,momentum_breakout,breakout,3,2022-03-09,17.46,2022-05-02,20.34,trailing_stop,7.2845,True,54,20.84,16.39,73.73307622806266,1.5066944394938513,1
SMCI,momentum_breakout,breakout,3,2022-04-22,4.32,2022-05-09,5.1,trailing_stop,60.1348,True,17,45.29,17.44,61.13912003559652,1.9927850155169426,1
UAL,momentum_breakout,breakout,3,2022-04-25,51.06,2022-05-09,46.86,stop_loss,5.0842,False,14,-22.34,-8.6,66.49631727036805,1.6281000336248055,0
CHEF,momentum_breakout,breakout,3,2022-04-22,35.84,2022-05-11,34.75,trailing_stop,3.3425,False,19,-4.64,-3.88,67.24586633810439,1.864907101927418,0
STLD,momentum_breakout,breakout,3,2022-06-01,80.07,2022-06-09,72.46,trailing_stop,3.4047,False,8,-26.91,-9.87,57.31604927127692,2.3325932334127413,0
ARLP,momentum_breakout,breakout,3,2022-05-24,12.39,2022-06-13,11.9,trailing_stop,21.5035,False,20,-11.47,-4.3,63.59603551051193,1.9083189988966482,0
RS,momentum_breakout,breakout,3,2022-06-01,183.65,2022-06-13,168.85,trailing_stop,1.4788,False,12,-22.88,-8.43,57.42569495436147,2.1383402855356612,0
DVN,momentum_breakout,breakout,3,2022-05-10,52.33,2022-06-15,57.76,trailing_stop,5.0119,True,36,36.05,13.75,56.92688427043478,1.667367263646692,1
FANG,momentum_breakout,breakout,3,2022-06-01,128.86,2022-06-16,120.55,trailing_stop,0.3555,False,15,-3.95,-8.63,67.27208538306942,1.640267171108342,0
ZM,momentum_breakout,breakout,3,2022-06-27,122.6,2022-06-28,114.28,stop_loss,2.1054,False,1,-18.53,-7.18,61.26049907541489,2.0725814184169686,0
DUOL,momentum_breakout,breakout,3,2022-06-27,100.44,2022-07-11,98.98,trailing_stop,2.5916,False,14,-4.78,-1.84,61.340506300110306,4.55182935774433,0
CHEF,momentum_breakout,breakout,3,2022-06-24,36.0,2022-07-14,36.49,trailing_stop,7.0573,False,20,2.43,0.95,53.169090776576745,1.9866605142833174,1
DPZ,momentum_breakout,breakout,3,2022-07-21,390.08,2022-07-22,377.0,stop_loss,0.4445,False,1,-6.81,-3.93,67.07888762303065,1.6844722873128974,0
WING,momentum_breakout,breakout,3,2022-07-21,103.46,2022-07-26,94.01,trailing_stop,2.4513,False,5,-24.18,-9.53,68.36854335129075,1.6053318606285771,0
CELH,momentum_breakout,breakout,3,2022-07-06,25.04,2022-08-09,32.49,trailing_stop,10.08,True,34,59.13,23.43,60.6883729238842,2.5069454845894796,1
WING,momentum_breakout,breakout,3,2022-07-28,109.86,2022-08-22,121.79,trailing_stop,2.29,True,25,35.15,13.97,58.0048827401388,1.518362125635908,1
ONON,momentum_breakout,breakout,3,2022-07-29,21.28,2022-08-22,22.0,trailing_stop,6.4042,False,24,3.62,2.65,55.55192576372949,1.752821633239638,1
CELH,momentum_breakout,breakout,3,2022-08-10,32.27,2022-08-30,34.8,trailing_stop,8.4208,True,20,33.88,12.47,64.80800854779892,5.475399542962276,1
BILL,momentum_breakout,breakout,3,2022-08-23,165.23,2022-09-01,159.42,trailing_stop,1.7014,False,9,-10.89,-3.87,62.47987683535836,1.7540824449117254,0
DECK,momentum_breakout,breakout,3,2022-08-01,51.01,2022-09-12,59.55,bearish_divergence,2.8091,False,42,23.0,16.05,64.82184610097627,2.3600449654729405,1
AA,momentum_breakout,breakout,3,2022-08-31,48.21,2022-09-14,45.27,trailing_stop,5.7147,False,14,-17.78,-6.45,52.06044811014684,1.5875435896596324,0
ARLP,momentum_breakout,breakout,3,2022-07-19,13.49,2022-09-21,15.2,trailing_stop,18.4729,True,64,37.05,14.87,63.89344310107298,1.6476437157847796,1
RIVN,momentum_breakout,breakout,2,2022-09-15,39.84,2022-09-22,34.78,stop_loss,6.5546,False,7,-34.2,-13.1,65.14299464847693,1.5470075132558299,0
VEEV,mean_reversion,oversold,2,2022-09-02,172.46,2022-09-26,162.03,trailing_stop,1.5797,False,24,-17.48,-6.42,28.23656014912086,4.265249742698295,0
URBN,momentum_breakout,breakout,3,2022-08-24,21.7,2022-09-29,20.54,trailing_stop,6.9829,False,36,-9.07,-5.99,54.70497075475936,1.7576491828202205,0
HBM,momentum_breakout,breakout,3,2022-10-04,4.52,2022-10-07,4.08,stop_loss,58.0636,False,3,-26.78,-10.21,51.845501690293155,2.1730701208455154,0
BILL,momentum_breakout,breakout,3,2022-10-05,146.9,2022-10-10,135.32,trailing_stop,1.7553,False,5,-21.32,-8.27,51.20914735310129,1.641510589561106,0
VALE,momentum_breakout,breakout,3,2022-10-10,10.49,2022-10-14,9.49,stop_loss,23.5922,False,4,-24.58,-9.93,61.473898186978985,1.7950373032778946,0
ASAN,momentum_breakout,breakout,3,2022-09-13,26.03,2022-10-19,19.09,stop_loss,7.6125,False,36,-53.82,-27.16,62.90009293658,1.9987007144053246,0
BTU,momentum_breakout,breakout,3,2022-09-29,23.34,2022-10-19,23.8,trailing_stop,10.8537,False,20,4.01,1.58,52.89850437259409,1.5359938962536523,1
TOST,momentum_breakout,breakout,3,2022-10-19,19.9,2022-11-03,19.98,trailing_stop,11.7918,False,15,-0.08,-0.03,57.91990906584992,1.6710386702772289,0
TXRH,momentum_breakout,breakout,3,2022-10-13,86.81,2022-11-10,94.18,bearish_divergence,2.8055,False,28,19.67,8.08,58.480870820296616,1.6773566352299647,1
STLD,momentum_breakout,breakout,3,2022-10-21,81.8,2022-11-22,100.84,bearish_divergence,2.9067,True,32,47.91,20.15,61.484812342152374,1.7193190094683175,1
SMCI,momentum_breakout,breakout,3,2022-11-04,8.03,2022-12-05,8.44,trailing_stop,28.924,False,31,10.85,4.67,73.89080686558253,1.5120332484938304,1
DAL,momentum_breakout,breakout,3,2022-12-06,34.69,2022-12-06,34.63,bearish_divergence,7.0447,False,0,-1.44,-0.59,61.428418472615746,1.672396727937426,0
ANF,momentum_breakout,breakout,3,2022-11-22,22.16,2022-12-15,21.86,trailing_stop,6.114,False,23,-2.85,-2.1,56.33704930842855,1.6233155750548418,0
URBN,momentum_breakout,breakout,3,2022-11-23,27.88,2022-12-16,26.55,trailing_stop,5.0107,False,23,-7.66,-5.48,64.89773555714548,3.218260231193888,0
SKYW,momentum_breakout,breakout,3,2022-12-08,18.19,2022-12-16,17.28,stop_loss,13.2074,False,8,-12.98,-5.4,50.31744780831459,2.0303275842111357,0
RL,momentum_breakout,breakout,3,2022-11-14,96.19,2022-12-19,97.27,trailing_stop,2.5867,False,35,1.79,0.72,60.699118371504994,2.408112197088278,1
EAT,momentum_breakout,breakout,3,2022-12-19,35.29,2022-12-20,33.01,stop_loss,3.2872,False,1,-8.5,-7.33,57.69031700304662,1.56267639471364,0
CMC,momentum_breakout,breakout,3,2022-10-24,41.46,2022-12-21,47.38,bearish_divergence,3.7137,False,58,20.99,13.63,64.39025882932924,1.7808262053485595,1
IOT,momentum_breakout,breakout,3,2022-12-16,12.7,2022-12-28,11.5,trailing_stop,11.7366,False,12,-15.09,-10.12,57.712092377806115,2.3894985623748664,0
DOCU,momentum_breakout,breakout,3,2022-12-19,56.07,2023-01-17,59.66,bearish_divergence,4.3693,False,29,14.69,6.0,58.47167248181748,2.1092539482571984,1
CELH,momentum_breakout,breakout,3,2023-01-18,37.88,2023-01-18,35.47,stop_loss,6.2833,False,0,-16.11,-6.77,60.20983559204685,1.5437464762878759,0
MT,momentum_breakout,breakout,3,2023-01-06,26.27,2023-01-26,30.33,bearish_divergence,9.2073,False,20,36.4,15.05,61.255781932131306,1.8206092838247612,1
SCCO,momentum_breakout,breakout,3,2023-01-06,54.53,2023-02-01,64.93,bearish_divergence,3.3197,True,26,32.45,17.93,65.65448812207435,1.728736165580699,1
JBLU,momentum_breakout,breakout,3,2023-01-27,8.29,2023-02-02,9.21,bearish_divergence,31.7147,False,6,28.2,10.73,61.78124573664567,1.5438542582154884,1
PATH,momentum_breakout,breakout,3,2023-02-02,17.75,2023-02-10,15.48,stop_loss,3.4865,False,8,-8.9,-14.38,66.69761574087555,2.161671633010841,0
HUBS,momentum_breakout,breakout,3,2023-02-03,381.52,2023-02-17,404.25,bearish_divergence,0.7216,False,14,15.4,5.59,70.44921246355308,1.5334338546562611,1
MNDY,momentum_breakout,breakout,3,2023-02-13,144.67,2023-02-21,152.85,trailing_stop,1.4003,False,8,10.45,5.16,56.82135391348269,1.5220654721668672,1
HUBS,momentum_breakout,breakout,2,2023-02-21,400.12,2023-03-03,408.01,bearish_divergence,0.6992,False,10,4.52,1.61,68.03674798961599,2.6689197999301113,1
ANF,momentum_breakout,breakout,3,2023-01-06,24.68,2023-03-06,28.1,trailing_stop,9.7674,True,59,37.27,15.46,66.00084797995854,1.5265542281403612,1
LEVI,momentum_breakout,breakout,3,2023-01-19,14.55,2023-03-09,15.45,trailing_stop,15.5014,True,49,26.14,11.59,50.0511207338013,1.6200436731410184,1
IOT,momentum_breakout,breakout,3,2023-02-02,14.99,2023-03-20,18.97,trailing_stop,18.5247,True,46,60.7,21.86,63.04496301701906,1.6507257673752291,1
ASAN,momentum_breakout,breakout,3,2023-03-07,17.2,2023-03-28,20.0,trailing_stop,16.2923,True,21,46.79,16.7,58.82111791482258,1.6202503119937037,1
ONON,momentum_breakout,breakout,3,2023-03-22,27.32,2023-04-04,32.48,bearish_divergence,5.8712,True,13,28.47,17.75,69.15427478388301,8.174699515637146,1
WDAY,momentum_breakout,breakout,3,2023-03-30,200.2,2023-04-12,192.26,stop_loss,0.7679,False,13,-7.1,-4.62,61.7146198513209,1.530141798507654,0
DOCU,momentum_breakout,breakout,3,2023-03-10,53.76,2023-04-20,52.88,trailing_stop,5.2408,False,41,-5.63,-2.0,58.72697984928011,2.136201234442148,0
PKX,momentum_breakout,breakout,3,2023-04-05,65.78,2023-04-25,66.85,trailing_stop,4.6738,False,20,3.99,1.3,61.38075792428713,2.226900066474629,1
IOT,momentum_breakout,breakout,3,2023-04-18,21.73,2023-04-25,20.49,stop_loss,8.3357,False,7,-11.34,-6.26,66.78434684009096,1.6120074905543984,0
VEEV,momentum_breakout,breakout,3,2023-04-21,185.17,2023-04-25,179.4,stop_loss,1.496,False,4,-9.63,-3.48,58.313513544403826,1.7507207200730426,0
MDB,momentum_breakout,breakout,3,2023-04-27,242.81,2023-05-01,228.43,stop_loss,1.2556,False,4,-19.05,-6.25,56.385726473755625,2.372621250681379,0
DUOL,momentum_breakout,breakout,3,2023-03-06,119.9,2023-05-02,128.64,trailing_stop,2.3986,True,57,35.2,12.24,74.95381520741047,2.7691536198110636,1
SKYW,momentum_breakout,breakout,3,2023-05-01,28.25,2023-05-10,26.49,stop_loss,5.3803,False,9,-10.45,-6.88,77.82731092191194,3.243916349809886,0
DKNG,momentum_breakout,breakout,3,2023-02-22,20.1,2023-05-22,25.19,bearish_divergence,10.6153,True,89,45.15,21.16,73.84429345288804,1.7934337524621105,1
WING,momentum_breakout,breakout,3,2023-04-27,197.7,2023-06-08,192.66,trailing_stop,1.5387,False,42,-8.76,-2.88,69.92848246108636,1.702465621402629,0
SMCI,momentum_breakout,breakout,3,2023-05-04,13.3,2023-06-09,26.14,bearish_divergence,22.5933,True,36,170.82,56.85,65.11315330690927,4.23930345545714,1
DOCU,momentum_breakout,breakout,3,2023-06-09,64.37,2023-06-09,58.21,stop_loss,4.1038,False,0,-26.27,-9.95,59.96186249289859,4.206903846183325,0
DUOL,momentum_breakout,breakout,2,2023-05-11,148.47,2023-06-20,150.19,trailing_stop,1.8273,False,40,2.15,0.79,62.1706714177891,2.7636528226498727,1
DOCU,momentum_breakout,breakout,3,2023-06-12,57.16,2023-06-21,51.0,stop_loss,5.9107,False,9,-37.42,-11.07,66.15326389823227,6.728881670290519,0
ROKU,momentum_breakout,breakout,3,2023-06-12,69.93,2023-06-21,66.16,trailing_stop,2.8645,False,9,-11.79,-5.88,72.21803670327003,1.8132754014279597,0
PKX,momentum_breakout,breakout,3,2023-06-23,70.1,2023-06-27,72.38,bearish_divergence,2.4562,False,4,4.59,2.67,59.564739518713736,1.5991390593641837,1
OPEN,momentum_breakout,breakout,3,2023-06-21,3.14,2023-07-06,3.85,trailing_stop,91.9372,True,15,57.75,20.01,70.91057205425244,1.5196761706051167,1
DKNG,momentum_breakout,breakout,2,2023-05-23,25.08,2023-07-28,32.35,bearish_divergence,11.72,True,66,67.84,23.08,69.60703879768639,2.130064705973776,1
HUBS,momentum_breakout,breakout,3,2023-05-05,453.95,2023-07-31,579.97,bearish_divergence,0.2827,True,87,28.28,22.04,66.11454545665157,3.273140694760253,1
RIVN,momentum_breakout,breakout,3,2023-07-07,22.91,2023-07-31,27.61,bearish_divergence,14.8991,True,24,64.57,18.92,76.02913577282112,2.1423268494389625,1
ROKU,momentum_breakout,breakout,3,2023-08-01,95.61,2023-08-04,87.65,trailing_stop,3.8348,False,3,-31.51,-8.59,75.43094799857724,3.092731170979629,0
DASH,momentum_breakout,breakout,3,2023-07-31,90.2,2023-08-09,82.8,stop_loss,4.102,False,9,-31.37,-8.48,80.56531940504034,1.7569618545458634,0
DAL,momentum_breakout,breakout,3,2023-06-28,44.71,2023-08-15,42.34,trailing_stop,3.2908,False,48,-8.78,-5.97,80.27799299899186,2.168648617927493,0
MT,momentum_breakout,breakout,3,2023-08-01,26.92,2023-08-15,25.42,stop_loss,5.6239,False,14,-9.41,-6.22,58.46036435396577,1.9024068578964721,0
FVRR,momentum_breakout,breakout,3,2023-08-07,32.03,2023-08-17,28.42,stop_loss,10.9082,False,10,-40.36,-11.55,63.15068655755421,1.680346039470127,0
BROS,momentum_breakout,breakout,3,2023-08-10,32.83,2023-08-17,30.93,stop_loss,10.5703,False,7,-21.09,-6.08,60.779755678758754,6.69745714159799,0
SKYW,momentum_breakout,breakout,3,2023-08-30,43.08,2023-08-31,45.05,bearish_divergence,8.2579,False,1,15.31,4.3,60.30644733218785,1.8805504326854874,1
SKYW,momentum_breakout,breakout,2,2023-09-01,45.49,2023-09-08,43.13,stop_loss,1.1941,False,7,-3.82,-7.04,64.20675127889942,1.8560463743223659,0
CMC,momentum_breakout,breakout,3,2023-06-23,49.64,2023-09-13,50.0,trailing_stop,6.4257,False,82,1.29,0.4,64.09337305706244,3.0152556189588915,1
PATH,momentum_breakout,breakout,3,2023-09-11,18.69,2023-09-19,17.24,trailing_stop,2.803,False,8,-5.05,-9.64,65.35661719554787,2.337872151438401,0
ANF,momentum_breakout,breakout,3,2023-08-22,40.56,2023-09-21,49.43,trailing_stop,8.3219,True,30,66.08,19.58,71.43643661831243,1.5320688961865827,1
DKNG,momentum_breakout,breakout,3,2023-09-01,30.19,2023-09-22,28.64,trailing_stop,12.0455,False,21,-19.71,-5.42,56.36358042294388,1.8871597827537705,0
GTLB,momentum_breakout,breakout,3,2023-09-14,51.03,2023-09-25,44.61,stop_loss,6.3978,False,11,-42.1,-12.9,57.92055824590007,1.5253699929398288,0
VALE,momentum_breakout,breakout,3,2023-09-20,10.85,2023-09-27,9.96,stop_loss,5.6152,False,7,-6.0,-9.84,57.82162250690523,3.345326941381427,0
WDAY,momentum_breakout,breakout,3,2023-08-28,237.57,2023-09-28,228.87,stop_loss,1.4753,False,31,-13.83,-3.95,57.57090880513715,3.4704154943884555,0
BTU,momentum_breakout,breakout,3,2023-09-28,23.9,2023-10-10,25.02,bearish_divergence,13.5891,False,12,14.22,4.38,64.55479030488368,1.7523152699074935,1
DUOL,momentum_breakout,breakout,3,2023-10-03,163.32,2023-10-19,157.87,trailing_stop,1.998,False,16,-11.88,-3.64,62.21373702718435,1.52564574890499,0
CNX,momentum_breakout,breakout,2,2023-10-18,23.67,2023-10-25,22.43,stop_loss,10.7438,False,7,-14.35,-5.64,63.51084378760568,1.6388574955481694,0
FANG,momentum_breakout,breakout,3,2023-10-13,148.65,2023-11-08,141.6,stop_loss,2.2243,False,26,-16.68,-5.05,62.87275463674004,1.50853115465232,0
AR,momentum_breakout,breakout,3,2023-10-27,29.65,2023-11-08,27.41,trailing_stop,8.3286,False,12,-19.63,-7.95,60.15413506950649,2.1299332925022703,0
DUOL,momentum_breakout,breakout,3,2023-11-09,185.18,2023-11-27,221.52,bearish_divergence,1.8392,True,18,62.87,18.46,56.80832613708104,1.6975373835519656,1
AFRM,mean_reversion,bullish_div,2,2023-10-26,16.84,2023-11-28,32.72,mean_reversion_complete,19.1153,True,33,166.61,51.76,42.7308362778427,2.0168370915301383,1
WDAY,mean_reversion,oversold,2,2023-09-29,215.16,2023-11-29,263.23,mean_reversion_complete,1.5449,True,61,52.57,15.81,27.95092519219589,5.170323893695851,1
ROKU,momentum_breakout,breakout,3,2023-11-28,102.54,2023-12-15,96.09,trailing_stop,3.6776,False,17,-24.73,-6.56,73.65259125783963,1.6118783814149655,0
PATH,momentum_breakout,breakout,3,2023-11-29,19.36,2023-12-19,26.23,bearish_divergence,19.8685,True,20,101.66,26.43,63.95662052549089,1.6693266999449072,1
DKNG,momentum_breakout,breakout,3,2023-11-06,34.14,2023-12-20,35.06,trailing_stop,4.5912,False,44,3.25,2.07,60.8408217120358,3.5551996605409832,1
AFRM,momentum_breakout,breakout,3,2023-11-30,33.85,2024-01-03,46.2,trailing_stop,8.4852,True,34,77.13,26.85,75.12703671049388,1.6949278610327068,1
IOT,momentum_breakout,breakout,3,2023-12-18,33.8,2024-01-03,31.31,trailing_stop,12.1016,False,16,-31.17,-7.62,67.83807048765034,2.067678086534655,0
CENX,momentum_breakout,breakout,3,2023-12-21,11.83,2024-01-03,11.39,trailing_stop,34.9914,False,13,-16.34,-3.95,81.3815218821219,1.9317883596750092,0
CPA,momentum_breakout,breakout,3,2023-12-20,88.53,2024-01-12,82.07,stop_loss,4.6214,False,23,-30.86,-7.54,75.8962768930885,1.6646138240834663,0
TOST,momentum_breakout,breakout,2,2024-01-11,19.17,2024-01-17,17.08,stop_loss,10.2206,False,6,-22.33,-11.4,66.06225316286498,1.5686544396427673,0
SMCI,momentum_breakout,breakout,3,2024-01-10,34.73,2024-01-18,31.4,stop_loss,11.4672,False,8,-39.2,-9.84,65.78404907157727,2.1423754598246676,0
VEEV,momentum_breakout,breakout,3,2024-01-16,207.13,2024-02-15,223.34,bearish_divergence,1.8647,False,30,29.22,7.57,68.28250527737691,1.542347365057119,1
URBN,momentum_breakout,breakout,3,2024-01-10,38.8,2024-02-28,42.42,trailing_stop,10.2315,True,49,52.97,13.34,62.30552546391581,2.421145208093175,1
BIRK,momentum_breakout,breakout,3,2024-01-18,43.99,2024-03-14,46.75,trailing_stop,4.1501,True,56,21.06,11.54,53.507228416397496,2.727227062415235,1
CELH,momentum_breakout,breakout,3,2024-02-29,63.97,2024-03-19,86.41,trailing_stop,6.6996,True,19,112.5,26.25,70.8050691057341,1.7532894107442392,1
RL,momentum_breakout,breakout,3,2023-11-09,112.83,2024-03-21,183.82,bearish_divergence,1.6372,True,133,73.63,39.86,52.88889980215604,2.81109487728359,1
DASH,momentum_breakout,breakout,3,2024-02-16,111.99,2024-03-26,140.12,bearish_divergence,3.3358,True,39,79.33,21.23,72.86471810013416,2.620865824527022,1
LYFT,momentum_breakout,breakout,3,2024-03-22,20.23,2024-04-04,18.13,stop_loss,17.2555,False,13,-37.2,-10.66,68.3706375030212,1.5472632895305,0
CROX,momentum_breakout,breakout,3,2024-03-21,140.14,2024-04-09,131.45,stop_loss,3.3369,False,19,-30.0,-6.42,76.47082586194236,2.041109167117701,0
DKNG,momentum_breakout,breakout,3,2024-01-19,37.93,2024-04-15,43.77,trailing_stop,9.2857,True,87,57.58,16.35,60.533146464463194,2.429234637952157,1
HUBS,momentum_breakout,breakout,3,2024-04-05,670.7,2024-04-15,648.9,stop_loss,0.6971,False,10,-16.2,-3.46,61.45959271936958,5.482401879045416,0
DPZ,momentum_breakout,breakout,3,2024-03-27,468.74,2024-04-19,456.71,stop_loss,0.4794,False,23,-6.77,-3.01,71.86988563907043,1.895168885760457,0
HBM,momentum_breakout,breakout,3,2024-04-10,7.74,2024-04-29,8.79,bearish_divergence,59.6149,False,19,61.57,13.34,80.97077107047977,2.3204303857758175,1
CENX,momentum_breakout,breakout,3,2024-04-16,17.02,2024-05-01,16.17,trailing_stop,26.6912,False,15,-23.56,-5.19,78.47657744224823,1.5355260711466305,0
JBLU,momentum_breakout,breakout,3,2024-04-23,6.12,2024-05-01,5.61,stop_loss,34.8008,False,8,-18.6,-8.73,58.806102707069805,1.6189517772253166,0
UAL,momentum_breakout,breakout,3,2024-04-18,49.27,2024-05-14,55.03,bearish_divergence,6.0983,False,26,34.16,11.37,58.06541738110174,5.492500003049523,1
KALU,momentum_breakout,breakout,3,2024-03-15,70.67,2024-05-15,93.82,bearish_divergence,6.4657,True,61,114.7,25.1,65.79183212969554,1.760734016088909,1
BROS,mean_reversion,oversold,2,2024-05-02,27.37,2024-05-15,37.55,mean_reversion_complete,16.9267,True,13,108.03,23.32,29.59370157568011,1.5391561557563513,1
UPST,momentum_breakout,breakout,3,2024-05-15,29.81,2024-05-16,26.73,stop_loss,16.7875,False,1,-52.65,-10.52,60.151247112584294,2.1293312685407346,0
CPA,momentum_breakout,breakout,3,2024-05-16,97.66,2024-05-20,92.61,stop_loss,1.9762,False,4,-10.98,-5.69,65.36386367847489,2.0606110046090467,0
RIO,momentum_breakout,breakout,3,2024-05-17,63.66,2024-05-29,61.48,stop_loss,6.9985,False,12,-16.27,-3.65,63.7710338582232,1.5981046013786413,0
CMC,momentum_breakout,breakout,3,2024-05-21,55.13,2024-06-04,51.92,stop_loss,3.2596,False,14,-11.47,-6.38,55.548178182268884,1.6216613611133575,0
SKYW,momentum_breakout,breakout,3,2024-06-05,79.22,2024-06-05,80.71,bearish_divergence,2.9212,False,0,3.35,1.45,66.68350442864586,2.665033309475307,1
BROS,momentum_breakout,breakout,3,2024-06-06,38.49,2024-06-10,39.84,bearish_divergence,6.3654,False,4,7.59,3.1,64.8592718314657,1.6302386635872599,1
CAVA,momentum_breakout,breakout,3,2024-05-02,68.92,2024-06-18,95.29,bearish_divergence,3.1087,True,47,59.15,27.61,61.49641282704755,1.6088841766443984,1
BIRK,momentum_breakout,breakout,3,2024-05-30,57.06,2024-06-21,61.41,bearish_divergence,8.4468,False,22,35.73,7.41,62.94077623018581,2.844434736852556,1
RKLB,momentum_breakout,breakout,3,2024-06-20,4.94,2024-07-01,4.69,stop_loss,26.6049,False,11,-7.78,-5.92,60.702839830602805,3.1580304284677996,0
BROS,momentum_breakout,breakout,3,2024-06-12,40.09,2024-07-08,42.77,bearish_divergence,5.6798,False,26,14.21,6.24,68.66427984736987,2.3947809377654043,1
WING,momentum_breakout,breakout,3,2024-04-30,379.32,2024-07-10,380.77,trailing_stop,1.2356,False,71,0.79,0.17,67.10988807833004,1.5311208622672858,1
ARM,momentum_breakout,breakout,3,2024-06-24,157.03,2024-07-10,186.27,bearish_divergence,3.264,True,16,92.54,18.05,68.29477930035573,1.7099390794312612,1
LCID,momentum_breakout,breakout,3,2024-07-09,31.03,2024-07-15,38.21,trailing_stop,7.1551,True,6,44.55,20.06,65.61200882204413,2.8606845991448435,1
ESTC,momentum_breakout,breakout,3,2024-07-12,120.87,2024-07-17,115.58,stop_loss,4.6999,False,5,-25.84,-4.55,63.32887902192401,1.7043686095095403,0
FUN,momentum_breakout,breakout,3,2024-05-16,44.18,2024-07-18,51.82,trailing_stop,10.9722,True,63,84.28,17.39,70.48312762145487,1.6465728957356554,1
UPST,momentum_breakout,breakout,3,2024-07-12,26.92,2024-07-18,28.74,trailing_stop,17.4442,True,6,56.79,12.09,59.14226349776026,2.0172846699127445,1
LCID,momentum_breakout,breakout,3,2024-07-16,37.24,2024-07-18,35.69,trailing_stop,13.2358,False,2,-21.46,-4.35,80.25597791531683,2.135623578608712,0
RIVN,momentum_breakout,breakout,3,2024-07-02,14.28,2024-07-24,16.28,trailing_stop,27.5273,True,22,61.8,15.72,62.33801429139981,1.5024882095111685,1
TOST,momentum_breakout,breakout,3,2024-07-19,26.45,2024-07-24,24.85,stop_loss,20.4162,False,5,-33.77,-6.25,63.538598424492584,1.8052614343412292,0
CNX,momentum_breakout,breakout,3,2024-07-24,25.47,2024-07-30,26.64,bearish_divergence,9.8316,False,6,10.54,4.21,55.05379070192888,1.556661473544963,1
OPEN,momentum_breakout,breakout,3,2024-07-18,2.76,2024-08-01,2.18,stop_loss,199.768,False,14,-117.3,-21.27,70.32636306252927,2.6000075578003488,0
RS,momentum_breakout,breakout,3,2024-07-26,291.99,2024-08-12,270.37,stop_loss,1.8013,False,17,-39.95,-7.59,58.68188516882428,1.986415022263606,0
RKLB,momentum_breakout,breakout,3,2024-08-14,5.28,2024-08-27,6.46,trailing_stop,103.3873,True,13,108.31,19.84,53.92045443802356,1.855151581378182,1
CAVA,momentum_breakout,breakout,3,2024-08-12,90.09,2024-08-29,113.11,trailing_stop,5.9386,True,17,115.18,21.53,55.4699473823723,1.9654385480689613,1
BIRK,momentum_breakout,breakout,3,2024-08-19,62.95,2024-08-29,58.53,stop_loss,4.5159,False,10,-20.95,-7.37,67.55321767598474,1.5778256525179482,0
UPST,momentum_breakout,breakout,3,2024-07-19,28.11,2024-09-03,39.66,trailing_stop,19.3072,True,46,159.05,29.31,64.41030944569874,1.646608165951961,1
AFRM,momentum_breakout,breakout,3,2024-08-30,41.54,2024-09-06,39.57,trailing_stop,1.3466,False,7,-3.65,-6.53,73.21997603195962,5.801192645830457,0
VEEV,momentum_breakout,breakout,3,2024-08-30,218.22,2024-09-25,205.8,stop_loss,2.7143,False,26,-34.7,-5.86,74.86686159199229,2.5369809812096635,0
DKNG,momentum_breakout,breakout,3,2024-09-26,42.0,2024-10-02,37.77,stop_loss,14.9479,False,6,-64.2,-10.23,68.55984504630426,2.1626007064678348,0
U,momentum_breakout,breakout,3,2024-09-04,16.53,2024-10-03,20.85,trailing_stop,24.2807,True,29,87.26,21.74,54.23116665378301,1.9054351433566359,1
IOT,momentum_breakout,breakout,3,2024-08-28,41.91,2024-10-10,50.56,bearish_divergence,14.2536,True,43,114.09,19.1,63.891627856007396,1.533295889782985,1
CPRI,momentum_breakout,breakout,3,2024-09-12,40.49,2024-10-10,43.11,bearish_divergence,7.4209,False,28,18.42,6.13,71.18124325834458,2.2117474661130787,1
MDB,momentum_breakout,breakout,3,2024-10-11,292.09,2024-10-22,266.71,stop_loss,0.5099,False,11,-13.94,-9.36,57.391435512342376,2.503106726906663,0
LEVI,momentum_breakout,breakout,3,2024-10-03,17.7,2024-10-23,16.86,trailing_stop,34.4467,False,20,-30.04,-4.93,66.83088906335391,3.2765198907241975,0
MNDY,momentum_breakout,breakout,3,2024-10-28,300.3,2024-11-11,291.59,trailing_stop,0.3042,False,14,-3.65,-4.0,67.36956607293696,1.7158356047244936,0
GLBE,mean_reversion,bullish_div,2,2024-08-15,33.17,2024-11-12,42.49,mean_reversion_complete,16.8633,True,89,105.22,18.81,41.18339737130362,3.377823824131707,1
BILL,momentum_breakout,breakout,3,2024-11-12,85.71,2024-11-13,89.58,emotional_extreme,0.5931,False,1,1.3,2.55,87.78518223551687,2.5314284133147638,1
CPA,momentum_breakout,breakout,3,2024-10-04,84.89,2024-11-21,86.08,trailing_stop,7.303,False,48,7.7,1.24,57.859851852719146,1.5677191271486042,1
HUBS,momentum_breakout,breakout,3,2024-11-13,701.7,2024-11-22,741.87,bearish_divergence,0.9352,False,9,36.56,5.57,83.61736525271726,1.6753854217141502,1
DOCU,momentum_breakout,breakout,3,2024-10-11,69.13,2024-11-25,85.42,bearish_divergence,9.0222,True,45,128.26,20.56,75.20326629830511,6.894867200783944,1
BILL,momentum_breakout,breakout,3,2024-11-14,89.97,2024-11-25,93.67,bearish_divergence,1.2299,False,11,3.55,3.2,90.32522476601892,1.6015495992325395,1
TOST,momentum_breakout,breakout,3,2024-11-22,42.64,2024-12-04,39.15,trailing_stop,14.619,False,12,-52.07,-8.35,88.61796584885495,1.5665281671655378,0
IOT,momentum_breakout,breakout,3,2024-12-06,52.58,2024-12-10,48.48,stop_loss,7.1186,False,4,-30.18,-8.06,61.75321107484331,1.774089941846474,0
PCOR,momentum_breakout,breakout,3,2024-12-05,85.34,2024-12-31,75.06,stop_loss,6.4131,False,26,-66.9,-12.22,80.32154024190262,2.492525266080792,0
RIVN,momentum_breakout,breakout,2,2025-01-06,16.48,2025-01-08,14.89,stop_loss,29.9052,False,2,-48.7,-9.88,63.73769390645205,3.0244948252583184,0
AAL,momentum_breakout,breakout,3,2024-10-25,12.95,2025-01-10,18.36,bearish_divergence,47.6524,True,77,182.98,29.65,68.8863263862626,1.8911064647555689,1
AR,momentum_breakout,breakout,3,2025-01-10,38.66,2025-01-27,36.63,trailing_stop,11.7677,False,17,-24.9,-5.47,72.12220439531288,1.6787670161164137,0
BIRK,momentum_breakout,breakout,3,2024-12-11,54.52,2025-02-03,55.9,trailing_stop,6.4412,False,54,7.87,2.24,68.19675827457803,1.560537145332467,1
HUBS,momentum_breakout,breakout,3,2024-11-26,734.21,2025-02-13,818.89,bearish_divergence,0.6879,False,79,57.25,11.34,79.27780523074544,1.6515071013377953,1
GLBE,momentum_breakout,breakout,3,2024-11-25,50.05,2025-02-14,62.78,bearish_divergence,13.4218,True,81,144.47,21.51,79.39351584950175,1.5192628913195754,1
TWLO,momentum_breakout,breakout,3,2025-01-28,141.92,2025-02-14,133.38,trailing_stop,2.7157,False,17,-24.19,-6.28,77.79686070623085,2.4616881378508793,0
ROKU,momentum_breakout,breakout,3,2025-02-18,100.03,2025-02-19,93.92,stop_loss,0.9851,False,1,-7.02,-7.13,71.4133014179298,4.565400854309046,0
DAL,momentum_breakout,breakout,3,2025-01-13,65.08,2025-02-20,62.61,stop_loss,6.7468,False,38,-17.68,-4.03,64.39582568258842,3.228838880024382,0
HUBS,momentum_breakout,breakout,2,2025-02-14,818.92,2025-02-20,757.71,stop_loss,0.7765,False,6,-48.53,-7.63,70.36107756948219,2.2924289203262522,0
DKNG,momentum_breakout,breakout,3,2025-02-18,53.09,2025-02-20,49.76,stop_loss,12.9538,False,2,-44.13,-6.42,78.11532827408392,5.1110063105892705,0
IOT,momentum_breakout,breakout,3,2025-02-20,58.32,2025-02-24,50.82,stop_loss,2.0486,False,4,-16.37,-13.7,74.56949006739818,1.891823038991586,0
DASH,momentum_breakout,breakout,3,2025-02-04,191.03,2025-02-25,191.85,trailing_stop,3.5403,False,21,1.9,0.28,68.51477873037487,1.6096633783809469,1
RIVN,momentum_breakout,breakout,3,2025-02-21,12.72,2025-02-25,11.66,trailing_stop,51.716,False,4,-55.75,-8.47,53.87153760655503,1.9993265763862447,0
PCOR,momentum_breakout,breakout,3,2025-02-21,84.31,2025-02-27,76.09,stop_loss,7.8317,False,6,-65.35,-9.9,59.703919656644395,1.5924293410430195,0
SMCI,momentum_breakout,breakout,3,2025-02-21,61.06,2025-02-28,42.19,stop_loss,5.4885,False,7,-104.58,-31.21,72.98743057529771,1.8974659861137269,0
URBN,momentum_breakout,breakout,3,2025-03-03,58.5,2025-03-06,55.36,stop_loss,10.3464,False,3,-33.44,-5.52,57.09827224896213,1.6424266247379455,0
MT,momentum_breakout,breakout,3,2025-03-05,31.4,2025-03-12,29.83,trailing_stop,19.1938,False,7,-31.17,-5.17,66.06205928383667,2.112076847577428,0
VEEV,momentum_breakout,breakout,2,2025-03-10,244.34,2025-03-13,230.5,stop_loss,2.3947,False,3,-34.14,-5.84,60.224993039201294,2.0116865910535546,0
PKX,momentum_breakout,breakout,3,2025-03-06,49.72,2025-03-20,54.23,bearish_divergence,9.3901,False,14,41.39,8.87,58.26074902748851,1.9402812432870102,1
OKTA,momentum_breakout,breakout,3,2025-03-06,114.47,2025-03-25,116.6,bearish_divergence,5.2638,False,19,10.23,1.7,74.94170472722585,2.8106700840802197,1
PKX,momentum_breakout,breakout,3,2025-03-24,50.3,2025-04-02,45.92,trailing_stop,8.3229,False,9,-37.48,-8.95,58.208154956204524,3.6256866830839174,0
DASH,momentum_breakout,breakout,3,2025-03-24,193.0,2025-04-03,179.57,trailing_stop,3.0818,False,10,-42.39,-7.13,52.16256880674041,7.530433679939133,0
RS,mean_reversion,bullish_div,2,2025-03-24,275.58,2025-04-04,261.46,stop_loss,2.171,False,11,-31.66,-5.29,41.981664021860375,5.4732411625243085,0
CELH,momentum_breakout,breakout,3,2025-04-01,36.09,2025-04-22,37.8,bearish_divergence,16.196,False,21,26.73,4.57,68.59298389099776,1.5929280254056586,1
CAVA,momentum_breakout,breakout,3,2025-05-16,97.12,2025-05-21,85.88,stop_loss,2.0401,False,5,-23.92,-12.07,57.58075804235335,1.9364181727866723,0
OKTA,momentum_breakout,breakout,3,2025-04-30,109.6,2025-05-28,114.46,trailing_stop,5.2655,False,28,24.57,4.26,60.35746732304351,3.0951354945149654,1
RIVN,momentum_breakout,breakout,3,2025-05-08,12.93,2025-05-29,15.21,trailing_stop,31.7383,True,21,71.88,17.52,56.89111580339979,1.9391976214415003,1
DPZ,momentum_breakout,breakout,3,2025-04-29,478.38,2025-06-10,446.06,stop_loss,1.2064,False,42,-39.99,-6.93,59.333369689288375,1.9705287489164982,0
DUOL,momentum_breakout,breakout,3,2025-05-06,481.13,2025-06-10,486.13,trailing_stop,1.2101,False,35,5.04,0.87,77.37099598289822,1.808995126389608,1
U,momentum_breakout,breakout,3,2025-05-29,24.8,2025-06-17,23.59,trailing_stop,23.9326,False,19,-29.9,-5.04,59.38820670237939,3.313673823268759,0
PLAY,momentum_breakout,breakout,3,2025-06-11,28.88,2025-07-03,34.52,bearish_divergence,20.117,True,22,107.69,18.54,70.97309522021429,3.0268197501164407,1
ZM,momentum_breakout,breakout,3,2025-05-22,80.73,2025-07-11,73.9,stop_loss,2.3621,False,50,-17.14,-8.99,63.67211887204494,2.240066454381836,0
UPST,momentum_breakout,breakout,3,2025-06-20,59.96,2025-07-23,84.05,bearish_divergence,9.4385,True,33,163.26,28.85,59.3265079884717,2.1475060145908618,1
PKX,momentum_breakout,breakout,3,2025-07-07,55.69,2025-07-23,60.58,bearish_divergence,11.2572,False,16,54.01,8.61,71.81586158717745,1.9125039496739724,1
KALU,momentum_breakout,breakout,3,2025-06-11,77.12,2025-07-28,80.68,trailing_stop,7.261,False,47,24.82,4.43,72.50971089555651,1.5371746297298627,1
OPEN,momentum_breakout,breakout,3,2025-07-24,2.47,2025-07-29,2.28,trailing_stop,261.1836,False,5,-49.65,-7.7,67.76766290655677,1.6266500833562239,0
LEVI,momentum_breakout,breakout,3,2025-07-14,21.55,2025-07-30,19.78,stop_loss,23.2327,False,16,-42.12,-8.41,79.41421524028303,4.953115275982575,0
MT,momentum_breakout,breakout,2,2025-07-24,33.57,2025-07-31,31.3,stop_loss,12.5859,False,7,-29.59,-7.0,63.26668999633758,1.967302491409551,0
PCOR,momentum_breakout,breakout,3,2025-07-30,76.58,2025-07-31,72.48,stop_loss,7.744,False,1,-32.77,-5.53,69.82334293062412,1.570594935728952,0
WING,momentum_breakout,breakout,3,2025-07-31,366.94,2025-08-05,339.53,stop_loss,1.2868,False,5,-36.27,-7.68,62.36234079348988,3.8801545292956323,0
SMCI,momentum_breakout,breakout,3,2025-07-29,59.79,2025-08-06,55.43,stop_loss,10.2313,False,8,-45.56,-7.45,69.47691070775372,2.0333243217120773,0
CHEF,momentum_breakout,breakout,3,2025-08-01,68.28,2025-08-07,65.03,stop_loss,8.8252,False,6,-29.64,-4.92,60.897237107504665,1.5859951541605786,0
DASH,momentum_breakout,breakout,3,2025-08-07,272.91,2025-08-08,259.85,stop_loss,2.141,False,1,-28.96,-4.96,70.10901178322057,1.8716688227684346,0
GLBE,momentum_breakout,breakout,3,2025-08-08,35.22,2025-08-11,33.27,stop_loss,16.494,False,3,-33.22,-5.72,57.30713558290067,1.681584649663484,0
CPA,momentum_breakout,breakout,3,2025-08-08,109.99,2025-08-20,107.33,stop_loss,3.9432,False,12,-11.48,-2.65,66.44424942168334,2.576023194659834,0
VEEV,momentum_breakout,breakout,3,2025-05-30,277.15,2025-08-27,293.3,bearish_divergence,0.9261,False,89,13.95,5.44,74.22213943778341,4.152124218974889,1
VEEV,momentum_breakout,breakout,2,2025-08-28,285.63,2025-08-28,277.53,stop_loss,0.9814,False,0,-8.95,-3.19,62.37664036606385,2.4017761638097634,0
CELH,momentum_breakout,breakout,3,2025-08-12,54.3,2025-09-08,56.54,trailing_stop,9.904,False,27,21.14,3.93,68.70147733148168,1.8252777991932587,1
OPEN,momentum_breakout,breakout,3,2025-08-25,4.95,2025-09-10,5.98,trailing_stop,84.0206,True,16,79.62,19.14,71.40666241008908,2.6776271915305734,1
FANG,momentum_breakout,breakout,3,2025-08-04,140.72,2025-09-15,132.04,stop_loss,2.5529,False,42,-23.16,-6.45,54.62979730628541,1.5185072937592028,0
OPEN,momentum_breakout,breakout,3,2025-09-12,9.8,2025-09-22,9.18,trailing_stop,45.5453,False,10,-29.25,-6.55,80.98074427148127,2.4435952747191614,0
DOCU,momentum_breakout,breakout,3,2025-09-09,81.65,2025-09-30,76.43,trailing_stop,7.243,False,21,-38.79,-6.56,60.194659208599916,1.6409044930566552,0
LEVI,momentum_breakout,breakout,3,2025-09-23,22.55,2025-10-10,21.65,stop_loss,18.0176,False,17,-17.25,-4.24,67.67431067146673,2.0386864068739676,0
PATH,momentum_breakout,breakout,3,2025-10-02,13.09,2025-10-14,16.64,trailing_stop,41.8761,True,12,122.37,22.32,60.70776910659109,1.6103481962324007,1
DASH,momentum_breakout,breakout,3,2025-08-11,258.45,2025-10-22,253.31,trailing_stop,2.1942,False,72,-12.27,-2.16,68.35119703670357,1.5690875107000593,0
CENX,momentum_breakout,breakout,3,2025-09-16,26.25,2025-10-22,30.8,trailing_stop,13.0168,True,36,59.16,17.31,72.23530617498479,1.558588778107764,1
ARM,momentum_breakout,breakout,3,2025-10-13,160.97,2025-10-27,178.44,bearish_divergence,3.8388,False,14,66.07,10.69,63.327055933294425,1.5742812318975965,1
CPA,momentum_breakout,breakout,3,2025-10-15,122.63,2025-10-28,118.14,stop_loss,4.9347,False,13,-23.15,-3.83,64.73584859039195,2.034816540698225,0
TWLO,momentum_breakout,breakout,3,2025-10-31,126.98,2025-11-17,122.37,trailing_stop,4.9467,False,17,-23.82,-3.79,54.77535333623545,2.0721447108427777,0
MDB,momentum_breakout,breakout,3,2025-08-29,314.73,2025-11-20,336.16,trailing_stop,0.8342,True,83,31.42,11.97,74.93765111423149,2.6988787906237106,1
ATI,momentum_breakout,breakout,3,2025-10-24,90.09,2025-11-28,100.7,bearish_divergence,1.5908,False,35,15.88,11.08,61.82917563227519,1.896295518735628,1
AR,momentum_breakout,breakout,3,2025-11-21,33.36,2025-12-16,33.58,trailing_stop,18.6094,False,25,3.12,0.5,56.76062883369076,1.6256102329434812,1
CNX,momentum_breakout,breakout,3,2025-11-25,37.43,2025-12-26,36.84,trailing_stop,7.0978,False,31,-5.22,-1.96,72.06562361625471,1.5354230377166156,0
GLBE,momentum_breakout,breakout,3,2025-10-30,35.95,2026-01-09,41.55,bearish_divergence,17.3215,False,71,95.97,15.41,57.03336562401093,1.7881539577280683,1
ANF,momentum_breakout,breakout,3,2025-12-02,101.3,2026-01-12,116.75,trailing_stop,1.3716,True,41,22.02,15.85,74.48444913223761,1.5374681562714756,1
TWLO,momentum_breakout,breakout,3,2025-12-17,137.65,2026-01-14,129.6,trailing_stop,4.8037,False,28,-39.69,-6.0,64.27753346945913,1.620452291831232,0
AFRM,momentum_breakout,breakout,3,2026-01-06,81.71,2026-01-14,74.67,trailing_stop,7.9277,False,8,-56.81,-8.77,58.89600515047527,1.636661735911007,0
SHAK,momentum_breakout,breakout,3,2026-01-13,96.19,2026-01-26,90.6,trailing_stop,1.4568,False,13,-9.14,-6.52,61.65575172832074,1.5854524550250237,0
ZM,momentum_breakout,breakout,3,2026-01-27,96.85,2026-01-30,92.2,stop_loss,1.3062,False,3,-7.08,-5.59,61.930257580680376,3.579545749603167,0
U,mean_reversion,oversold,2,2026-02-02,30.29,2026-02-04,25.72,stop_loss,3.6589,False,2,-17.71,-15.98,29.03808328400459,7.270630836349513,0
KALU,momentum_breakout,breakout,3,2025-10-23,85.23,2026-02-11,143.28,bearish_divergence,7.1095,True,111,259.51,42.83,51.65556748666499,1.561263832557208,1
AA,momentum_breakout,breakout,3,2026-01-15,64.19,2026-02-25,64.5,bearish_divergence,8.2704,False,41,1.57,0.3,78.98323810459777,1.5384495644649225,1
ZM,momentum_breakout,breakout,3,2026-02-05,93.39,2026-02-25,85.77,trailing_stop,0.9988,False,20,-8.62,-9.24,54.22790195100438,1.5023357292963364,0
CPA,momentum_breakout,breakout,3,2026-01-15,120.94,2026-03-02,133.51,trailing_stop,5.5188,True,46,93.39,13.99,57.512291536977585,3.218630392984852,1
CHEF,momentum_breakout,breakout,3,2026-02-12,64.91,2026-03-03,65.12,trailing_stop,10.8392,False,19,1.3,0.18,50.55415364542424,1.6299009406476317,1
CAVA,momentum_breakout,breakout,3,2026-02-26,85.1,2026-03-03,77.77,stop_loss,8.5088,False,5,-63.35,-8.75,69.58774639050584,4.428072790169364,0
CELH,momentum_breakout,breakout,3,2026-02-27,55.23,2026-03-03,48.45,stop_loss,7.8109,False,4,-53.95,-12.51,65.2925388591708,2.947933428303929,0
FANG,momentum_breakout,breakout,3,2026-03-04,173.03,2026-03-09,180.68,bearish_divergence,3.9084,False,5,28.91,4.27,65.2751649002113,2.065732805090927,1
HBM,momentum_breakout,breakout,3,2026-03-03,25.05,2026-03-12,22.25,stop_loss,16.9136,False,9,-48.4,-11.42,59.3096800739412,1.6695500409961723,0
RIO,momentum_breakout,breakout,3,2026-01-12,77.98,2026-03-13,86.25,trailing_stop,8.4642,True,60,93.05,14.1,62.922677679128945,2.9321480029508975,1
AA,momentum_breakout,breakout,3,2026-03-05,60.87,2026-03-19,59.67,trailing_stop,11.024,False,14,-14.24,-2.12,58.589265549716,1.8990234047621148,0
BTU,momentum_breakout,breakout,3,2026-03-20,37.4,2026-03-31,35.29,trailing_stop,17.9254,False,11,-38.75,-5.78,63.20868061087921,3.123734747943645,0
OVV,momentum_breakout,breakout,3,2026-03-10,52.39,2026-04-14,55.52,trailing_stop,7.9679,False,35,23.98,5.74,73.42637399217328,1.7654724724442914,1
DVN,momentum_breakout,breakout,3,2026-03-20,48.42,2026-04-14,46.49,trailing_stop,0.8311,False,25,-2.61,-6.48,72.61095650466956,1.8129021387390263,0
FANG,momentum_breakout,breakout,2,2026-03-10,179.49,2026-04-17,179.8,trailing_stop,3.7584,False,38,0.18,0.03,68.17548305950108,1.6678139569055426,1
CENX,momentum_breakout,breakout,3,2026-04-01,59.83,2026-04-23,61.08,trailing_stop,10.4796,False,22,12.15,1.94,59.613240335916174,1.6181870956264455,1
ARM,momentum_breakout,breakout,3,2026-04-24,222.18,2026-04-28,211.12,trailing_stop,2.7925,False,4,-31.89,-5.14,76.54049891211223,2.0727040855541845,0
FUN,momentum_breakout,breakout,3,2026-03-18,17.43,2026-04-29,18.07,trailing_stop,39.3684,False,42,24.27,3.54,54.66092646149465,1.568712835605742,1
ARM,momentum_breakout,breakout,3,2026-04-29,202.8,2026-05-06,237.06,bearish_divergence,2.9799,False,7,101.1,16.73,65.22690149976091,1.515400394383409,1
PKX,momentum_breakout,breakout,3,2026-04-30,77.32,2026-05-13,82.47,trailing_stop,8.8815,True,13,83.22,12.12,75.43320746523561,1.970901289914464,1
BROS,momentum_breakout,breakout,3,2026-05-07,54.05,2026-05-13,49.88,stop_loss,3.7272,False,6,-16.54,-8.21,59.26433625434631,2.252116058334001,0
CENX,momentum_breakout,breakout,3,2026-05-14,64.53,2026-05-15,60.71,stop_loss,11.301,False,1,-44.18,-6.06,58.4140158778645,1.9098815216863205,0
DKNG,momentum_breakout,breakout,3,2026-05-07,24.22,2026-05-18,25.75,bearish_divergence,30.1352,False,11,45.23,6.2,53.396895646660475,1.7069751061711615,1
BHP,momentum_breakout,breakout,3,2026-05-14,88.19,2026-05-19,81.93,stop_loss,2.7176,False,5,-18.02,-7.52,74.39013738194703,1.6009825037497802,0
MDB,momentum_breakout,breakout,3,2026-05-19,338.97,2026-05-27,297.26,stop_loss,2.0869,False,8,-88.04,-12.45,64.79840196785287,1.6870688573937038,0
ARM,momentum_breakout,breakout,3,2026-05-21,267.16,2026-06-05,370.28,trailing_stop,2.6439,True,15,198.46,28.1,67.6195239711292,1.5098343956507765,1
MT,momentum_breakout,breakout,3,2026-05-21,62.62,2026-06-10,64.29,trailing_stop,4.2242,False,20,6.05,2.29,55.33702655549914,1.7733990147783252,1
STLD,momentum_breakout,breakout,3,2026-04-21,211.72,2026-06-12,281.84,bearish_divergence,3.1888,True,52,171.16,25.35,68.21323750254638,1.9770901650330155,1
KALU,momentum_breakout,breakout,3,2026-04-21,151.85,2026-06-12,189.63,bearish_divergence,3.0735,True,52,98.78,21.16,67.4908564463103,1.5992890023244155,1
DKNG,momentum_breakout,breakout,3,2026-06-11,29.09,2026-06-17,27.53,stop_loss,21.4129,False,6,-34.35,-5.51,65.78752260027731,2.243205566794938,0
IOT,momentum_breakout,breakout,3,2026-06-08,34.95,2026-07-20,38.51,bearish_divergence,21.825,False,42,76.73,10.06,63.530439740423375,2.6220314897800914,1
PATH,momentum_breakout,breakout,3,2026-07-21,11.91,2026-07-22,10.83,trailing_stop,64.3927,False,1,-70.86,-9.24,58.73877938257426,2.156329690694807,0
GLBE,momentum_breakout,breakout,3,2026-06-15,33.22,2026-07-23,35.05,trailing_stop,21.9812,False,38,39.16,5.36,56.070317348463426,1.6431355160906396,1
CROX,momentum_breakout,breakout,3,2026-05-28,118.29,2026-07-30,124.89,trailing_stop,6.3635,False,63,41.02,5.45,71.51921732820787,1.518129071862809,1
MNDY,momentum_breakout,breakout,3,2026-07-31,86.21,2026-08-17,84.78,trailing_stop,9.2912,False,17,-14.32,-1.79,57.42361194409818,1.5126955885531852,0
RS,momentum_breakout,breakout,3,2026-07-24,398.6,2026-08-20,384.83,trailing_stop,1.979,False,27,-28.25,-3.58,59.69018750366017,1.7097452551441426,0
OVV,momentum_breakout,breakout,3,2026-07-27,62.2,2026-08-21,66.75,bearish_divergence,11.1769,False,25,49.89,7.18,68.59577435416159,2.295503895968279,1
ROKU,momentum_breakout,breakout,3,2026-06-17,138.24,2026-08-25,159.6,bearish_divergence,0.2362,False,69,4.05,12.39,64.18670714865715,3.247325993404526,1
ESTC,momentum_breakout,breakout,3,2026-08-18,84.19,2026-08-28,99.81,bearish_divergence,9.5782,True,10,145.93,18.1,75.17069519483634,1.6576740557758565,1
SCCO,momentum_breakout,breakout,3,2026-08-24,219.22,2026-09-01,202.76,stop_loss,3.6378,False,8,-60.89,-7.64,64.59332653850232,1.6414386412871704,0
CHEF,momentum_breakout,breakout,3,2026-06-18,93.81,2026-09-01,115.52,end_of_sim,6.1348,True,0,118.06,20.51,77.71125641977498,1.5362537006372623,1
TECK,momentum_breakout,breakout,3,2026-08-24,69.72,2026-09-01,66.79,end_of_sim,11.4255,False,0,-33.48,-4.2,61.186010261246984,1.6416070074959994,0
ANF,momentum_breakout,breakout,3,2026-08-27,144.84,2026-09-01,140.68,end_of_sim,1.7218,False,0,-7.16,-2.87,76.14389416312845,9.241018192732017,0
VEEV,momentum_breakout,breakout,3,2026-08-31,275.06,2026-09-01,279.23,end_of_sim,2.9602,False,0,12.34,1.52,77.36250086891827,1.7741271500013398,1
