date,cash,positions_value,equity,n_positions,exposure
2021-09-22,1000.0,0.0,1000.0,0,0.0
2021-09-23,1000.0,0.0,1000.0,0,0.0
2021-09-24,1000.0,0.0,1000.0,0,0.0
2021-09-27,1000.0,0.0,1000.0,0,0.0
2021-09-28,1000.0,0.0,1000.0,0,0.0
2021-09-29,1000.0,0.0,1000.0,0,0.0
2021-09-30,1000.0,0.0,1000.0,0,0.0
2021-10-01,1000.0,0.0,1000.0,0,0.0
2021-10-04,1000.0,0.0,1000.0,0,0.0
2021-10-05,1000.0,0.0,1000.0,0,0.0
2021-10-06,1000.0,0.0,1000.0,0,0.0
2021-10-07,1000.0,0.0,1000.0,0,0.0
2021-10-08,1000.0,0.0,1000.0,0,0.0
2021-10-11,1000.0,0.0,1000.0,0,0.0
2021-10-12,1000.0,0.0,1000.0,0,0.0
2021-10-13,1000.0,0.0,1000.0,0,0.0
2021-10-14,1000.0,0.0,1000.0,0,0.0
2021-10-15,1000.0,0.0,1000.0,0,0.0
2021-10-18,1000.0,0.0,1000.0,0,0.0
2021-10-19,1000.0,0.0,1000.0,0,0.0
2021-10-20,1000.0,0.0,1000.0,0,0.0
2021-10-21,1000.0,0.0,1000.0,0,0.0
2021-10-22,1000.0,0.0,1000.0,0,0.0
2021-10-25,1000.0,0.0,1000.0,0,0.0
2021-10-26,1000.0,0.0,1000.0,0,0.0
2021-10-27,1000.0,0.0,1000.0,0,0.0
2021-10-28,1000.0,0.0,1000.0,0,0.0
2021-10-29,1000.0,0.0,1000.0,0,0.0
2021-11-01,1000.0,0.0,1000.0,0,0.0
2021-11-02,1000.0,0.0,1000.0,0,0.0
2021-11-03,1000.0,0.0,1000.0,0,0.0
2021-11-04,1000.0,0.0,1000.0,0,0.0
2021-11-05,1000.0,0.0,1000.0,0,0.0
2021-11-08,1000.0,0.0,1000.0,0,0.0
2021-11-09,1000.0,0.0,1000.0,0,0.0
2021-11-10,1000.0,0.0,1000.0,0,0.0
2021-11-11,1000.0,0.0,1000.0,0,0.0
2021-11-12,1000.0,0.0,1000.0,0,0.0
2021-11-15,1000.0,0.0,1000.0,0,0.0
2021-11-16,1000.0,0.0,1000.0,0,0.0
2021-11-17,1000.0,0.0,1000.0,0,0.0
2021-11-18,1000.0,0.0,1000.0,0,0.0
2021-11-19,1000.0,0.0,1000.0,0,0.0
2021-11-22,1000.0,0.0,1000.0,0,0.0
2021-11-23,1000.0,0.0,1000.0,0,0.0
2021-11-24,1000.0,0.0,1000.0,0,0.0
2021-11-26,1000.0,0.0,1000.0,0,0.0
2021-11-29,1000.0,0.0,1000.0,0,0.0
2021-11-30,1000.0,0.0,1000.0,0,0.0
2021-12-01,1000.0,0.0,1000.0,0,0.0
2021-12-02,1000.0,0.0,1000.0,0,0.0
2021-12-03,1000.0,0.0,1000.0,0,0.0
2021-12-06,1000.0,0.0,1000.0,0,0.0
2021-12-07,1000.0,0.0,1000.0,0,0.0
2021-12-08,1000.0,0.0,1000.0,0,0.0
2021-12-09,1000.0,0.0,1000.0,0,0.0
2021-12-10,1000.0,0.0,1000.0,0,0.0
2021-12-13,1000.0,0.0,1000.0,0,0.0
2021-12-14,1000.0,0.0,1000.0,0,0.0
2021-12-15,1000.0,0.0,1000.0,0,0.0
2021-12-16,1000.0,0.0,1000.0,0,0.0
2021-12-17,1000.0,0.0,1000.0,0,0.0
2021-12-20,1000.0,0.0,1000.0,0,0.0
2021-12-21,1000.0,0.0,1000.0,0,0.0
2021-12-22,1000.0,0.0,1000.0,0,0.0
2021-12-23,1000.0,0.0,1000.0,0,0.0
2021-12-27,1000.0,0.0,1000.0,0,0.0
2021-12-28,1000.0,0.0,1000.0,0,0.0
2021-12-29,1000.0,0.0,1000.0,0,0.0
2021-12-30,1000.0,0.0,1000.0,0,0.0
2021-12-31,1000.0,0.0,1000.0,0,0.0
2022-01-03,1000.0,0.0,1000.0,0,0.0
2022-01-04,1000.0,0.0,1000.0,0,0.0
2022-01-05,1000.0,0.0,1000.0,0,0.0
2022-01-06,1000.0,0.0,1000.0,0,0.0
2022-01-07,1000.0,0.0,1000.0,0,0.0
2022-01-10,1000.0,0.0,1000.0,0,0.0
2022-01-11,1000.0,0.0,1000.0,0,0.0
2022-01-12,1000.0,0.0,1000.0,0,0.0
2022-01-13,1000.0,0.0,1000.0,0,0.0
2022-01-14,1000.0,0.0,1000.0,0,0.0
2022-01-18,1000.0,0.0,1000.0,0,0.0
2022-01-19,1000.0,0.0,1000.0,0,0.0
2022-01-20,1000.0,0.0,1000.0,0,0.0
2022-01-21,1000.0,0.0,1000.0,0,0.0
2022-01-24,1000.0,0.0,1000.0,0,0.0
2022-01-25,1000.0,0.0,1000.0,0,0.0
2022-01-26,1000.0,0.0,1000.0,0,0.0
2022-01-27,1000.0,0.0,1000.0,0,0.0
2022-01-28,1000.0,0.0,1000.0,0,0.0
2022-01-31,1000.0,0.0,1000.0,0,0.0
2022-02-01,1000.0,0.0,1000.0,0,0.0
2022-02-02,1000.0,0.0,1000.0,0,0.0
2022-02-03,1000.0,0.0,1000.0,0,0.0
2022-02-04,1000.0,0.0,1000.0,0,0.0
2022-02-07,1000.0,0.0,1000.0,0,0.0
2022-02-08,1000.0,0.0,1000.0,0,0.0
2022-02-09,1000.0,0.0,1000.0,0,0.0
2022-02-10,1000.0,0.0,1000.0,0,0.0
2022-02-11,1000.0,0.0,1000.0,0,0.0
2022-02-14,1000.0,0.0,1000.0,0,0.0
2022-02-15,1000.0,0.0,1000.0,0,0.0
2022-02-16,1000.0,0.0,1000.0,0,0.0
2022-02-17,1000.0,0.0,1000.0,0,0.0
2022-02-18,1000.0,0.0,1000.0,0,0.0
2022-02-22,1000.0,0.0,1000.0,0,0.0
2022-02-23,1000.0,0.0,1000.0,0,0.0
2022-02-24,1000.0,0.0,1000.0,0,0.0
2022-02-25,1000.0,0.0,1000.0,0,0.0
2022-02-28,1000.0,0.0,1000.0,0,0.0
2022-03-01,1000.0,0.0,1000.0,0,0.0
2022-03-02,1000.0,0.0,1000.0,0,0.0
2022-03-03,1000.0,0.0,1000.0,0,0.0
2022-03-04,1000.0,0.0,1000.0,0,0.0
2022-03-07,1000.0,0.0,1000.0,0,0.0
2022-03-08,1000.0,0.0,1000.0,0,0.0
2022-03-09,1000.0,0.0,1000.0,0,0.0
2022-03-10,1000.0,0.0,1000.0,0,0.0
2022-03-11,1000.0,0.0,1000.0,0,0.0
2022-03-14,1000.0,0.0,1000.0,0,0.0
2022-03-15,1000.0,0.0,1000.0,0,0.0
2022-03-16,1000.0,0.0,1000.0,0,0.0
2022-03-17,1000.0,0.0,1000.0,0,0.0
2022-03-18,1000.0,0.0,1000.0,0,0.0
2022-03-21,1000.0,0.0,1000.0,0,0.0
2022-03-22,1000.0,0.0,1000.0,0,0.0
2022-03-23,1000.0,0.0,1000.0,0,0.0
2022-03-24,1000.0,0.0,1000.0,0,0.0
2022-03-25,1000.0,0.0,1000.0,0,0.0
2022-03-28,1000.0,0.0,1000.0,0,0.0
2022-03-29,1000.0,0.0,1000.0,0,0.0
2022-03-30,1000.0,0.0,1000.0,0,0.0
2022-03-31,1000.0,0.0,1000.0,0,0.0
2022-04-01,1000.0,0.0,1000.0,0,0.0
2022-04-04,1000.0,0.0,1000.0,0,0.0
2022-04-05,1000.0,0.0,1000.0,0,0.0
2022-04-06,1000.0,0.0,1000.0,0,0.0
2022-04-07,1000.0,0.0,1000.0,0,0.0
2022-04-08,1000.0,0.0,1000.0,0,0.0
2022-04-11,1000.0,0.0,1000.0,0,0.0
2022-04-12,1000.0,0.0,1000.0,0,0.0
2022-04-13,1000.0,0.0,1000.0,0,0.0
2022-04-14,1000.0,0.0,1000.0,0,0.0
2022-04-18,1000.0,0.0,1000.0,0,0.0
2022-04-19,1000.0,0.0,1000.0,0,0.0
2022-04-20,1000.0,0.0,1000.0,0,0.0
2022-04-21,1000.0,0.0,1000.0,0,0.0
2022-04-22,1000.0,0.0,1000.0,0,0.0
2022-04-25,1000.0,0.0,1000.0,0,0.0
2022-04-26,1000.0,0.0,1000.0,0,0.0
2022-04-27,1000.0,0.0,1000.0,0,0.0
2022-04-28,1000.0,0.0,1000.0,0,0.0
2022-04-29,1000.0,0.0,1000.0,0,0.0
2022-05-02,1000.0,0.0,1000.0,0,0.0
2022-05-03,1000.0,0.0,1000.0,0,0.0
2022-05-04,1000.0,0.0,1000.0,0,0.0
2022-05-05,1000.0,0.0,1000.0,0,0.0
2022-05-06,1000.0,0.0,1000.0,0,0.0
2022-05-09,1000.0,0.0,1000.0,0,0.0
2022-05-10,1000.0,0.0,1000.0,0,0.0
2022-05-11,1000.0,0.0,1000.0,0,0.0
2022-05-12,1000.0,0.0,1000.0,0,0.0
2022-05-13,1000.0,0.0,1000.0,0,0.0
2022-05-16,1000.0,0.0,1000.0,0,0.0
2022-05-17,1000.0,0.0,1000.0,0,0.0
2022-05-18,1000.0,0.0,1000.0,0,0.0
2022-05-19,1000.0,0.0,1000.0,0,0.0
2022-05-20,1000.0,0.0,1000.0,0,0.0
2022-05-23,1000.0,0.0,1000.0,0,0.0
2022-05-24,1000.0,0.0,1000.0,0,0.0
2022-05-25,1000.0,0.0,1000.0,0,0.0
2022-05-26,1000.0,0.0,1000.0,0,0.0
2022-05-27,1000.0,0.0,1000.0,0,0.0
2022-05-31,1000.0,0.0,1000.0,0,0.0
2022-06-01,1000.0,0.0,1000.0,0,0.0
2022-06-02,1000.0,0.0,1000.0,0,0.0
2022-06-03,1000.0,0.0,1000.0,0,0.0
2022-06-06,1000.0,0.0,1000.0,0,0.0
2022-06-07,1000.0,0.0,1000.0,0,0.0
2022-06-08,1000.0,0.0,1000.0,0,0.0
2022-06-09,1000.0,0.0,1000.0,0,0.0
2022-06-10,1000.0,0.0,1000.0,0,0.0
2022-06-13,1000.0,0.0,1000.0,0,0.0
2022-06-14,1000.0,0.0,1000.0,0,0.0
2022-06-15,1000.0,0.0,1000.0,0,0.0
2022-06-16,1000.0,0.0,1000.0,0,0.0
2022-06-17,1000.0,0.0,1000.0,0,0.0
2022-06-21,1000.0,0.0,1000.0,0,0.0
2022-06-22,1000.0,0.0,1000.0,0,0.0
2022-06-23,1000.0,0.0,1000.0,0,0.0
2022-06-24,1000.0,0.0,1000.0,0,0.0
2022-06-27,1000.0,0.0,1000.0,0,0.0
2022-06-28,1000.0,0.0,1000.0,0,0.0
2022-06-29,1000.0,0.0,1000.0,0,0.0
2022-06-30,1000.0,0.0,1000.0,0,0.0
2022-07-01,1000.0,0.0,1000.0,0,0.0
2022-07-05,1000.0,0.0,1000.0,0,0.0
2022-07-06,1000.0,0.0,1000.0,0,0.0
2022-07-07,1000.0,0.0,1000.0,0,0.0
2022-07-08,1000.0,0.0,1000.0,0,0.0
2022-07-11,600.0,399.800099950025,999.800099950025,2,0.39988003598920324
2022-07-12,600.0,401.3776655402979,1001.3776655402979,2,0.4008254621134702
2022-07-13,600.0,406.51247072832865,1006.5124707283287,2,0.40388219972492706
2022-07-14,600.0,400.10777798826655,1000.1077779882665,2,0.40006465982405415
2022-07-15,600.0,407.14580056060356,1007.1458005606036,2,0.40425706023296293
2022-07-18,397.03,617.7255019538607,1014.7555019538606,3,0.6087431906153367
2022-07-19,189.98999999999998,845.0999403811963,1035.0899403811964,4,0.8164507328416005
2022-07-20,189.98999999999998,866.1570280954116,1056.1470280954115,4,0.8201102735263898
2022-07-21,189.98999999999998,871.1832336082025,1061.1732336082025,4,0.8209623141793769
2022-07-22,189.98999999999998,845.2152191659677,1035.2052191659677,4,0.8164711725921658
2022-07-25,189.98999999999998,879.168125175587,1069.158125175587,4,0.8222994377292899
2022-07-26,189.98999999999998,872.1211427252742,1062.1111427252742,4,0.8211204154091595
2022-07-27,189.98999999999998,895.838085378065,1085.828085378065,4,0.8250275503475774
2022-07-28,248.72863232011343,831.8315320647607,1080.560164384874,4,0.7698151009835662
2022-07-29,307.6063474171082,783.9584909679677,1091.564838385076,4,0.7181969072288927
2022-08-01,328.3688999167916,773.1916823866668,1101.5605823034584,4,0.7019057279354134
2022-08-02,278.2988999167916,824.4063680273299,1102.7052679441215,4,0.747621682776894
2022-08-03,323.28650074860934,772.877169694319,1096.1636704429284,4,0.7050746075009232
2022-08-04,532.3187817697356,566.5738309633336,1098.8926127330692,3,0.5155861677459102
2022-08-05,582.2115029771171,517.3699279880029,1099.58143096512,3,0.4705153373987947
2022-08-08,361.7715029771171,740.3207212811925,1102.0922242583097,4,0.6717411710071872
2022-08-09,503.25128808733587,602.0026571385938,1105.2539452259298,3,0.5446736107470178
2022-08-10,503.25128808733587,628.1993844941907,1131.4506725815265,3,0.5552158832173267
2022-08-11,566.5093013290708,577.7837330273474,1144.293034356418,3,0.5049263743463307
2022-08-12,566.5093013290708,589.8591501365311,1156.368451465602,3,0.5100961976167139
2022-08-15,566.5093013290708,594.7403725586832,1161.249673887754,3,0.5121554700356116
2022-08-16,332.8993013290708,835.0553729229415,1167.9546742520124,4,0.7149724140260254
2022-08-17,332.8993013290708,821.4762107190293,1154.3755120481,4,0.7116195745191798
2022-08-18,430.09274892877175,745.2750848576701,1175.367833786442,4,0.6340781697732615
2022-08-19,640.9568407767226,516.8714017264487,1157.8282425031712,3,0.4464145740727455
2022-08-22,297.8568407767226,863.6368178882909,1161.4936586650135,4,0.7435570667522452
2022-08-23,297.8568407767226,867.4744066313682,1165.3312474080908,4,0.7444015669886047
2022-08-24,297.8568407767226,875.55867138478,1173.4155121615026,4,0.7461625164405299
2022-08-25,297.8568407767226,898.435630328134,1196.2924711048568,4,0.7510167053867423
2022-08-26,297.8568407767226,882.7550071534973,1180.61184793022,4,0.7477097648148222
2022-08-29,297.8568407767226,872.8163164882018,1170.6731572649244,4,0.7455678906377133
2022-08-30,452.70481531259816,688.2303627012951,1140.9351780138932,3,0.6032160073277314
2022-08-31,673.9287570372859,449.2781923521479,1123.2069493894337,2,0.3999959157983949
2022-09-01,450.3887570372859,667.1807022557756,1117.5694592930615,3,0.5969926045382563
2022-09-02,224.41875703728593,905.3421541885218,1129.7609112258078,4,0.8013573006400193
2022-09-06,224.41875703728593,925.3714649531242,1149.7902219904101,4,0.8048176504329695
2022-09-07,224.41875703728593,924.1659269629763,1148.5846840002623,4,0.8046127898417678
2022-09-08,224.41875703728593,935.6414780200769,1160.060235057363,4,0.8065455997410437
2022-09-09,224.41875703728593,960.309683154678,1184.728440191964,4,0.8105736728993161
2022-09-12,224.41875703728593,952.0568799374948,1176.4756369747809,4,0.8092448751302984
2022-09-13,224.41875703728593,916.1595124554322,1140.5782694927182,4,0.8032412478478148
2022-09-14,211.41011020625447,888.0162873522181,1099.4263975584727,4,0.807708719132323
2022-09-15,211.41011020625447,882.0832498550518,1093.4933600613062,4,0.8066653919193421
2022-09-16,194.55487696377415,875.5332004456247,1070.088077409399,4,0.8181879781010395
2022-09-19,194.55487696377415,884.9758064395713,1079.5306834033454,4,0.8197782796220138
2022-09-20,194.55487696377415,858.1808380684131,1052.7357150321873,4,0.8151911498910003
2022-09-21,581.4112441321017,441.9143357652644,1023.3255798973662,2,0.43184138503562663
2022-09-22,176.13124413210176,836.8577328230468,1012.9889769551486,4,0.8261271858440962
2022-09-23,367.63092695432493,616.3572813252908,983.9882082796157,3,0.6263868572194752
2022-09-26,173.59092695432494,796.4999366630439,970.0908636173688,4,0.8210570437628675
2022-09-27,173.59092695432494,806.4952630375287,980.0861899918536,4,0.8228819784148088
2022-09-28,173.59092695432494,831.2654751029811,1004.856402057306,4,0.827248026087189
2022-09-29,173.59092695432494,812.2269835880543,985.8179105423792,4,0.8239117740731468
2022-09-30,173.59092695432494,799.1865090863657,972.7774360406906,4,0.8215512402704788
2022-10-03,173.59092695432494,822.9064921265855,996.4974190809104,4,0.825798919665611
2022-10-04,173.59092695432494,858.6980788932445,1032.2890058475696,4,0.8318388300456646
2022-10-05,173.59092695432494,850.9265027832224,1024.5174297375474,4,0.8305632272173309
2022-10-06,173.59092695432494,839.6504369409304,1013.2413638952553,4,0.8286776150877018
2022-10-07,173.59092695432494,823.8165052557079,997.4074322100328,4,0.8259578569916147
2022-10-10,173.59092695432494,836.4570877729045,1010.0480147272294,4,0.8281359653964526
2022-10-11,173.59092695432494,834.4917514011042,1008.0826783554292,4,0.8278009029601435
2022-10-12,173.59092695432494,845.0162273761782,1018.6071543305031,4,0.8295801023816483
2022-10-13,230.7927560859231,804.0846073258463,1034.8773634117692,4,0.7769854049903568
2022-10-14,193.67275608592308,808.3788470168193,1002.0516031027424,4,0.8067237700271755
2022-10-17,193.67275608592308,835.5248671396769,1029.1976232256,4,0.8118216057680595
2022-10-18,193.67275608592308,857.9433890636433,1051.6161451495664,4,0.8158332230070717
2022-10-19,193.67275608592308,849.1894664726277,1042.862222558551,4,0.8142873028703947
2022-10-20,193.67275608592308,828.1056159280654,1021.7783720139885,4,0.8104552206324527
2022-10-21,390.7830713484992,645.6611890102387,1036.444260358738,3,0.6229579473832583
2022-10-24,390.7830713484992,641.0442509380641,1031.8273222865632,3,0.6212708629555272
2022-10-25,454.26922036860276,597.9506213474272,1052.2198417160298,3,0.5682753714017117
2022-10-26,430.52922036860275,620.8705123257073,1051.39973269431,3,0.590518042775861
2022-10-27,430.52922036860275,618.7538115269606,1049.2830318955635,3,0.5896920017939887
2022-10-28,422.3714270721763,622.4102892352234,1044.7817163073996,3,0.5957323711933101
2022-10-31,422.3714270721763,613.2665427331422,1035.6379698053183,3,0.5921630537053653
2022-11-01,422.3714270721763,619.7838990990258,1042.155326171202,3,0.5947135552010888
2022-11-02,417.28071604567947,576.2130935326702,993.4938095783497,3,0.5799865967732821
2022-11-03,216.61071604567948,786.6530830551932,1003.2637991008727,4,0.7840939579003982
2022-11-04,216.61071604567948,791.2006510254284,1007.811367071108,4,0.7850681951770483
2022-11-07,216.61071604567948,793.724777463879,1010.3354935095585,4,0.785605160427208
2022-11-08,216.61071604567948,785.3210938500338,1001.9318098957133,4,0.783806927870445
2022-11-09,372.34534749718574,608.2405528278719,980.5859003250575,3,0.6202827846354351
2022-11-10,372.34534749718574,647.0552828481208,1019.4006303453066,3,0.6347409091055207
2022-11-11,372.34534749718574,648.7114639868065,1021.0568114839923,3,0.6353333690061542
2022-11-14,372.34534749718574,646.3045491803641,1018.6498966775498,3,0.6344717172095778
2022-11-15,372.34534749718574,644.0573906489656,1016.4027381461513,3,0.6336635729884809
2022-11-16,372.34534749718574,620.6477785981601,992.9931260953458,3,0.6250272658368498
2022-11-17,372.34534749718574,616.15290029369,988.4982477908757,3,0.623322197758758
2022-11-18,372.34534749718574,617.2044107357393,989.5497582329251,3,0.6237224612513711
2022-11-21,372.34534749718574,613.8541849531582,986.1995324503439,3,0.622444206019806
2022-11-22,372.34534749718574,619.2568883599083,991.602235857094,3,0.6245013030095198
2022-11-23,372.34534749718574,623.6337745162364,995.979122013422,3,0.6261514531103114
2022-11-25,171.63534749718573,831.8013729050609,1003.4367204022467,4,0.8289524949531621
2022-11-28,171.63534749718573,802.969006384882,974.6043538820678,4,0.8238922832495836
2022-11-29,361.8652040391315,618.7613297150567,980.6265337541882,3,0.630985710070701
2022-11-30,361.8652040391315,641.1516523071529,1003.0168563462844,3,0.6392232077162618
2022-12-01,361.8652040391315,633.617320005493,995.4825240446245,3,0.6364926602941448
2022-12-02,361.8652040391315,650.3253418119353,1012.1905458510669,3,0.6424930014191457
2022-12-05,361.8652040391315,638.3818476018282,1000.2470516409597,3,0.638224173272521
2022-12-06,161.43520403913152,840.5989228481324,1002.0341268872639,4,0.8388925090399698
2022-12-07,161.43520403913152,824.3650122355942,985.8002162747257,4,0.8362394313026381
2022-12-08,161.43520403913152,818.9257164870614,980.360920526193,4,0.8353308453457285
2022-12-09,161.43520403913152,810.0935235150947,971.5287275542262,4,0.8338338337708898
2022-12-12,161.43520403913152,812.0125706509443,973.4477746900759,4,0.8341614124183201
2022-12-13,161.43520403913152,805.1308886694975,966.566092708629,4,0.8329806877595529
2022-12-14,161.43520403913152,802.9093557594883,964.3445597986199,4,0.8325959301591919
2022-12-15,346.7386455261843,585.8409484658566,932.5795939920409,3,0.6281940461061133
2022-12-16,158.9386455261843,779.9787573817127,938.917402907897,4,0.8307213765194473
2022-12-19,344.86852900843155,579.4563225648876,924.3248515733192,3,0.6268968334872516
2022-12-20,158.31852900843154,774.3316584827601,932.6501874911917,4,0.8302487565736678
2022-12-21,158.31852900843154,800.8529121124283,959.1714411208598,4,0.8349424073516774
2022-12-22,158.31852900843154,790.7711881555529,949.0897171639845,4,0.8331890798674861
2022-12-23,158.31852900843154,792.172304068445,950.4908330768765,4,0.8334349753843164
2022-12-27,158.31852900843154,808.9264556585518,967.2449846669833,4,0.8363201344869835
2022-12-28,158.31852900843154,791.9908458835524,950.3093748919839,4,0.8334031703870893
2022-12-29,158.31852900843154,810.2298181561392,968.5483471645707,4,0.8365403962828395
2022-12-30,158.31852900843154,797.6653838585299,955.9839128669614,4,0.8343920573583294
2023-01-03,158.31852900843154,797.2423552972813,955.5608843057128,4,0.834318742417484
2023-01-04,158.31852900843154,822.2088164882277,980.5273454966593,4,0.8385373648827309
2023-01-05,387.9086769887697,593.0339986111843,980.942675599954,3,0.6045552032370077
2023-01-06,245.5232590922125,747.70959837309,993.2328574653025,4,0.7528039298671817
2023-01-09,210.3132590922125,808.8623718193695,1019.175630911582,4,0.7936437521528044
2023-01-10,264.21702030746405,772.3000992695738,1036.5171195770379,4,0.7450915037319589
2023-01-11,213.12702030746405,830.891911979097,1044.018932286561,4,0.7958590465015004
2023-01-12,263.4775594458552,785.8323061545185,1049.3098656003738,4,0.7489039528899275
2023-01-13,263.4775594458552,805.754027644446,1069.2315870903012,4,0.7535823271337724
2023-01-17,263.4775594458552,795.7093219408727,1059.186881386728,4,0.7512454467894274
2023-01-18,263.4775594458552,793.4277585203774,1056.9053179662326,4,0.7507084551785054
2023-01-19,610.5028636116058,429.03909804916316,1039.541961660769,2,0.41271936475150234
2023-01-20,610.5028636116058,440.0030043597668,1050.5058679713725,2,0.4188486878321344
2023-01-23,610.5028636116058,450.3808768538479,1060.8837404654537,2,0.4245336785501559
2023-01-24,399.4728636116058,655.551945837276,1055.0248094488818,3,0.6213616399975652
2023-01-25,399.4728636116058,656.3439580314911,1055.8168216430968,3,0.6216456724094119
2023-01-26,399.4728636116058,669.6157144758688,1069.0885780874746,3,0.6263425951793115
2023-01-27,399.4728636116058,668.363496794567,1067.8363604061728,3,0.6259044190444514
2023-01-30,399.4728636116058,666.0142819107476,1065.4871455223533,3,0.6250796029868902
2023-01-31,399.4728636116058,679.7374745075208,1079.2103381191266,3,0.6298470747529934
2023-02-01,457.0256519602661,632.1224937673933,1089.1481457276593,3,0.5803824725286316
2023-02-02,517.9336536457498,585.3105867673494,1103.2442404130993,3,0.5305358191112653
2023-02-03,517.9336536457498,592.2070632245661,1110.1407168703158,3,0.5334522499941298
2023-02-06,297.77365364574985,802.9147578758113,1100.6884115215612,4,0.7294659864419616
2023-02-07,297.77365364574985,821.4892268197583,1119.2628804655083,4,0.7339555712578406
2023-02-08,297.77365364574985,797.9606069163865,1095.7342605621363,4,0.7282428191184008
2023-02-09,261.9397296012206,824.1684979767504,1086.1082275779709,4,0.7588272301505827
2023-02-10,399.8870761301904,601.6707715892293,1001.5578477194197,3,0.6007349180671426
2023-02-13,198.55707613019038,807.9856527215549,1006.5427288517452,4,0.8027335845377349
2023-02-14,198.55707613019038,823.3816261429182,1021.9387022731086,4,0.805705493207628
2023-02-15,174.12707613019037,858.1059207401707,1032.2329968703611,4,0.8313102984906234
2023-02-16,174.12707613019037,855.558796666968,1029.6858727971583,4,0.8308930123930212
2023-02-17,174.12707613019037,841.9546610753148,1016.0817372055052,4,0.828628869357414
2023-02-21,171.10615449477223,811.9511537709491,983.0573082657213,4,0.8259448833185196
2023-02-22,171.10615449477223,826.4792882254997,997.5854427202719,4,0.8284796999160389
2023-02-23,148.81615449477223,820.0393964317147,968.855550926487,4,0.846400059996081
2023-02-24,328.97145982406926,620.3540110700353,949.3254708941046,3,0.6534682046250865
2023-02-27,134.15145982406926,839.8451088960707,973.99656872014,4,0.8622670098311042
2023-02-28,134.15145982406926,869.6195698574154,1003.7710296814846,4,0.8663525287568441
2023-03-01,198.152936804796,802.0508953194318,1000.2038321242278,4,0.8018874448981466
2023-03-02,198.152936804796,823.2616002055527,1021.4145370103487,4,0.8060014522754062
2023-03-03,198.152936804796,847.5567132215617,1045.7096500263578,4,0.8105086466402968
2023-03-06,198.152936804796,827.5926985241123,1025.7456353289083,4,0.8068205898421809
2023-03-07,198.152936804796,809.5689306781162,1007.7218674829122,4,0.8033654491395107
2023-03-08,198.152936804796,814.3734684889336,1012.5264052937296,4,0.8042984995069707
2023-03-09,359.73855521143554,620.5292470375683,980.2678022490038,3,0.6330201253309592
2023-03-10,339.97446599876423,566.6762939363291,906.6507599350933,3,0.6250215838090701
2023-03-13,339.97446599876423,553.7805862897898,893.755052288554,3,0.6196111393963886
2023-03-14,339.97446599876423,563.9629957961656,903.9374617949298,3,0.6238960322280659
2023-03-15,350.8558895754976,516.679325231122,867.5352148066196,3,0.5955715876574461
2023-03-16,350.8558895754976,523.093000543465,873.9488901189626,3,0.5985395787530106
2023-03-17,334.5028417663545,525.4320504548696,859.9348922212241,3,0.6110137583761382
2023-03-20,512.4099064768877,346.57172799945397,858.9816344763417,2,0.403468146569552
2023-03-21,512.4099064768877,350.0986211660921,862.5085276429797,2,0.40590743157383513
2023-03-22,512.4099064768877,341.9308721907572,854.3407786676449,2,0.4002277319877001
2023-03-23,512.4099064768877,349.46713138792796,861.8770378648157,2,0.4054721451376471
2023-03-24,340.6599064768877,517.979584977296,858.6394914541837,3,0.6032561862488419
2023-03-27,340.6599064768877,514.8165509312992,855.4764574081869,3,0.6017892678087536
2023-03-28,340.6599064768877,504.9390297611542,845.5989362380419,3,0.5971377305742144
2023-03-29,340.6599064768877,516.3255955602217,856.9855020371094,3,0.6024904672633116
2023-03-30,340.6599064768877,522.4248661416981,863.0847726185858,3,0.6052995982731443
2023-03-31,340.6599064768877,540.5951199372239,881.2550264141116,3,0.613437771965901
2023-04-03,166.07990647688771,706.7532181224437,872.8331245993314,4,0.8097231855709811
2023-04-04,166.07990647688771,701.2998511442058,867.3797576210935,4,0.8085268822362371
2023-04-05,329.8018893315775,502.3993863636929,832.2012756952704,3,0.603699370616752
2023-04-06,329.8018893315775,508.33367524090124,838.1355645724788,3,0.6065053157602197
2023-04-10,329.8018893315775,510.7245997117959,840.5264890433734,3,0.6076246333331693
2023-04-11,161.36188933157752,680.7525832485148,842.1144725800923,4,0.8083848519581991
2023-04-12,474.5250440047686,333.81795497005567,808.3429989748242,2,0.4129657279068639
2023-04-13,474.5250440047686,345.27754054910844,819.8025845538771,2,0.4211715686856522
2023-04-14,474.5250440047686,341.8070324460451,816.3320764508137,2,0.41871077017104075
2023-04-17,310.43504400476854,509.9468584370603,820.3819024418289,3,0.6215969134853256
2023-04-18,310.43504400476854,515.3663065433657,825.8013505481342,3,0.6240802418175824
2023-04-19,310.43504400476854,502.47616181767364,812.9112058224422,3,0.6181193692726946
2023-04-20,310.43504400476854,485.5968399937369,796.0318839985055,3,0.6100218468066395
2023-04-21,615.3291192662862,176.67022064681214,791.9993399130983,1,0.22306864632765627
2023-04-24,457.73911926628614,330.1170992156294,787.8562184819156,2,0.41900678254684226
2023-04-25,303.48911926628614,467.6979936658977,771.1871129321838,3,0.6064650015838968
2023-04-26,303.48911926628614,488.2162608209344,791.7053800872205,3,0.6166640686048497
2023-04-27,303.48911926628614,496.9550128648498,800.4441321311359,3,0.6208490922929699
2023-04-28,303.48911926628614,507.8419999521428,811.331119218429,3,0.6259367943896407
2023-05-01,303.48911926628614,500.39470918232394,803.8838284486101,3,0.6224714212102261
2023-05-02,303.48911926628614,487.758511989308,791.2476312555941,3,0.6164423029176171
2023-05-03,303.48911926628614,488.26172193652644,791.7508412028126,3,0.6166860791644612
2023-05-04,303.48911926628614,498.1628952495584,801.6520145158445,3,0.6214203747126146
2023-05-05,303.48911926628614,508.02446212633856,811.5135813926247,3,0.626020899434026
2023-05-08,303.48911926628614,526.3662809018703,829.8554001681564,3,0.6342867453717972
2023-05-09,286.97911926628615,534.2513477794411,821.2304670457272,3,0.650549838587142
2023-05-10,382.5516315328372,446.8850996540201,829.4367311868573,3,0.5387814197890217
2023-05-11,515.6573662893646,303.0346039208756,818.6919702102402,2,0.37014483462327874
2023-05-12,352.62736628936466,462.43636444498225,815.0637307343469,3,0.5673622159930262
2023-05-15,352.62736628936466,477.2700817168778,829.8974480062425,3,0.5750952516645018
2023-05-16,344.87794126414013,475.06419597418426,819.9421372383244,3,0.5793874645523944
2023-05-17,177.16794126414013,661.2892128984563,838.4571541625965,4,0.7886976807525896
2023-05-18,177.16794126414013,678.2042445678552,855.3721858319954,4,0.7928761956506523
2023-05-19,177.16794126414013,666.1265003523785,843.2944416165186,4,0.7899097485754497
2023-05-22,177.16794126414013,685.1871386034069,862.355079867547,4,0.7945533743578664
2023-05-23,177.16794126414013,681.7633399797094,858.9312812438495,4,0.7937344405392049
2023-05-24,152.66794126414013,701.9255144799471,854.5934557440872,4,0.821356060898906
2023-05-25,152.66794126414013,681.7267758313723,834.3947170955124,4,0.8170315102238784
2023-05-26,200.35995957601511,655.7467470892432,856.1067066652583,4,0.7659638009887045
2023-05-30,200.35995957601511,673.3620000935875,873.7219596696027,4,0.7706822435231213
2023-05-31,268.72497216475034,630.0224336832621,898.7474058480125,4,0.7010005587596716
2023-06-01,268.72497216475034,623.953402300216,892.6783744649663,4,0.6989677583196605
2023-06-02,370.03708957717305,584.5720092105048,954.6090987876778,4,0.612367941970061
2023-06-05,481.6363970053012,482.0395825984864,963.6759796037876,3,0.500209191471884
2023-06-06,481.6363970053012,485.6227706949419,967.2591677002431,3,0.5020606543844494
2023-06-07,481.6363970053012,471.11238576185156,952.7487827671528,3,0.4944770271902716
2023-06-08,481.6363970053012,474.0582569904051,955.6946539957063,3,0.49603527131641245
2023-06-09,624.3299784619867,322.77001639520194,947.0999948571887,2,0.34079824532558656
2023-06-12,624.3299784619867,327.59778617699294,951.9277646389796,2,0.3441414341993008
2023-06-13,624.3299784619867,328.7143884213606,953.0443668833473,2,0.3449098487369741
2023-06-14,243.72997846198666,707.594357150833,951.3243356128197,4,0.7437992813408039
2023-06-15,243.72997846198666,713.4051011932886,957.1350796552753,4,0.7453546697402741
2023-06-16,243.72997846198666,699.0302123341827,942.7601907961694,4,0.7414719237814289
2023-06-20,243.72997846198666,693.4360073137314,937.165985775718,4,0.7399286976252721
2023-06-21,188.44997846198666,733.761968597815,922.2119470598017,4,0.7956543730941641
2023-06-22,169.91997846198666,753.763159542344,923.6831380043307,4,0.8160408353571245
2023-06-23,169.91997846198666,750.7675666872813,920.6875451492679,4,0.815442297055905
2023-06-26,169.91997846198666,745.809166335866,915.7291447978528,4,0.8144429721088581
2023-06-27,169.91997846198666,768.0947843506394,938.014762812626,4,0.8188514880592246
2023-06-28,169.91997846198666,779.9491187882106,949.8690972501972,4,0.8211122154053725
2023-06-29,169.91997846198666,777.1085813481245,947.0285598101111,4,0.8205756556105792
2023-06-30,169.91997846198666,781.5237412031187,951.4437196651054,4,0.8214082715036511
2023-07-03,169.91997846198666,794.9885405566706,964.9085190186572,4,0.8239004267111242
2023-07-05,169.91997846198666,780.3020080770086,950.2219865389952,4,0.8211786499690581
2023-07-06,340.914502727903,580.4445392667055,921.3590419946086,3,0.6299873478314463
2023-07-07,532.9805488932243,385.08388074460447,918.0644296378288,2,0.4194519124289761
2023-07-10,347.65054889322425,578.9294814527859,926.5800303460102,3,0.6248024590348639
2023-07-11,347.65054889322425,591.3010484148234,938.9515973080477,3,0.6297460381451714
2023-07-12,347.65054889322425,596.8644367094411,944.5149856026653,3,0.6319269104328722
2023-07-13,347.65054889322425,611.7286214214557,959.37917031468,3,0.6376296675492823
2023-07-14,347.65054889322425,597.2956933525832,944.9462422458074,3,0.632094892438558
2023-07-17,347.65054889322425,605.9203471971172,953.5708960903414,3,0.6354224417727113
2023-07-18,404.0311910483042,563.8419567723914,967.8731478206956,3,0.5825577019488163
2023-07-19,404.0311910483042,549.5474124087036,953.5786034570078,3,0.5763000663148583
2023-07-20,565.3723735343273,372.0151060349227,937.38747956925,2,0.3968637454021381
2023-07-21,565.3723735343273,371.86094621043645,937.2333197447638,2,0.3967645391776139
2023-07-24,565.3723735343273,371.47331553655613,936.8456890708834,2,0.39651494357087214
2023-07-25,565.3723735343273,370.0101469091601,935.3825204434874,2,0.3955709443166945
2023-07-26,565.3723735343273,370.2456390469256,935.6180125812529,2,0.3957230772262114
2023-07-27,552.2290271740843,375.22794364459116,927.4569708186755,2,0.4045771992132139
2023-07-28,552.2290271740843,389.60971120250247,941.8387383765868,2,0.41366923585459925
2023-07-31,552.2290271740843,397.8378582528998,950.0668854269841,2,0.41874721070201437
2023-08-01,552.2290271740843,394.7142144982423,946.9432416723266,2,0.4168298553999569
2023-08-02,552.2290271740843,380.8526834364682,933.0817106105526,2,0.4081664864990882
2023-08-03,552.2290271740843,386.8218461261545,939.0508733002389,2,0.4119285303113472
2023-08-04,552.2290271740843,381.6590066232924,933.8880337973767,2,0.40867747825335127
2023-08-07,364.8790271740843,571.7941739956566,936.6732011697409,3,0.6104521547980509
2023-08-08,364.8790271740843,567.9068917621493,932.7859189362335,3,0.6088287572027254
2023-08-09,364.8790271740843,543.3486181970372,908.2276453711215,3,0.5982515737835895
2023-08-10,345.4668108077051,535.1050652435097,880.5718760512148,3,0.6076790319980507
2023-08-11,511.73947179502215,372.2982252741004,884.0376970691225,2,0.4211338798202749
2023-08-14,511.73947179502215,381.8165684688096,893.5560402638317,2,0.42730008109628387
2023-08-15,511.73947179502215,372.4240059071042,884.1634777021263,2,0.4212162290111845
2023-08-16,511.73947179502215,368.70440280954847,880.4438746045706,2,0.4187710465646011
2023-08-17,511.73947179502215,361.0311012741944,872.7705730692165,2,0.4136609464324391
2023-08-18,511.73947179502215,365.4105397772372,877.1500115722594,2,0.4165884226829709
2023-08-21,334.29947179502216,552.831911388972,887.1313831839941,3,0.6231680243402152
2023-08-22,334.29947179502216,539.1258794833776,873.4253512783998,3,0.6172546728741951
2023-08-23,499.3107061233496,372.7543516249548,872.0650577483043,2,0.42743869658923916
2023-08-24,328.44070612334957,525.8114830045265,854.2521891278761,3,0.6155225467333463
2023-08-25,328.44070612334957,529.6747335401436,858.1154396634931,3,0.6172534708708348
2023-08-28,328.44070612334957,531.3644551431721,859.8051612665217,3,0.6180056588174634
2023-08-29,328.44070612334957,551.7750490152137,880.2157551385633,3,0.6268634091062746
2023-08-30,328.44070612334957,569.9376435535511,898.3783496769006,3,0.6344071445605604
2023-08-31,383.47006943585507,532.6064205466434,916.0764899824985,3,0.581399507978661
2023-09-01,383.47006943585507,543.0389093032868,926.5089787391419,3,0.586112948459811
2023-09-05,432.79156966468565,504.4545563596255,937.2461260243111,3,0.5382306123786961
2023-09-06,392.05156966468564,538.2178953218694,930.269464986555,3,0.5785612831327835
2023-09-07,392.05156966468564,531.4028803873279,923.4544500520135,3,0.5754511014131738
2023-09-08,392.05156966468564,520.6805342579645,912.7321039226501,3,0.5704637012549849
2023-09-11,385.04308542982255,525.9548210051513,910.9979064349739,3,0.5773392203099355
2023-09-12,385.04308542982255,526.3762868633812,911.4193722932038,3,0.5775346704985834
2023-09-13,385.04308542982255,519.3907613293072,904.4338467591298,3,0.5742716984668887
2023-09-14,385.04308542982255,516.2396157918483,901.2827012216709,3,0.5727832289381519
2023-09-15,206.22308542982256,687.8028695949424,894.0259550247649,4,0.7693321046544895
2023-09-18,365.04830166751793,519.9655873043158,885.0138889718337,3,0.587522516633481
2023-09-19,353.2303778632363,516.6853934747065,869.9157713379428,3,0.5939487597518057
2023-09-20,507.44804229151,350.9750261884478,858.4230684799578,2,0.40886019851485655
2023-09-21,337.43804229151,512.5308474070407,849.9688896985507,3,0.6029995375346202
2023-09-22,337.43804229151,508.1017410914216,845.5397833829315,3,0.6009199697955672
2023-09-25,337.43804229151,521.5668601323325,859.0049024238425,3,0.6071756501745618
2023-09-26,337.43804229151,530.4902922574918,867.9283345490018,3,0.6112143954064461
2023-09-27,337.43804229151,542.435399165146,879.873441456656,3,0.6164925245011698
2023-09-28,337.43804229151,552.6004730397384,890.0385153312484,3,0.6208725392451981
2023-09-29,337.43804229151,565.0907686875966,902.5288109791065,3,0.6261193679507683
2023-10-02,388.1075087782018,519.1951124310752,907.302621209277,3,0.5722402870820302
2023-10-03,354.3575087782018,525.0611657172888,879.4186744954906,3,0.5970548283142936
2023-10-04,354.3575087782018,547.2623891044022,901.619897882604,3,0.6069768317997557
2023-10-05,498.4809713118807,363.8793544427374,862.3603257546181,2,0.42195743887489334
2023-10-06,498.4809713118807,366.0877583663833,864.5687296782639,2,0.423433957069691
2023-10-09,498.4809713118807,366.0275786763236,864.5085499882043,2,0.4233938214738511
2023-10-10,498.4809713118807,378.0890519771169,876.5700232889976,2,0.43132783683211146
2023-10-11,498.4809713118807,380.13692946614583,878.6179007780265,2,0.4326532945999963
2023-10-12,498.4809713118807,367.05243467370246,865.5334059855832,2,0.4240765661213731
2023-10-13,684.1816315341464,177.48541378934735,861.6670453234938,1,0.20597911310709857
2023-10-16,684.1816315341464,177.58861190886813,861.7702434430146,1,0.2060741981521103
2023-10-17,684.1816315341464,178.51731625744546,862.6989477915919,1,0.20692886749709022
2023-10-18,684.1816315341464,176.96947567648328,861.1511072106297,1,0.20550339446198745
2023-10-19,512.0916315341464,348.25115244676203,860.3427839809084,2,0.404781860127149
2023-10-20,512.0916315341464,336.9438259315824,849.0354574657288,2,0.396854834469835
2023-10-23,512.0916315341464,341.1074935511606,853.199125085307,2,0.39979822238689594
2023-10-24,512.0916315341464,346.36463741161793,858.4562689457644,2,0.40347382847698743
2023-10-25,512.0916315341464,341.10817070534847,853.1998022394948,2,0.39979869874559437
2023-10-26,343.54163153414635,499.1471996040781,842.6888311382245,3,0.5923268247543725
2023-10-27,343.54163153414635,500.8356133890584,844.3772449232047,3,0.5931420066093904
2023-10-30,497.0192343639154,350.5323420423204,847.5515764062359,2,0.41358231380872146
2023-10-31,497.0192343639154,351.58301627402716,848.6022506379426,2,0.4143083712183443
2023-11-01,497.0192343639154,344.1365676165674,841.1558019804828,2,0.4091234546635777
2023-11-02,497.0192343639154,347.36468457981255,844.383918943728,2,0.4113824017567083
2023-11-03,497.0192343639154,366.04972931950147,863.0689636834169,2,0.4241257010995618
2023-11-06,497.0192343639154,357.9361510177954,854.9553853817108,2,0.4186606191830561
2023-11-07,664.8584918098564,191.2931074634169,856.1515992732734,1,0.2234336858399752
2023-11-08,494.1484918098564,359.33069538587307,853.4791871957295,2,0.4210186970891737
2023-11-09,157.36849180985644,684.4321544883827,841.8006462982391,4,0.8130572927190379
2023-11-10,157.36849180985644,689.934914944122,847.3034067539785,4,0.8142713807646124
2023-11-13,157.36849180985644,697.6821652140276,855.050657023884,4,0.8159541887756707
2023-11-14,258.08453107616435,668.7631405170308,926.8476715931952,4,0.7215459034033795
2023-11-15,258.08453107616435,677.7464486502432,935.8309797264076,4,0.7242188635905001
2023-11-16,219.04453107616436,702.4478108885662,921.4923419647306,4,0.7622937043522949
2023-11-17,219.04453107616436,708.9912832732532,928.0358143494176,4,0.7639697437434335
2023-11-20,219.04453107616436,719.9471146049486,938.991645681113,4,0.7667236635345389
2023-11-21,219.04453107616436,694.208984838146,913.2535159143104,4,0.7601492605732085
2023-11-22,219.04453107616436,696.0260236377992,915.0705547139636,4,0.7606255277827902
2023-11-24,219.04453107616436,700.4636014222965,919.5081324984609,4,0.7617807571957163
2023-11-27,219.04453107616436,701.2012959552676,920.245827031432,4,0.7619717203361112
2023-11-28,219.04453107616436,717.3702838536702,936.4148149298346,4,0.7660817325999083
2023-11-29,219.04453107616436,732.7944164685462,951.8389475447105,4,0.7698722755134211
2023-11-30,186.16453107616437,764.0733230215004,950.2378540976648,4,0.8040863871362564
2023-12-01,331.6280275157017,728.4151935593914,1060.043221075093,4,0.6871561263517487
2023-12-04,380.42314930338415,690.1011278220773,1070.5242771254614,4,0.6446384660001504
2023-12-05,468.256538294708,609.8659130219639,1078.122451316672,4,0.5656740681702312
2023-12-06,468.256538294708,616.6143070680889,1084.870845362797,4,0.5683757745945177
2023-12-07,468.256538294708,611.5568984924652,1079.813436787173,4,0.5663542216256017
2023-12-08,468.256538294708,620.7221494608917,1088.9786877555998,4,0.5700039463033099
2023-12-11,468.256538294708,621.6195696680859,1089.8761079627939,4,0.5703580114532676
2023-12-12,468.256538294708,622.2049373350626,1090.4614756297706,4,0.570588646403783
2023-12-13,468.256538294708,673.2797482859455,1141.5362865806535,4,0.5898014423200518
2023-12-14,468.256538294708,688.4368940591348,1156.6934323538428,4,0.5951766257185213
2023-12-15,373.27653829470796,761.2206967129588,1134.4972350076669,4,0.6709762467669782
2023-12-18,373.27653829470796,774.3040247965425,1147.5805630912505,4,0.6747273783644359
2023-12-19,373.27653829470796,781.0389880604976,1154.3155263552055,4,0.6766252122819983
2023-12-20,283.65653829470796,840.0538714376617,1123.7104097323695,4,0.7475714954333604
2023-12-21,283.65653829470796,865.0389140787773,1148.6954523734853,4,0.7530620168221226
2023-12-22,283.65653829470796,867.2247229710163,1150.8812612657243,4,0.7535310132839018
2023-12-26,340.7428489654834,830.4226007324829,1171.1654496979663,4,0.7090566076267378
2023-12-27,340.7428489654834,828.698221746656,1169.4410707121394,4,0.7086276021091121
2023-12-28,277.9328489654834,881.6774763361343,1159.6103253016176,4,0.760322202293954
2023-12-29,452.36573571434656,681.3932636029404,1133.758999317287,3,0.6010036207106214
2024-01-02,663.3539980143155,441.9990004997502,1105.3529985140658,2,0.3998713543039488
2024-01-03,446.8739980143155,635.4308826546372,1082.3048806689526,3,0.5871089505407101
2024-01-04,425.2939980143155,649.4857733200065,1074.779771334322,3,0.6042966109360992
2024-01-05,425.2939980143155,652.573287482317,1077.8672854966326,3,0.6054300898293251
2024-01-08,425.2939980143155,654.2828977692035,1079.576895783519,3,0.6060549279302129
2024-01-09,628.9015964582502,440.16902655429357,1069.0706230125438,2,0.4117305415370383
2024-01-10,628.9015964582502,442.67149386049084,1071.573090318741,2,0.413104339647814
2024-01-11,418.61159645825023,632.7506607812116,1051.362257239462,3,0.6018388585135352
2024-01-12,620.7918690250699,413.4993595821735,1034.2912286072433,2,0.399790066999779
2024-01-16,812.1944779201632,201.82961043604067,1014.0240883562038,1,0.19903828001090096
2024-01-17,812.1944779201632,199.30498289877306,1011.4994608189363,1,0.19703913903959036
2024-01-18,812.1944779201632,201.36875978199677,1013.56323770216,1,0.19867409579546122
2024-01-19,609.1444779201631,406.0204013255994,1015.1648792457624,2,0.3999551300742994
2024-01-22,609.1444779201631,408.6535266682573,1017.7980045884204,2,0.4015074944399302
2024-01-23,609.1444779201631,414.8820230370015,1024.0265009571647,2,0.40514774046297475
2024-01-24,609.1444779201631,411.2954532422913,1020.4399311624544,2,0.40305699598971584
2024-01-25,609.1444779201631,407.344759819983,1016.4892377401461,2,0.40073691358069846
2024-01-26,609.1444779201631,409.9230163379343,1019.0674942580974,2,0.40225305845553133
2024-01-29,609.1444779201631,413.62036618156714,1022.7648441017302,2,0.4044139457539137
2024-01-30,609.1444779201631,412.56333890138706,1021.7078168215502,2,0.40379777085863744
2024-01-31,406.19447792016314,608.4527165005304,1014.6471944206935,3,0.5996692444883984
2024-02-01,406.19447792016314,610.6407939435475,1016.8352718637107,3,0.6005306964070316
2024-02-02,202.99447792016315,812.8914995134176,1015.8859774335807,4,0.8001798603097314
2024-02-05,202.99447792016315,798.0384988205965,1001.0329767407596,4,0.7972149942741265
2024-02-06,401.25855219686434,621.2575347508049,1022.5160869476692,3,0.6075772720655493
2024-02-07,401.25855219686434,617.9005613091822,1019.1591135060465,3,0.6062846842270977
2024-02-08,401.25855219686434,634.866343059682,1036.1248952565463,3,0.612731482436283
2024-02-09,401.25855219686434,631.9199115428507,1033.178463739715,3,0.611627065139879
2024-02-12,401.25855219686434,637.5233850495431,1038.7819372464073,3,0.6137220548323007
2024-02-13,401.25855219686434,629.2383088946858,1030.4968610915503,3,0.6106164246130428
2024-02-14,401.25855219686434,642.3389022200859,1043.5974544169503,3,0.615504473972635
2024-02-15,401.25855219686434,646.6196866164108,1047.8782388132752,3,0.6170752122390759
2024-02-16,401.25855219686434,640.3355615122623,1041.5941137091268,3,0.6147649579470271
2024-02-20,401.25855219686434,639.5643606624988,1040.822912859363,3,0.6144795168906099
2024-02-21,459.6641655068892,584.87944769865,1044.5436132055393,3,0.5599377951330796
2024-02-22,423.52416550688923,626.0642842254691,1049.5884497323584,3,0.5964854933237056
2024-02-23,214.67416550688924,829.4825955118276,1044.156761018717,4,0.7944042757550643
2024-02-26,214.67416550688924,832.1277361916249,1046.801901698514,4,0.7949237910644179
2024-02-27,214.67416550688924,843.5580081652397,1058.232173672129,4,0.797138878548781
2024-02-28,214.67416550688924,838.3154546138563,1052.9896201207455,4,0.7961288873082408
2024-02-29,214.67416550688924,841.5817474706535,1056.2559129775427,4,0.796759324260982
2024-03-01,214.67416550688924,837.7042522033373,1052.3784177102266,4,0.7960104826418057
2024-03-04,214.67416550688924,835.7108964727759,1050.3850619796651,4,0.7956233639668371
2024-03-05,214.67416550688924,839.2518021206033,1053.9259676274926,4,0.7963100140798833
2024-03-06,214.67416550688924,856.3349690979227,1071.0091346048118,4,0.7995589780043276
2024-03-07,275.05318661516856,806.7253217665434,1081.778508381712,4,0.7457398307656945
2024-03-08,236.49318661516855,834.3230133243878,1070.8161999395563,4,0.7791467979019017
2024-03-11,236.49318661516855,825.2313467094476,1061.7245333246162,4,0.7772556070879996
2024-03-12,413.6492692152275,605.9840260859438,1019.6332953011713,3,0.5943156513999016
2024-03-13,622.0368047868593,398.95395408062143,1020.9907588674807,2,0.39075177773710246
2024-03-14,622.0368047868593,399.7933758709285,1021.8301806577879,2,0.3912522681739225
2024-03-15,622.0368047868593,398.8960860597181,1020.9328908465774,2,0.39071724462608476
2024-03-18,418.2168047868593,600.7818670445366,1018.998671831396,3,0.5895806183581977
2024-03-19,418.2168047868593,592.1476246314835,1010.3644294183428,3,0.5860733091844665
2024-03-20,418.2168047868593,613.4929091676328,1031.7097139544921,3,0.5946371356882402
2024-03-21,418.2168047868593,618.8615282260597,1037.078333012919,3,0.596735568110987
2024-03-22,418.2168047868593,612.4508256007318,1030.667630387591,3,0.5942272829218617
2024-03-25,610.0333054816202,429.61205480268745,1039.6453602843076,2,0.4132294253544336
2024-03-26,610.0333054816202,427.8508045579977,1037.884110039618,2,0.4122336977889235
2024-03-27,610.0333054816202,435.6160380394008,1045.649343521021,2,0.4165985860733661
2024-03-28,191.37330548162018,855.0731138389567,1046.446419320577,4,0.8171207794796865
2024-04-01,191.37330548162018,836.9719501256327,1028.345255607253,4,0.8139016984440586
2024-04-02,191.37330548162018,810.0987102679272,1001.4720157495474,4,0.8089079849741106
2024-04-03,191.37330548162018,809.3948621368522,1000.7681676184724,4,0.8087735884555249
2024-04-04,191.37330548162018,803.2940816682669,994.6673871498871,4,0.8076007035578195
2024-04-05,191.37330548162018,801.4039697219856,992.7772752036058,4,0.8072344016512949
2024-04-08,191.37330548162018,819.931350785251,1011.3046562668711,4,0.8107659207384099
2024-04-09,191.37330548162018,826.5766686894367,1017.9499741710569,4,0.8120012669213333
2024-04-10,382.4372097068524,613.4172133995805,995.8544231064329,3,0.6159707675807762
2024-04-11,382.4372097068524,618.546712182736,1000.9839218895884,3,0.6179387087607623
2024-04-12,382.4372097068524,605.8454563180649,988.2826660249173,3,0.6130285161783763
2024-04-15,773.3341401174152,199.31500831922443,972.6491484366397,1,0.20491973764598242
2024-04-16,773.3341401174152,191.68292392556876,965.017064042984,1,0.1986316419343967
2024-04-17,773.3341401174152,200.48917514901763,973.8233152664329,1,0.20587838882679127
2024-04-18,773.3341401174152,208.7083569547426,982.0424970721579,1,0.21252477115499746
2024-04-19,773.3341401174152,208.7083569547426,982.0424970721579,1,0.21252477115499746
2024-04-22,773.3341401174152,220.45003924984715,993.7841793672624,1,0.2218288878277441
2024-04-23,773.3341401174152,179.06060950953295,952.3947496269482,1,0.18801091625050512
2024-04-24,946.7307085318096,0.0,946.7307085318096,0,0.0
2024-04-25,757.3807085318095,189.25537231384308,946.6360808456526,1,0.19992410615151784
2024-04-26,757.3807085318095,187.6585617613328,945.0392702931424,1,0.19857223679511526
2024-04-29,757.3807085318095,186.33947741683056,943.7201859486402,1,0.19745204160226754
2024-04-30,757.3807085318095,180.09114715956633,937.4718556913758,1,0.19210299068311867
2024-05-01,757.3807085318095,178.2166243558403,935.5973328876498,1,0.1904843227863725
2024-05-02,757.3807085318095,183.35414747861805,940.7348560104276,1,0.19490523425081385
2024-05-03,757.3807085318095,181.54905971609207,938.9297682479016,1,0.19335744360824061
2024-05-06,567.8307085318095,379.8214518121477,947.6521603439571,2,0.40080260216395097
2024-05-07,567.8307085318095,373.96760855704645,941.7983170888559,2,0.39707822977747337
2024-05-08,379.12070853180944,564.3514116294119,943.4721201612214,3,0.5981643755757987
2024-05-09,379.12070853180944,570.3037714828914,949.4244800147009,3,0.6006836599305516
2024-05-10,379.12070853180944,571.6814455407939,950.8021540726033,3,0.6012622532375335
2024-05-13,379.12070853180944,582.3385595554547,961.4592680872641,3,0.6056819866263959
2024-05-14,379.12070853180944,584.0662221540324,963.1869306858418,3,0.6063892724729407
2024-05-15,379.12070853180944,576.6510883629269,955.7717968947363,3,0.6033355349430092
2024-05-16,379.12070853180944,573.9478387352971,953.0685472671065,3,0.6022104500049593
2024-05-17,379.12070853180944,569.6816486343001,948.8023571661096,3,0.6004218310922307
2024-05-20,379.12070853180944,571.3731963338541,950.4939048656636,3,0.601132940894143
2024-05-21,379.12070853180944,565.4801707966524,944.6008793284618,3,0.5986445526058213
2024-05-22,554.2811834172912,381.93491228433396,936.2160957016251,2,0.40795593457309853
2024-05-23,554.2811834172912,367.9948412070629,922.2760246243541,2,0.3990072726404748
2024-05-24,554.2811834172912,370.82614916100977,925.107332578301,2,0.40084662190224624
2024-05-28,554.2811834172912,364.45678733530485,918.7379707525961,2,0.3966928536073842
2024-05-29,725.4702196792969,181.2793603198401,906.7495799991369,1,0.19992218835106892
2024-05-30,543.3702196792968,367.0542425075397,910.4244621868365,2,0.40316825585494115
2024-05-31,543.3702196792968,367.601523568158,910.9717432474548,2,0.4035268122123337
2024-06-03,543.3702196792968,366.62919016876515,909.999409848062,2,0.40288948124700363
2024-06-04,361.9102196792968,545.3183217662012,907.228541445498,3,0.601081532220469
2024-06-05,361.9102196792968,548.0459532969085,909.9561729762053,3,0.6022773069437043
2024-06-06,361.9102196792968,558.7767556811566,920.6869753604534,3,0.606912849464817
2024-06-07,361.9102196792968,552.3268378298693,914.2370575091661,3,0.6041396301903149
2024-06-10,361.9102196792968,552.4561500803333,914.3663697596301,3,0.6041956138714547
2024-06-11,361.9102196792968,549.7049074087267,911.6151270880235,3,0.6030010813495951
2024-06-12,361.9102196792968,562.3815386824588,924.2917583617556,3,0.6084459085508259
2024-06-13,361.9102196792968,547.3170999400502,909.227319619347,3,0.6019584851114983
2024-06-14,529.4452186436888,365.53241024452393,894.9776288882127,2,0.40842630971525745
2024-06-17,529.4452186436888,370.2401624917415,899.6853811354304,2,0.4115218166871703
2024-06-18,529.4452186436888,373.9241833631256,903.3694020068144,2,0.41392168312593014
2024-06-20,529.4452186436888,370.14286235983275,899.5880810035216,2,0.41145816643871674
2024-06-21,529.4452186436888,378.1787439814309,907.6239626251197,2,0.41666897256395147
2024-06-24,529.4452186436888,378.257595442199,907.7028140858878,2,0.41671964609157625
2024-06-25,348.91521864368883,553.6616846144575,902.5769032581463,3,0.6134232801834777
2024-06-26,348.91521864368883,551.3018116412613,900.2170302849502,3,0.6124098890539262
2024-06-27,167.50521864368883,739.4325083427352,906.9377269864241,4,0.8153068136218395
2024-06-28,167.50521864368883,745.4442381269757,912.9494567706646,4,0.816523009678764
2024-07-01,167.50521864368883,736.9099730985278,904.4151917422166,4,0.8147916795592345
2024-07-02,167.50521864368883,736.4543369441025,903.9595555877913,4,0.8146983262599949
2024-07-03,167.50521864368883,745.5887619765538,913.0939806202426,4,0.8165520502830316
2024-07-05,167.50521864368883,737.948932974291,905.4541516179798,4,0.8150041961325492
2024-07-08,167.50521864368883,734.5903253251356,902.0955439688245,4,0.8143154350294877
2024-07-09,167.50521864368883,726.0542705593073,893.5594892029961,4,0.812541615116086
2024-07-10,167.50521864368883,724.6464717168601,892.151690360549,4,0.8122458092569501
2024-07-11,167.50521864368883,734.8080699379067,902.3132885815955,4,0.8143602440932671
2024-07-12,340.3059142947518,568.4136759720673,908.7195902668191,3,0.6255105337887226
2024-07-15,340.3059142947518,581.3006910055415,921.6066053002933,3,0.6307470971479554
2024-07-16,394.5899006470003,536.3573844221096,930.94728506911,3,0.576141520604244
2024-07-17,366.2299006470003,560.3440605575561,926.5739612045563,3,0.6047483352857258
2024-07-18,543.2058494606682,371.72077091801566,914.9266203786839,2,0.40628479119359556
2024-07-19,543.2058494606682,366.7785803876177,909.9844298482859,2,0.4030602814256587
2024-07-22,543.2058494606682,361.3744571022926,904.5803065629608,2,0.3994940576092899
2024-07-23,363.31584946066823,536.0401574137021,899.3560068743703,3,0.5960266605397575
2024-07-24,186.25584946066823,698.9433804888022,885.1992299494705,4,0.7895887805152064
2024-07-25,186.25584946066823,711.5511055937441,897.8069550544124,4,0.7925435435623462
2024-07-26,186.25584946066823,707.9813812377963,894.2372306984646,4,0.7917153937829351
2024-07-29,186.25584946066823,708.1181060360457,894.373955496714,4,0.7917472346819109
2024-07-30,186.25584946066823,711.8204867386509,898.076336199319,4,0.7926057708536142
2024-07-31,186.25584946066823,721.5697667071425,907.8256161678107,4,0.7948330096181832
2024-08-01,186.25584946066823,680.7319385774572,866.9877880381255,4,0.7851690046498351
2024-08-02,671.9664688739815,161.43203613287392,833.3985050068554,1,0.19370329459799787
2024-08-05,506.5264688739815,320.58042920985554,827.106898083837,2,0.387592498566444
2024-08-06,506.5264688739815,329.63866815780705,836.1651370317886,2,0.3942267544518244
2024-08-07,657.0176022738507,160.32698439068733,817.344586664538,1,0.19615592616200953
2024-08-08,657.0176022738507,177.30437444789453,834.3219767217452,1,0.21251312969672298
2024-08-09,657.0176022738507,175.16348692854856,832.1810892023992,1,0.21048722351577748
2024-08-12,657.0176022738507,175.35810891316243,832.3757111870132,1,0.21067182350034241
2024-08-13,657.0176022738507,185.3289590363418,842.3465613101924,1,0.22001509538791217
2024-08-14,487.90760227385067,357.54331591713174,845.4509181909824,2,0.42290251062967654
2024-08-15,536.7044062203457,322.50845007843554,859.2128562987813,2,0.3753533803808529
2024-08-16,510.86440622034576,349.86296032679434,860.72736654714,2,0.40647361048863917
2024-08-19,510.86440622034576,355.9811547076637,866.8455609280095,2,0.4106627186584018
2024-08-20,510.86440622034576,349.3070012355081,860.1714074558538,2,0.4060899934684651
2024-08-21,337.92440622034576,526.7132274029484,864.6376336232942,3,0.6091722207322139
2024-08-22,337.92440622034576,515.4166467279341,853.3410529482799,3,0.6039984188586471
2024-08-23,337.92440622034576,531.5552770940267,869.4796833143724,3,0.6113487034772215
2024-08-26,337.92440622034576,514.4198369689748,852.3442431893205,3,0.603535298184343
2024-08-27,337.92440622034576,519.2533080746606,857.1777142950064,3,0.6057708913976202
2024-08-28,337.92440622034576,509.0149931465271,846.9393993668729,3,0.6010052118569992
2024-08-29,337.92440622034576,520.2258062203092,858.150212440655,3,0.606217651267301
2024-08-30,337.92440622034576,522.9086442515106,860.8330504718564,3,0.6074448976661432
2024-09-03,337.92440622034576,510.6749469766485,848.5993531969943,3,0.60178568962225
2024-09-04,497.62614962369395,346.732997332369,844.3591469560629,2,0.41064634472469524
2024-09-05,497.62614962369395,342.37131688125294,839.9974665049469,2,0.4075861303555927
2024-09-06,490.3739548997679,340.2299792320828,830.6039341318508,2,0.4096175869762669
2024-09-09,490.3739548997679,353.9691591980029,844.3431140977708,2,0.4192243097478675
2024-09-10,490.3739548997679,360.0913163321628,850.4652712319307,2,0.4234050801516646
2024-09-11,540.0146871096423,329.53405847782585,869.5487455874681,2,0.3789713459424201
2024-09-12,514.2246871096423,353.6326773108468,867.8573644204891,2,0.4074778780577436
2024-09-13,514.2246871096423,370.3037598383065,884.5284469479489,2,0.4186453936173943
2024-09-16,514.2246871096423,354.9062095392842,869.1308966489265,2,0.4083460971272359
2024-09-17,514.2246871096423,355.01982966322737,869.2445167728697,2,0.4084234330073924
2024-09-18,514.2246871096423,357.66405060112413,871.8887377107665,2,0.4102175370910374
2024-09-19,514.2246871096423,361.7552270558088,875.9799141654512,2,0.41297205701394896
2024-09-20,514.2246871096423,361.89390769888473,876.1185948085271,2,0.4130649775536102
2024-09-23,514.2246871096423,367.8439473947949,882.0686345044372,2,0.417024178171188
2024-09-24,514.2246871096423,372.24762784992765,886.47231495957,2,0.41992019555275684
2024-09-25,563.0548023589814,329.1681396748286,892.22294203381,2,0.3689303694931833
2024-09-26,563.0548023589814,336.64379440929474,899.6985967682762,2,0.3741739685029205
2024-09-27,563.0548023589814,333.51305797784926,896.5678603368307,2,0.3719886388215523
2024-09-30,563.0548023589814,331.36105496420424,894.4158573231857,2,0.37047761648133565
2024-10-01,732.6675891566724,152.17909940403047,884.8466885607029,1,0.1719835779140067
2024-10-02,732.6675891566724,147.82711287471074,880.4947020313832,1,0.16789097371473086
2024-10-03,869.055168639872,0.0,869.055168639872,0,0.0
2024-10-04,869.055168639872,0.0,869.055168639872,0,0.0
2024-10-07,869.055168639872,0.0,869.055168639872,0,0.0
2024-10-08,695.245168639872,173.72313843078462,868.9683070706566,1,0.19991884285908604
2024-10-09,695.245168639872,175.2720586516775,870.5172272915495,1,0.2013424354587485
2024-10-10,695.245168639872,175.8834790293912,871.1286476692632,1,0.20190299044805143
2024-10-11,695.245168639872,175.1905348980446,870.4357035379165,1,0.2012676343421766
2024-10-14,521.105168639872,349.52883377447006,870.634002414342,2,0.40146471744176876
2024-10-15,346.52516863987194,526.27099569745,872.7961643373219,3,0.6029712517091843
2024-10-16,346.52516863987194,530.2991591165029,876.8243277563748,3,0.6047952164756156
2024-10-17,346.52516863987194,536.9931753518549,883.5183439917269,3,0.6077895031875912
2024-10-18,397.7103237230163,503.87509332952663,901.5854170525429,3,0.5588767118447765
2024-10-21,397.7103237230163,492.27736170921764,889.987685432234,3,0.5531282845448999
2024-10-22,361.3303237230163,523.8146078323585,885.1449315553748,3,0.5917839996122586
2024-10-23,361.3303237230163,516.9520858109248,878.2824095339411,3,0.5885943748836373
2024-10-24,355.1358055003275,514.7540628604496,869.8898683607771,3,0.591746244648709
2024-10-25,441.7502442223677,348.1496627814787,789.8999070038465,2,0.44075161890072656
2024-10-28,441.7502442223677,352.8367685818066,794.5870128041743,2,0.4440505103860326
2024-10-29,606.6471242287436,193.8025668335129,800.4496910622565,1,0.24211711116575288
2024-10-30,447.2371242287436,349.71727562806825,796.9543998568118,2,0.4388171715858544
2024-10-31,291.9571242287436,484.3576911634463,776.31481539219,3,0.6239191646996347
2024-11-01,135.96712422874361,643.9217169174142,779.8888411461578,4,0.8256583283985439
2024-11-04,135.96712422874361,640.0869466272926,776.0540708560362,4,0.8247968416958842
2024-11-05,135.96712422874361,649.4864156644353,785.4535398931789,4,0.8268934859632372
2024-11-06,135.96712422874361,678.9399789921719,814.9071032209155,4,0.8331501545497219
2024-11-07,135.96712422874361,692.2319918640957,828.1991160928393,4,0.8358279771292318
2024-11-08,226.43741662522766,623.9998773560413,850.437293981269,4,0.7337400203074643
2024-11-11,205.14741662522766,650.3054590296168,855.4528756548445,4,0.7601885241566481
2024-11-12,238.6279800930976,613.8359133348174,852.463893427915,4,0.7200726248550771
2024-11-13,405.75798619736,439.3705502359655,845.1285364333255,3,0.5198860661955989
2024-11-14,405.75798619736,430.8025277822554,836.5605139796155,3,0.5149687566926603
2024-11-15,405.75798619736,419.43969167457726,825.1976778719372,3,0.5082899563608203
2024-11-18,405.75798619736,421.1192026422458,826.8771888396059,3,0.5092886928386807
2024-11-19,405.75798619736,432.4141183304487,838.1721045278086,3,0.5159013477000083
2024-11-20,405.75798619736,434.5844012641692,840.3423874615291,3,0.5171515893384164
2024-11-21,405.75798619736,436.69883563576434,842.4568218331244,3,0.5183634630502957
2024-11-22,405.75798619736,445.2910829727566,851.0490691701166,3,0.5232260971825905
2024-11-25,405.75798619736,454.87963058981256,860.6376167871726,3,0.528537937126097
2024-11-26,405.75798619736,451.6131261940629,857.3711123914229,3,0.5267417104063615
2024-11-27,236.10798619736002,612.0712539863421,848.1792401837021,4,0.7216296096256462
2024-11-29,236.10798619736002,615.6514868053908,851.7594730027508,4,0.7227996944196036
2024-12-02,166.18798619736003,688.6984042723099,854.8863904696699,4,0.8056022553990393
2024-12-03,166.18798619736003,687.550820831197,853.7388070285571,4,0.8053409487431193
2024-12-04,166.18798619736003,704.2219882243651,870.4099744217251,4,0.8090692994324078
2024-12-05,166.18798619736003,697.3335290805501,863.5215152779101,4,0.8075462125064999
2024-12-06,255.26110024108945,688.1179455314534,943.3790457725429,4,0.7294183060510385
2024-12-09,294.3852931296028,652.0332280593839,946.4185211889867,4,0.6889480852934216
2024-12-10,279.009938027414,653.4496984278787,932.4596364552928,4,0.7007806803433777
2024-12-11,279.009938027414,664.6732740561255,943.6832120835395,4,0.7043394070650113
2024-12-12,279.009938027414,658.9683524856118,937.9782905130259,4,0.7025411559634179
2024-12-13,279.009938027414,664.1190364418278,943.1289744692418,4,0.704165659649646
2024-12-16,279.009938027414,672.2429468206777,951.2528848480918,4,0.7066921504559012
2024-12-17,279.009938027414,657.7668439191712,936.7767819465852,4,0.7021596356736741
2024-12-18,443.2938889247439,457.7772160733831,901.071104998127,3,0.5080367282161763
2024-12-19,193.04783212590084,696.314794274138,889.3626264000388,4,0.7829368736717444
2024-12-20,193.04783212590084,710.6529078942541,903.700740020155,4,0.7863807966765687
2024-12-23,349.4099788884945,547.298733263327,896.7087121518215,3,0.6103417150369607
2024-12-24,349.4099788884945,554.4868649340312,903.8968438225257,3,0.6134404259994309
2024-12-26,349.4099788884945,552.1796537957446,901.5896326842391,3,0.6124512014981573
2024-12-27,171.2499788884945,719.4577800635326,890.7077589520271,4,0.8077371874586781
2024-12-30,171.2499788884945,709.7007269911405,880.950705879635,4,0.805607762448524
2024-12-31,171.2499788884945,708.0783610969008,879.3283399853954,4,0.8052491076412495
2025-01-02,171.2499788884945,726.8852182288138,898.1351971173083,4,0.8093271709669708
2025-01-03,227.3526524799172,714.9835183766359,942.336170856553,4,0.7587350889085993
2025-01-06,227.3526524799172,720.1577378134532,947.5103902933704,4,0.7600526022627322
2025-01-07,197.3426524799172,716.0103865587384,913.3530390386557,4,0.7839360641010961
2025-01-08,197.3426524799172,708.8411028111011,906.1837552910183,4,0.7822266716571837
2025-01-10,366.47917344473,518.4375104818155,884.9166839265455,3,0.5858602509124459
2025-01-13,366.47917344473,518.1661422816965,884.6453157264265,3,0.5857332120231761
2025-01-14,366.47917344473,527.1895799609264,893.6687534056564,3,0.5899160935770383
2025-01-15,366.47917344473,534.6592916442261,901.1384650889561,3,0.5933153586906836
2025-01-16,366.47917344473,536.4977622098106,902.9769356545406,3,0.594143372910095
2025-01-17,366.47917344473,536.7967972189056,903.2759706636356,3,0.5942777342172866
2025-01-21,183.64917344473,730.4095611481093,914.0587345928393,4,0.7990838372913365
2025-01-22,183.64917344473,726.209802040406,909.8589754851359,4,0.798156441390482
2025-01-23,183.64917344473,735.8752308792293,919.5244043239593,4,0.8002780866052706
2025-01-24,183.64917344473,733.9775243754483,917.6266978201783,4,0.7998650498280091
2025-01-27,183.64917344473,716.6343349823792,900.2835084271092,4,0.7960096217184023
2025-01-28,183.64917344473,739.5257242371426,923.1748976818726,4,0.8010678432593
2025-01-29,235.02140318580635,701.0635974376512,936.0850006234575,4,0.7489315574661748
2025-01-30,235.02140318580635,700.9623548219289,935.9837580077352,4,0.7489044001297039
2025-01-31,235.02140318580635,690.4645671539936,925.4859703397999,4,0.746056222657253
2025-02-03,216.35140318580636,710.8044418502789,927.1558450360852,4,0.7666504457215757
2025-02-04,268.54892996697,692.1037211339057,960.6526511008756,4,0.7204515808505583
2025-02-05,268.54892996697,693.6845657862344,962.2334957532044,4,0.720910848404047
2025-02-06,233.74892996696997,721.0223226264993,954.7712525934693,4,0.7551780813131608
2025-02-07,233.74892996696997,709.5886644470818,943.3375944140518,4,0.7522107341516887
2025-02-10,410.505117455718,527.244648335721,937.7497657914389,3,0.562244500152702
2025-02-11,376.06280064210887,541.2414146225559,917.3042152646648,3,0.5900348059192059
2025-02-12,558.7010759945426,365.54309817730257,924.2441741718452,2,0.3955048983725993
2025-02-13,368.9910759945426,579.4806958262068,948.4717718207494,3,0.6109625115292542
2025-02-14,421.83745175107424,524.4795550643846,946.3170068154589,3,0.5542324097390583
2025-02-18,421.83745175107424,539.0029560649081,960.8404078159823,3,0.5609703252281794
2025-02-19,421.83745175107424,525.2532757996001,947.0907275506744,3,0.5545965772022579
2025-02-20,403.08745175107424,533.6475251016442,936.7349768527184,3,0.5696889069890564
2025-02-21,549.6522882008782,351.601816825827,901.2541050267051,2,0.3901250655778246
2025-02-24,542.6475417351311,356.1997939568602,898.8473356919912,2,0.3962850862573169
2025-02-25,542.6475417351311,349.69687286894185,892.3444146040729,2,0.391885540096197
2025-02-26,364.06754173513104,528.7619322666138,892.8294740017449,3,0.5922317168771922
2025-02-27,364.06754173513104,530.3203321910655,894.3878739261966,3,0.5929422207649773
2025-02-28,364.06754173513104,537.20912861047,901.276670345601,3,0.5960535164018761
2025-03-03,534.8812073804243,342.99986510660324,877.8810724870275,2,0.3907133618166392
2025-03-04,359.8412073804243,515.2956549047,875.1368622851243,3,0.5888172206107047
2025-03-05,359.8412073804243,529.9629720039588,889.8041793843831,3,0.5955950581965317
2025-03-06,359.8412073804243,502.28287512463885,862.1240825050631,3,0.5826108855063667
2025-03-07,359.8412073804243,505.809773158798,865.6509805392222,3,0.5843114425212391
2025-03-10,512.5997956034246,328.48827361840495,841.0880692218295,2,0.3905515791257397
2025-03-11,659.7983899783289,164.86756621689156,824.6659561952205,1,0.19992042229746537
2025-03-12,659.7983899783289,174.52896100544342,834.3273509837724,1,0.20918523263039712
2025-03-13,659.7983899783289,163.41624862666973,823.2146386049986,1,0.19850989154370638
2025-03-14,659.7983899783289,170.04310687571004,829.841496854039,1,0.2049103443493125
2025-03-17,659.7983899783289,176.42406160588857,836.2224515842175,1,0.2109774274436837
2025-03-18,659.7983899783289,173.20359667637123,833.0019866547002,1,0.2079269911131297
2025-03-19,659.7983899783289,180.58608298311077,840.3844729614398,1,0.21488507795335812
2025-03-20,659.7983899783289,183.61465312286433,843.4130431011932,1,0.2177043082565112
2025-03-21,659.7983899783289,185.49174471299685,845.2901346913258,1,0.21944151138204493
2025-03-24,709.250221693329,148.4292760107721,857.6794977041011,1,0.17305913969973444
2025-03-25,709.250221693329,153.15202570202393,862.4022473953529,1,0.177587693172852
2025-03-26,709.250221693329,148.97801509538186,858.2282367887108,1,0.17358787407510937
2025-03-27,709.250221693329,149.7516470224322,859.0018687157611,1,0.17433215511663128
2025-03-28,680.750221693329,170.16824785899448,850.9184695523235,1,0.19998184778915618
2025-03-31,680.750221693329,167.7588861720842,848.5091078654132,1,0.19771017731808885
2025-04-01,680.750221693329,176.85613274595954,857.6063544392885,1,0.20622064170873575
2025-04-02,680.750221693329,182.35553438676934,863.1057560800983,1,0.21127832030104812
2025-04-03,680.750221693329,169.57400623591684,850.3242279292458,1,0.1994227621255393
2025-04-04,838.8897703447893,0.0,838.8897703447893,0,0.0
2025-04-07,838.8897703447893,0.0,838.8897703447893,0,0.0
2025-04-08,838.8897703447893,0.0,838.8897703447893,0,0.0
2025-04-09,838.8897703447893,0.0,838.8897703447893,0,0.0
2025-04-10,671.1097703447894,167.69615192403802,838.8059222688273,1,0.19992247011137984
2025-04-11,671.1097703447894,168.45447490417524,839.5642452489647,1,0.20064512734724868
2025-04-14,671.1097703447894,168.45447490417524,839.5642452489647,1,0.20064512734724868
2025-04-15,671.1097703447894,169.97110020197968,841.080870546769,1,0.20208651290747467
2025-04-16,671.1097703447894,162.9295990389976,834.039369383787,1,0.1953500098674896
2025-04-17,671.1097703447894,160.76298409125195,831.8727544360413,1,0.19325429668656402
2025-04-21,671.1097703447894,155.34644155627032,826.4562119010596,1,0.18796693559714914
2025-04-22,671.1097703447894,156.8630668540748,827.9728371988641,1,0.18945436348463096
2025-04-23,671.1097703447894,163.79624501809585,834.9060153628852,1,0.19618524960190054
2025-04-24,671.1097703447894,173.11269445901962,844.222464803809,1,0.20505577815824852
2025-04-25,671.1097703447894,173.3293611194117,844.4391314642011,1,0.20525974538729647
2025-04-28,671.1097703447894,173.0043714600586,844.1141418048479,1,0.20495376500877976
2025-04-29,671.1097703447894,174.19600709850994,845.3057774432993,1,0.20607454928958474
2025-04-30,671.1097703447894,174.84598641721615,845.9557567620055,1,0.2066845517860882
2025-05-01,671.1097703447894,173.87100710792186,844.9807774527112,1,0.20576918640927597
2025-05-02,671.1097703447894,176.25429904729455,847.3640693920839,1,0.2080030360193853
2025-05-05,671.1097703447894,173.87100710792186,844.9807774527112,1,0.20576918640927597
2025-05-06,671.1097703447894,177.77092434509902,848.8806946898884,1,0.20941803183548893
2025-05-07,671.1097703447894,181.23750826149205,852.3472786062814,1,0.21263340989114576
2025-05-08,671.1097703447894,186.87071745686572,857.980487801655,1,0.21780299215856508
2025-05-09,671.1097703447894,187.5206967755719,858.6304671203612,1,0.21839511169976408
2025-05-12,719.698930127778,145.84041875458118,865.5393488823591,1,0.16849657839692653
2025-05-13,719.698930127778,148.11535677618497,867.814286903963,1,0.17067632903879146
2025-05-14,719.698930127778,147.05913776570506,866.758067893483,1,0.16966572705011998
2025-05-15,719.698930127778,146.81538776473909,866.514317892517,1,0.16943215447589424
2025-05-16,546.1489301277779,321.49737514168004,867.646305269458,2,0.37053966943573297
2025-05-19,546.1489301277779,315.9293438252669,862.0782739530448,2,0.3664740817287721
2025-05-20,519.338930127778,338.59959190151926,857.9385220292972,2,0.39466649789850167
2025-05-21,676.5547695022591,169.05547226386807,845.6102417661272,1,0.19992126858679204
2025-05-22,676.5547695022591,162.34207591520797,838.896845417467,1,0.19351851994916058
2025-05-23,509.9947695022591,322.7157520612004,832.7105215634595,2,0.38754854622862694
2025-05-27,509.9947695022591,333.69796660647785,843.6927361087369,2,0.3955207296741146
2025-05-28,509.9947695022591,329.8031418042052,839.7979113064644,2,0.3927172684808588
2025-05-29,657.005589553356,166.47676161919043,823.4823511725465,1,0.20216190593780933
2025-05-30,657.005589553356,162.8168667475611,819.8224563009171,1,0.19860015482156898
2025-06-02,657.005589553356,160.37697381466413,817.3825633680201,1,0.19620797041942237
2025-06-03,657.005589553356,160.09545197412092,817.1010415274769,1,0.19593103403079842
2025-06-04,493.92558955335596,321.40474771744175,815.3303372707977,2,0.3942018750256472
2025-06-05,493.92558955335596,320.95139929424965,814.8769888476056,2,0.3938648454758028
2025-06-06,493.92558955335596,324.2726999977415,818.1982895510974,2,0.3963253213052461
2025-06-09,493.92558955335596,322.3406151086249,816.2662046619809,2,0.394896436073949
2025-06-10,493.92558955335596,319.49377427057584,813.4193638239318,2,0.39277866802754363
2025-06-11,493.92558955335596,315.16387700463696,809.0894665579929,2,0.3895290818027811
2025-06-12,493.92558955335596,309.6613706261951,803.586960179551,2,0.3853489242247103
2025-06-13,634.4319343063663,158.59842285631203,793.0303571626783,1,0.1999903552541784
2025-06-16,634.4319343063663,160.76277201648873,795.194706322855,1,0.20216780964235673
2025-06-17,634.4319343063663,160.28180681057339,794.7137411169397,1,0.2016849571335
2025-06-18,634.4319343063663,159.800841604658,794.2327759110243,1,0.20120151982063259
2025-06-20,634.4319343063663,158.11745765039663,792.549391956763,1,0.19950486273166257
2025-06-23,634.4319343063663,157.3960155750811,791.8279498814475,1,0.19877552389840045
2025-06-24,634.4319343063663,158.7186670245696,793.150601330936,1,0.2001116392753581
2025-06-25,789.8263529804102,0.0,789.8263529804102,0,0.0
2025-06-26,631.8563529804102,157.89105447276364,789.7474074531738,1,0.19992601809474814
2025-06-27,631.8563529804102,157.7356562126844,789.5920091930946,1,0.19976855689545128
2025-06-30,631.8563529804102,155.81899533539612,787.6753483158063,1,0.19782134310609767
2025-07-01,631.8563529804102,161.36175723298823,793.2181102133984,1,0.20342671852206864
2025-07-02,631.8563529804102,175.19276556040762,807.0491185408177,1,0.21707819454305863
2025-07-03,631.8563529804102,178.97427472114796,810.8306277015581,1,0.2207295440090639
2025-07-07,631.8563529804102,169.598210829694,801.4545638101042,1,0.21161300775857636
2025-07-08,631.8563529804102,167.42253638501148,799.2788893654217,1,0.20946698156626492
2025-07-09,631.8563529804102,165.5317818046413,797.3881347850515,1,0.20759248173320635
2025-07-10,471.77635298041014,328.56217632083167,800.3385293012418,2,0.41052900028153355
2025-07-11,471.77635298041014,322.3853185522328,794.1616715326429,2,0.4059441926101335
2025-07-14,471.77635298041014,321.94054620461264,793.7168991850228,2,0.4056113036463966
2025-07-15,471.77635298041014,311.97066424071295,783.7470172211231,2,0.3980502092969304
2025-07-16,471.77635298041014,310.46937790330384,782.245730883714,2,0.3968949470041367
2025-07-17,471.77635298041014,309.00326437295644,780.7796173533666,2,0.39576246293466855
2025-07-18,471.77635298041014,316.87420450640855,788.6505574868187,2,0.4017929125875305
2025-07-21,313.2963529804101,479.00822917747917,792.3045821578893,3,0.6045758663579496
2025-07-22,313.2963529804101,482.55119563461,795.8475486150201,3,0.6063362216474417
2025-07-23,313.2963529804101,499.27981749999117,812.5761704804013,3,0.6144406341682566
2025-07-24,313.2963529804101,492.07454200246764,805.3708949828778,3,0.6109912154361242
2025-07-25,313.2963529804101,503.5226872267881,816.8190402071982,3,0.6164433766125997
2025-07-28,313.2963529804101,483.86657841966235,797.1629314000725,3,0.6069857984613487
2025-07-29,461.7676150574737,321.2498021332376,783.0174171907113,2,0.4102715917684296
2025-07-30,461.7676150574737,327.130233862934,788.8978489204077,2,0.4146674177279172
2025-07-31,150.16761505747365,628.6570969256097,778.8247119830834,4,0.8071868897494159
2025-08-01,294.7416465728672,455.69548971545305,750.4371362883203,3,0.6072400574008553
2025-08-04,294.7416465728672,453.40173768970317,748.1433842625704,3,0.6060358846006665
2025-08-05,431.79172787744983,305.50469985977617,737.2964277372259,2,0.4143580361529416
2025-08-06,137.33172787744982,598.6725282896277,736.0042561670775,4,0.8134090574521424
2025-08-07,137.33172787744982,595.6299166376693,732.9616445151191,4,0.8126344960815791
2025-08-08,137.33172787744982,595.0191968246967,732.3509247021465,4,0.8124782488213504
2025-08-11,287.2577843606652,444.94053754025265,732.1983219009178,3,0.6076776253530702
2025-08-12,287.2577843606652,457.4493369266366,744.7071212873018,3,0.6142674399781339
2025-08-13,287.2577843606652,469.57466841062427,756.8324527712895,3,0.620447321849354
2025-08-14,287.2577843606652,463.5069451438544,750.7647295045197,3,0.6173797555057681
2025-08-15,138.89778436066518,602.8181264425667,741.715910803232,4,0.8127345222913613
2025-08-18,138.89778436066518,598.2969519507926,737.1947363114577,4,0.8115860334873822
2025-08-19,138.89778436066518,586.7214177301055,725.6192020907706,4,0.8085803353047294
2025-08-20,138.89778436066518,578.2279797336248,717.1257640942899,4,0.8063132140621259
2025-08-21,138.89778436066518,579.0076951439389,717.905479504604,4,0.8065235768133256
2025-08-22,138.89778436066518,600.2240846901761,739.1218690508413,4,0.8120772903945683
2025-08-25,138.89778436066518,601.5091543533598,740.406938714025,4,0.8124034539682871
2025-08-26,138.89778436066518,610.5476455058496,749.4454298665148,4,0.8146659131867618
2025-08-27,138.89778436066518,614.0956137566487,752.993398117314,4,0.815539173772377
2025-08-28,138.89778436066518,619.6649227735404,758.5627071342055,4,0.816893470962459
2025-08-29,138.89778436066518,613.9779618506191,752.8757462112842,4,0.8155103480758359
2025-09-02,138.89778436066518,605.6053550829084,744.5031394435737,4,0.8134355961689099
2025-09-03,138.89778436066518,608.7750127952183,747.6727971558835,4,0.8142265107289892
2025-09-04,138.89778436066518,618.1078171066501,757.0056014673153,4,0.8165168341007815
2025-09-05,181.704779036333,601.1797752859417,782.8845543222747,4,0.7679034820227988
2025-09-08,151.874779036333,614.4877333326397,766.3625123689726,4,0.8018238410868258
2025-09-09,151.874779036333,613.3634804942451,765.238259530578,4,0.8015326897932444
2025-09-10,151.874779036333,625.0159285863344,776.8907076226674,4,0.804509466330111
2025-09-11,151.874779036333,633.8344721009513,785.7092511372844,4,0.8067035881065419
2025-09-12,151.874779036333,621.6784881486697,773.5532671850026,4,0.8036660363558252
2025-09-15,151.874779036333,649.6069127154485,801.4816917517815,4,0.8105074880695236
2025-09-16,151.874779036333,652.7225925544958,804.5973715908287,4,0.8112412687403513
2025-09-17,151.874779036333,654.0003604889033,805.8751395252364,4,0.8115405580996
2025-09-18,151.874779036333,662.3154940574499,814.1902730937829,4,0.8134652500093927
2025-09-19,180.81419614134276,637.0334070739191,817.8476032152619,4,0.7789145613064156
2025-09-22,180.81419614134276,635.8797945636836,816.6939907050264,4,0.7786022693943768
2025-09-23,180.81419614134276,636.8563857257558,817.6705818670986,4,0.7788666974804632
2025-09-24,221.14748428876277,608.1161724252254,829.2636567139882,4,0.7333206604458294
2025-09-25,221.14748428876277,600.9614464668537,822.1089307556165,4,0.7309997787209271
2025-09-26,266.9012772945871,574.4779142452137,841.3791915398008,4,0.682781223997074
2025-09-29,266.9012772945871,582.0186754582708,848.9199527528579,4,0.6855990056199223
2025-09-30,233.0612772945871,613.3215884921158,846.3828657867028,4,0.72463847424657
2025-10-01,233.0612772945871,636.7436797177784,869.8049570123654,4,0.7320534041388846
2025-10-02,233.0612772945871,646.1287337728745,879.1900110674616,4,0.7349136428294749
2025-10-03,215.2012772945871,677.1543209422698,892.3555982368568,4,0.7588391021249956
2025-10-06,215.2012772945871,674.7859769583923,889.9872542529795,4,0.7581973491572992
2025-10-07,215.2012772945871,678.9349713629659,894.1362486575531,4,0.7593193681413899
2025-10-08,215.2012772945871,694.7566399096693,909.9579172042563,4,0.7635041431852487
2025-10-09,264.4302302431422,641.4052294470276,905.8354596901698,4,0.7080813878344006
2025-10-10,378.992955691651,495.4522546759473,874.4452103675983,3,0.5665903921729637
2025-10-13,378.992955691651,506.8461022047227,885.8390578963737,3,0.572164997339747
2025-10-14,378.992955691651,526.1912286044587,905.1841842961097,3,0.5813084648773842
2025-10-15,378.992955691651,507.8346950929018,886.8276507845528,3,0.5726419272601999
2025-10-16,378.992955691651,498.0202634391781,877.0132191308292,3,0.5678594718706121
2025-10-17,525.7774233176368,341.7324928085113,867.5099161261481,2,0.3939234427826628
2025-10-20,525.7774233176368,348.9535936311398,874.7310169487766,2,0.39892674075780965
2025-10-21,525.7774233176368,345.8744057128347,871.6518290304715,2,0.3968033957980067
2025-10-22,353.0374233176368,510.55225599148395,863.5896793091208,3,0.5911977276059276
2025-10-23,402.1685435937421,482.6766452803559,884.845188874098,3,0.5454927611625795
2025-10-24,367.62854359374205,539.9119023672166,907.5404459609587,3,0.5949177304109298
2025-10-27,367.62854359374205,547.9064184443753,915.5349620381173,3,0.5984549374549869
2025-10-28,367.62854359374205,555.9234078846354,923.5519514783774,3,0.6019405914250303
2025-10-29,419.96663445724204,501.0712434002402,921.0378778574823,3,0.5440289215529678
2025-10-30,419.96663445724204,490.62554707479126,910.5921815320332,3,0.5387983303890599
2025-10-31,419.96663445724204,499.4665485707553,919.4331830279973,3,0.5432331112151586
2025-11-03,419.96663445724204,493.19437421608313,913.1610086733251,3,0.540095743830121
2025-11-04,372.1130994061304,514.3245230895224,886.4376224956527,3,0.5802151330643062
2025-11-05,372.1130994061304,519.7980096701802,891.9111090763106,3,0.5827912718886284
2025-11-06,348.6330994061304,526.2471847352131,874.8802841413435,3,0.6015076511316076
2025-11-07,348.6330994061304,528.8678911496623,877.5009905557927,3,0.6026977711041527
2025-11-10,348.6330994061304,569.7449105177653,918.3780099238957,3,0.6203816994322187
2025-11-11,162.04309940613038,770.7891834619223,932.8322828680527,4,0.8262891385920752
2025-11-12,224.490110627876,749.0797923635073,973.5699029913833,4,0.7694155191752442
2025-11-13,204.580110627876,732.8572360320056,937.4373466598817,4,0.7817666307441224
2025-11-14,179.870110627876,755.806276795645,935.676387423521,4,0.8077646149400367
2025-11-17,360.45486596134015,564.7160806392687,925.1709466006089,3,0.610391066336688
2025-11-18,360.45486596134015,574.6360878072603,935.0909537686005,3,0.6145242722019327
2025-11-19,360.45486596134015,572.0957024217761,932.5505683831162,3,0.61347418769332
2025-11-20,533.0997742467741,384.13657415376844,917.2363484005425,2,0.41879781020847867
2025-11-21,345.33977424677414,593.3890616824756,938.7288359292497,3,0.6321197762025479
2025-11-24,457.09289868008466,521.313409908846,978.4063085889306,3,0.5328189376259138
2025-11-25,457.09289868008466,531.3981845752194,988.491083255304,3,0.5375852079770068
2025-11-26,457.09289868008466,539.1157752736541,996.2086739537388,3,0.5411675177792009
2025-11-28,457.09289868008466,544.6658372427787,1001.7587359228634,3,0.5437095956453117
2025-12-01,419.87289868008463,563.2702284835487,983.1431271636334,3,0.5729280029740762
2025-12-02,612.2615741506066,373.24942284595954,985.5109969965662,2,0.3787369435586928
2025-12-03,612.2615741506066,388.2029316112974,1000.4645057619041,2,0.3880226928347261
2025-12-04,612.2615741506066,384.9328407286657,997.1944148792724,2,0.3860158410286208
2025-12-05,612.2615741506066,375.1363828567139,987.3979570073205,2,0.3799242040096024
2025-12-08,612.2615741506066,366.97824461471197,979.2398187653187,2,0.37475829473256006
2025-12-09,585.1815741506066,399.72969830374086,984.9112724543475,2,0.4058535113600998
2025-12-10,585.1815741506066,402.73569843971023,987.9172725903168,2,0.4076613595222788
2025-12-11,585.1815741506066,421.6406651378111,1006.8222392884177,2,0.4187836230512847
2025-12-12,585.1815741506066,409.5868698788581,994.7684440294647,2,0.4117409155237802
2025-12-15,585.1815741506066,403.10341656291985,988.2849907135264,2,0.40788175511183816
2025-12-16,585.1815741506066,403.0294475015371,988.2110216521437,2,0.4078374341825606
2025-12-17,585.1815741506066,408.456764529552,993.6383386801585,2,0.4110718645096783
2025-12-18,384.0315741506066,621.6208648972568,1005.6524390478634,3,0.6181269400448112
2025-12-19,438.94772267543055,578.6069195612174,1017.554642236648,3,0.5686249126527532
2025-12-22,452.0884539081411,574.6980240315768,1026.7864779397178,3,0.5597054853943227
2025-12-23,452.0884539081411,574.8570869534165,1026.9455408615577,3,0.5597736823231533
2025-12-24,452.0884539081411,570.9372369849361,1023.0256908930772,3,0.5580869005220401
2025-12-26,452.0884539081411,560.5048723075489,1012.59332621569,3,0.5535340376005571
2025-12-29,412.2984539081411,590.8598730347251,1003.1583269428661,3,0.5889996196665942
2025-12-30,412.2984539081411,585.9102190410317,998.2086729491728,3,0.5869616593392045
2025-12-31,412.2984539081411,582.7872814811691,995.0857353893102,3,0.5856653962114767
2026-01-02,412.2984539081411,601.7844339618705,1014.0828878700115,3,0.5934272643391743
2026-01-05,209.14845390814108,806.4866199447362,1015.6350738528772,4,0.79407125719406
2026-01-06,209.14845390814108,836.8904950447529,1046.038948952894,4,0.8000567243528524
2026-01-07,388.109044667259,604.5791488493704,992.6881935166294,3,0.6090322749861964
2026-01-08,388.109044667259,626.8987395583945,1015.0077842256535,3,0.6176294894493383
2026-01-09,446.42583835861,596.0116886792456,1042.4375270378555,3,0.5717481126881974
2026-01-12,430.65394132679046,603.7799598430402,1034.4339011698307,3,0.5836815278001152
2026-01-13,593.1249993332522,429.03028940181525,1022.1552887350674,2,0.4197310273008974
2026-01-14,445.5898586529038,593.1531725765183,1038.743031229422,3,0.5710297491714401
2026-01-15,445.5898586529038,588.5408291660397,1034.1306878189434,3,0.5691164918500919
2026-01-16,445.5898586529038,618.5342391584863,1064.1240978113901,3,0.5812613777196106
2026-01-20,235.58985865290379,814.2809657854498,1049.8708244383536,4,0.7756010995172319
2026-01-21,235.58985865290379,834.3239666974288,1069.9138253503324,4,0.7798048281357967
2026-01-22,235.58985865290379,822.8714017940958,1058.4612604469996,4,0.7774223134501761
2026-01-23,235.58985865290379,803.2864681218116,1038.8763267747154,4,0.7732262709418805
2026-01-26,604.7315058443256,398.42642715124305,1003.1579329955687,2,0.397172184006447
2026-01-27,604.7315058443256,381.7478228755249,986.4793287198505,2,0.38698005296362087
2026-01-28,604.7315058443256,393.29451711875333,998.026022963079,2,0.3940724070010576
2026-01-29,779.1588899168294,213.5732886101568,992.7321785269862,1,0.2151368649367812
2026-01-30,779.1588899168294,205.96076273386979,985.1196526506992,1,0.2090718240973909
2026-02-02,779.1588899168294,222.87746225573005,1002.0363521725594,1,0.22242452758575032
2026-02-03,779.1588899168294,235.5649919386934,1014.7238818555228,1,0.2321468885781416
2026-02-04,842.1420755736532,189.04407139020225,1031.1861469638554,1,0.18332681441348778
2026-02-05,842.1420755736532,191.5815732679707,1033.7236488416238,1,0.18533151822796579
2026-02-06,842.1420755736532,201.73159590374885,1043.873671477402,1,0.19325288242804003
2026-02-09,842.1420755736532,195.3878260846234,1037.5299016582767,1,0.18832018795057032
2026-02-10,842.1420755736532,190.63001762615966,1032.7720931998128,1,0.18458091468712645
2026-02-11,821.1420755736532,205.27575305441053,1026.4178286280637,1,0.19999238841046568
2026-02-12,1019.958714697244,0.0,1019.958714697244,0,0.0
2026-02-13,1019.958714697244,0.0,1019.958714697244,0,0.0
2026-02-17,1019.958714697244,0.0,1019.958714697244,0,0.0
2026-02-18,1019.958714697244,0.0,1019.958714697244,0,0.0
2026-02-19,1019.958714697244,0.0,1019.958714697244,0,0.0
2026-02-20,1019.958714697244,0.0,1019.958714697244,0,0.0
2026-02-23,1019.958714697244,0.0,1019.958714697244,0,0.0
2026-02-24,1019.958714697244,0.0,1019.958714697244,0,0.0
2026-02-25,1019.958714697244,0.0,1019.958714697244,0,0.0
2026-02-26,1019.958714697244,0.0,1019.958714697244,0,0.0
2026-02-27,1019.958714697244,0.0,1019.958714697244,0,0.0
2026-03-02,1019.958714697244,0.0,1019.958714697244,0,0.0
2026-03-03,611.978714697244,407.77611194402806,1019.7548266412721,2,0.3998766186644145
2026-03-04,611.978714697244,399.48362495017034,1011.4623396474143,2,0.39495649940800204
2026-03-05,611.978714697244,409.030529484083,1021.009244181327,2,0.4006139335320659
2026-03-06,611.978714697244,386.0050216875418,997.9837363847857,2,0.3867848819719768
2026-03-09,787.6246913520552,208.4006745486134,996.0253659006686,1,0.20923229636844082
2026-03-10,588.9946913520552,404.05975881935734,993.0544501714126,2,0.4068858044487007
2026-03-11,588.9946913520552,414.29047502283663,1003.2851663748918,2,0.41293391839905974
2026-03-12,588.9946913520552,392.6307441885193,981.6254355405745,2,0.3999802062711427
2026-03-13,588.9946913520552,399.95700162107784,988.951692973133,2,0.4044252155721255
2026-03-16,588.9946913520552,416.29265078933025,1005.2873421413854,2,0.41410314577578966
2026-03-17,588.9946913520552,445.24660177874057,1034.2412931307958,2,0.43050553554182275
2026-03-18,385.12469135205515,634.1114800024596,1019.2361713545148,3,0.6221438149705348
2026-03-19,385.12469135205515,631.359872819155,1016.4845641712102,3,0.6211209644230394
2026-03-20,385.12469135205515,613.4495358904088,998.574227242464,3,0.6143254243447013
2026-03-23,385.12469135205515,637.0537736759316,1022.1784650279867,3,0.6232314566111402
2026-03-24,385.12469135205515,647.3132775463607,1032.4379688984159,3,0.6269754668525286
2026-03-25,385.12469135205515,643.8781862103674,1029.0028775624226,3,0.6257302095555196
2026-03-26,385.12469135205515,622.1741205289187,1007.2988118809739,3,0.6176658933679325
2026-03-27,385.12469135205515,607.2935206212467,992.4182119733018,3,0.6119330674249901
2026-03-30,385.12469135205515,592.6223413770083,977.7470327290634,3,0.6061100893580781
2026-03-31,385.12469135205515,618.341194464834,1003.4658858168891,3,0.6162054965739692
2026-04-01,385.12469135205515,622.3543870641448,1007.4790784162,3,0.617734303765903
2026-04-02,385.12469135205515,622.9340397181588,1008.058731070214,3,0.6179541137021012
2026-04-06,385.12469135205515,616.6035683214707,1001.7282596735258,3,0.615539755784097
2026-04-07,385.12469135205515,609.9240250284826,995.0487163805377,3,0.6129589586799975
2026-04-08,385.12469135205515,632.3004856377081,1017.4251769897633,3,0.6214712392988776
2026-04-09,360.418668795957,646.6332494203072,1007.0519182162641,3,0.6421051762312843
2026-04-10,360.418668795957,651.5455631077132,1011.9642319036702,3,0.6438424823395679
2026-04-13,360.418668795957,651.8769006877651,1012.2955694837221,3,0.6439590573534041
2026-04-14,420.43024083214414,600.6400081153922,1021.0702489475364,3,0.588245528389941
2026-04-15,420.43024083214414,600.4128318660164,1020.8430726981605,3,0.5881538974242954
2026-04-16,194.13024083214412,810.4381421435551,1004.5683829756993,4,0.806752587357868
2026-04-17,194.13024083214412,821.4975264016056,1015.6277672337496,4,0.808856899057719
2026-04-20,194.13024083214412,827.0297520959464,1021.1599929280906,4,0.8098924339216502
2026-04-21,194.13024083214412,827.8485889895333,1021.9788298216774,4,0.8100447532107711
2026-04-22,390.7020031559016,632.1457701764228,1022.8477733323244,3,0.6180252689185236
2026-04-23,390.7020031559016,621.5600577630643,1012.2620609189659,3,0.6140307749939684
2026-04-24,390.7020031559016,630.7963216201028,1021.4983247760044,3,0.6175206618752163
2026-04-27,390.7020031559016,632.2142304997451,1022.9162336556467,3,0.6180508331951773
2026-04-28,390.7020031559016,626.4989357242849,1017.2009388801865,3,0.6159047949896541
2026-04-29,390.7020031559016,623.6649833208272,1014.3669864767288,3,0.6148317045362902
2026-04-30,186.6920031559016,833.2809902601425,1019.9729934160441,4,0.8169637780990242
2026-05-01,186.6920031559016,822.4778812838358,1009.1698844397374,4,0.8150043852531849
2026-05-04,186.6920031559016,805.6700323269688,992.3620354828704,4,0.8118710747886887
2026-05-05,368.2407869657234,629.7789058697597,998.019692835483,3,0.6310285362010132
2026-05-06,428.2075564429302,592.7477472907224,1020.9553037336525,3,0.5805814859113154
2026-05-07,567.5476971811873,389.1552210414811,956.7029182226685,2,0.406767047146089
2026-05-08,374.61769718118734,589.9154594920741,964.5331566732614,3,0.6116072375642653
2026-05-11,182.75769718118732,776.4467812150226,959.2044783962099,4,0.8094695121870592
2026-05-12,182.75769718118732,759.8977649113896,942.655462092577,4,0.8061246080561734
2026-05-13,182.75769718118732,768.0610398085047,950.8187369896921,4,0.8077891294403797
2026-05-14,182.75769718118732,784.0358025216386,966.793499702826,4,0.8109651158832123
2026-05-15,355.50450430839663,593.8083066101109,949.3128109185075,3,0.6255138451524442
2026-05-18,355.50450430839663,573.1793623164067,928.6838666248034,3,0.6171953480785257
2026-05-19,355.50450430839663,562.602178340714,918.1066826491106,3,0.6127851904066075
2026-05-20,355.50450430839663,573.4861290512941,928.9906333596907,3,0.6173217559549379
2026-05-21,355.50450430839663,580.0309041178812,935.5354084262779,3,0.6199988786032024
2026-05-22,355.50450430839663,584.7345942180842,940.2390985264808,3,0.6218998924150949
2026-05-26,355.50450430839663,604.180792491349,959.6852967997456,3,0.6295613723645715
2026-05-27,355.50450430839663,612.5039491636963,968.0084534720929,3,0.6327464878707844
2026-05-28,414.22253137165615,561.4734813455108,975.6960127171669,3,0.5754594402634602
2026-05-29,391.85253137165614,585.0315915031338,976.8841228747899,3,0.5988751150765903
2026-06-01,391.85253137165614,587.5785657894562,979.4310971611123,3,0.5999182254806456
2026-06-02,391.85253137165614,593.7123992180778,985.564930589734,3,0.6024082034481658
2026-06-03,391.85253137165614,584.904028786314,976.7565601579702,3,0.5988227288606262
2026-06-04,195.41253137165614,786.674871732982,982.087403104638,4,0.8010232788304733
2026-06-05,556.8555120133551,390.5618820214817,947.4173940348369,2,0.4122384542236097
2026-06-08,556.8555120133551,409.15275060129613,966.0082626146512,2,0.42354994924563144
2026-06-09,556.8555120133551,419.8977251548332,976.7532371681883,2,0.42989130639812817
2026-06-10,556.8555120133551,420.94572689077,977.8012389041251,2,0.43050234561222966
2026-06-11,614.8553548625634,385.1346605217386,999.9900153843021,2,0.38513850598171134
2026-06-12,614.8553548625634,389.954494695367,1004.8098495579304,2,0.3880878505191095
2026-06-15,614.8553548625634,385.4956672622397,1000.3510221248032,2,0.3853603972367866
2026-06-16,614.8553548625634,398.1682742070219,1013.0236290695854,2,0.3930493453274341
2026-06-17,614.8553548625634,391.94042924316676,1006.7957841057303,2,0.38929486538454405
2026-06-18,614.8553548625634,388.60365312924614,1003.4590079918096,2,0.38726410350029766
2026-06-22,776.8697156529704,197.757634744679,974.6273503976494,1,0.20290589491870262
2026-06-23,776.8697156529704,193.41883781177395,970.2885534647444,1,0.199341564033819
2026-06-24,776.8697156529704,205.93283921310123,982.8025548660717,1,0.2095363287300002
2026-06-25,580.8297156529704,399.2715935233252,980.1013091762957,2,0.4073778800059803
2026-06-26,580.8297156529704,394.8036015394305,975.6333171924009,2,0.40466391889482056
2026-06-29,580.8297156529704,377.5465454773574,958.3762611303279,2,0.39394396625817046
2026-06-30,580.8297156529704,382.26394093369083,963.0936565866613,2,0.39691253111196656
2026-07-01,580.8297156529704,379.50615471461583,960.3358703675863,2,0.3951806512958355
2026-07-02,580.8297156529704,393.0794756381448,973.9091912911152,2,0.40360998659129377
2026-07-06,751.2236320266417,210.81968938756629,962.043321414208,1,0.21913741792590005
2026-07-07,751.2236320266417,208.07940575746755,959.3030377841092,1,0.21690685587539624
2026-07-08,751.2236320266417,202.05076783341164,953.2743998600533,1,0.21195446753114733
2026-07-09,751.2236320266417,206.98328185204903,958.2069138786907,1,0.21601105027953615
2026-07-10,559.4336320266417,399.4081782384335,958.8418102650752,2,0.41655273472901194
2026-07-13,559.4336320266417,401.73460337145025,961.168235398092,2,0.41796491870651736
2026-07-14,559.4336320266417,397.60417063490786,957.0378026615496,2,0.41545294191008886
2026-07-15,559.4336320266417,389.8665321753201,949.3001642019618,2,0.4106883648367059
2026-07-16,559.4336320266417,390.13258943436006,949.5662214610018,2,0.4108534830083808
2026-07-17,368.3336320266417,587.0713407850828,955.4049728117245,3,0.6144738173775166
2026-07-20,368.3336320266417,584.2217162052141,952.5553482318558,3,0.6133204934386786
2026-07-21,368.3336320266417,575.8986962948119,944.2323283214536,3,0.6099120725071737
2026-07-22,368.3336320266417,563.1869459796437,931.5205780062854,3,0.60458884030777
2026-07-23,368.3336320266417,539.7341656997883,908.06779772643,3,0.5943765069647277
2026-07-24,368.3336320266417,556.0386172065805,924.3722492332222,3,0.6015310581508924
2026-07-27,368.3336320266417,583.9816377255237,952.3152697521654,3,0.6132230116162073
2026-07-28,368.3336320266417,592.1021731879349,960.4358052145766,3,0.6164932314821915
2026-07-29,368.3336320266417,600.8905390200393,969.224171046681,3,0.6199706496910078
2026-07-30,368.3336320266417,592.6501785274216,960.9838105540633,3,0.6167119279415584
2026-07-31,545.0853042122952,412.77987852598494,957.8651827382802,2,0.4309373448004006
2026-08-03,545.0853042122952,427.16907140403595,972.2543756163311,2,0.4393593714949805
2026-08-04,600.1086511652951,380.85286764080104,980.9615188060961,2,0.38824445234541677
2026-08-05,600.1086511652951,389.9581798048207,990.0668309701158,2,0.3938705626798149
2026-08-06,600.1086511652951,377.17451773573725,977.2831689010324,2,0.3859418945686693
2026-08-07,657.6856547964823,340.9345515278724,998.6202063243546,2,0.34140562084434317
2026-08-10,657.6856547964823,351.2258645220423,1008.9115193185246,2,0.34812355473875445
2026-08-11,657.6856547964823,357.53691928284115,1015.2225740793234,2,0.35217589562277146
2026-08-12,657.6856547964823,360.47421291051273,1018.159867706995,2,0.35404480606993405
2026-08-13,705.7219039151768,323.5822430487877,1029.3041469639645,2,0.31436990126118297
2026-08-14,666.4479531182385,343.7018904557085,1010.149843573947,2,0.3402484221941556
2026-08-17,666.4479531182385,329.86787357399385,996.3158266922323,2,0.33108765788570765
2026-08-18,666.4479531182385,340.4186975092392,1006.8666506274777,2,0.3380971028259709
2026-08-19,666.4479531182385,353.1362389662071,1019.5841920844456,2,0.3463531915341417
2026-08-20,463.1879531182385,553.0185174347073,1016.2064705529458,3,0.5441989728069678
2026-08-21,398.7079531182385,616.6266731511654,1015.3346262694039,3,0.6073137438607877
2026-08-24,398.7079531182385,623.3389600434163,1022.0469131616547,3,0.6098927084620275
2026-08-25,398.7079531182385,613.3602634593118,1012.0682165775503,3,0.6060463646743843
2026-08-26,398.7079531182385,604.5250589849811,1003.2330121032196,3,0.6025769205078584
2026-08-27,398.7079531182385,640.4444102096502,1039.1523633278887,3,0.6163142507405025
2026-08-28,398.7079531182385,646.8714399499567,1045.5793930681953,3,0.6186727131755609
2026-08-31,398.7079531182385,658.4621698747153,1057.1701229929538,3,0.6228535555001719
2026-09-01,187.7079531182385,867.1745703758443,1054.8825234940828,4,0.8220579553290026
