symbol,entry_date,exit_date,entry_price,exit_price,qty,pnl,pnl_pct,reason,stop_pct_used,tiers_fired,held_days,scaled_pnl
CNX,2022-07-19,2022-08-02,17.806364176571712,16.331830152511596,7.67759204767208,-11.32087069714585,-8.2809382613897,stop_loss,0.081724,[],14,0.0
DVN,2022-07-11,2022-08-03,45.5496441625937,47.11640651321412,2.5269135588182587,3.959073027228712,3.439680769025808,trailing_stop,0.084035,[0.15],23,5.326621601230212
CELH,2022-07-18,2022-08-09,25.105878956794733,31.11110368919373,2.7125864723932613,16.28969137278696,23.919595656194797,trailing_stop,0.133825,"[0.15, 0.3]",22,11.853385036817912
GTLB,2022-08-16,2022-08-19,67.62379133605957,61.03946469497681,1.9510884763073701,-12.846603833660183,-9.736701404926624,stop_loss,0.08265,[],3,0.0
BTU,2022-08-02,2022-08-30,18.55753195667267,23.228541814804082,3.8613361748771724,18.036339338410713,25.170426051465718,trailing_stop,0.106328,"[0.15, 0.3]",28,12.670571072726457
ATI,2022-07-11,2022-08-31,26.13536804528352,29.915035305023196,4.224734567226224,15.968090924835423,14.461886487272052,trailing_stop,0.075963,"[0.15, 0.3, 0.5]",51,20.84193179934764
OVV,2022-08-03,2022-09-01,43.19921053848647,45.67055463600159,2.8143457422262568,6.955216738417661,5.720808474759936,trailing_stop,0.073253,[0.15],29,4.9647633099374495
NUE,2022-08-31,2022-09-14,125.50482920837402,113.84493504333497,1.0472903778210152,-12.211294965456787,-9.29039483068837,stop_loss,0.085401,[],14,0.0
BTU,2022-09-01,2022-09-16,22.25950294303894,19.635120765686036,5.858172140397191,-15.3740825571237,-11.789940611291177,stop_loss,0.103065,[],15,0.0
GLBE,2022-09-14,2022-09-21,34.48723622131347,30.524730915069583,3.7448637278792423,-14.83904239288178,-11.489773436222823,stop_loss,0.112224,[],7,0.0
DKNG,2022-09-16,2022-09-21,18.60930038166046,16.711639313697816,6.829380868355895,-12.959850192167892,-10.197379960789913,stop_loss,0.09135,[],5,0.0
STLD,2022-09-02,2022-09-23,73.6007544593811,66.2159980583191,1.783269763524428,-13.169012801007312,-10.033533562672247,stop_loss,0.082132,[],21,0.0
DVN,2022-09-22,2022-09-23,53.71191638946533,49.04219713401795,2.2911116987093036,-10.6988484158436,-8.694009764215503,stop_loss,0.078203,[],1,0.0
AR,2022-09-23,2022-10-21,31.332725532799635,33.45326622009277,3.5942454646197852,7.621743747845073,6.767814325866155,trailing_stop,0.088552,[0.15],28,4.915026875533346
CELH,2022-09-22,2022-11-09,29.981650508880612,26.203558841705323,4.104510522646158,-15.507217003442733,-12.601346500441036,stop_loss,0.096533,[],48,0.0
TOST,2022-11-02,2022-11-29,19.809238367423752,17.11144083881378,6.820555010443415,-18.40047645092261,-13.618885686420398,stop_loss,0.117959,[],27,0.0
DECK,2022-08-22,2022-12-09,54.75402882957458,62.15057649421692,1.8180858567744596,13.44755869804439,13.5086820508945,trailing_stop,0.072641,[0.15],109,5.056944429634662
HBM,2022-12-06,2022-12-15,5.466736518859863,5.054159011363984,22.48507854291761,-9.276837661086006,-7.547053092325101,stop_loss,0.06381,[],9,0.0
WDAY,2022-12-16,2023-01-05,175.30761122131346,160.10990744018557,0.6893026444097059,-10.475817405286847,-8.669163691895768,stop_loss,0.057624,[],20,0.0
CROX,2022-11-25,2023-01-19,94.95745866394043,121.3692853050232,0.7329998529913541,19.35986504514679,27.814378157018343,trailing_stop,0.074257,"[0.15, 0.3]",55,12.706713002069986
ATI,2022-09-26,2023-02-09,28.83000409491327,38.520730915069585,2.94751517512689,28.56356436041989,33.61333834103108,trailing_stop,0.058199,"[0.15, 0.3]",136,14.602179408537168
LYFT,2023-02-09,2023-02-10,16.228109313011167,10.304845419406892,8.191342406932216,-48.51948271913113,-36.50002461380511,stop_loss,0.15,[],1,0.0
ANF,2022-12-15,2023-02-21,23.24207070791511,28.885549618721015,4.255134052796208,24.013759289607464,24.28130858789622,trailing_stop,0.068362,"[0.15, 0.3]",68,13.418984932447973
U,2023-02-10,2023-02-21,36.470852620828346,36.46175954246521,3.255750378043241,-0.02960479331835586,-0.02493245347914741,trailing_stop,0.15,[0.15],11,6.115536049594073
CENX,2023-02-06,2023-03-09,10.732108785171036,11.324334923744203,10.834310804636113,6.416362051931188,5.5182644010417485,trailing_stop,0.083382,[0.15],31,5.455203234638418
JBLU,2023-02-22,2023-03-09,8.204099809169769,7.6661650762557985,15.465438372432464,-8.319396460271918,-6.556901371588844,stop_loss,0.050734,[],15,0.0
CLF,2023-01-24,2023-03-15,20.200095534324646,17.651169847488404,6.4633357687912065,-16.474562563719374,-12.618384316574277,stop_loss,0.086948,[],50,0.0
CENX,2023-03-10,2023-03-17,10.085039923667908,8.655669847488404,12.376748227547246,-17.690953556863747,-14.173172213478407,stop_loss,0.124396,[],7,0.0
TWLO,2023-03-09,2023-03-20,68.93445152664184,62.54871183013916,1.8468269084696662,-11.793355901984057,-9.263495327927155,stop_loss,0.088076,[],11,0.0
OKTA,2023-03-21,2023-04-05,84.52224335861206,78.55070133972168,1.4532269272463025,-8.678005659034241,-7.065053862276513,stop_loss,0.054729,[],15,0.0
ASAN,2023-03-24,2023-04-12,20.43021007633209,18.5707099237442,5.997001476844161,-11.151425161261528,-9.101718218463537,stop_loss,0.070568,[],19,0.0
ANF,2023-04-11,2023-04-12,27.443715305328368,25.587200381278993,4.414489753013798,-8.195566108533157,-6.76480900415448,stop_loss,0.063402,[],1,0.0
ROKU,2023-04-03,2023-04-21,65.7428540840149,58.02097423744202,1.8827901788659431,-14.538679537510262,-11.745580495645715,stop_loss,0.106897,[],18,0.0
CLF,2023-04-17,2023-04-21,17.268630228996276,15.872060114383698,6.905585354405455,-9.644134129868974,-8.087324217919466,stop_loss,0.059528,[],4,0.0
CENX,2023-04-25,2023-05-11,8.086340457243441,7.196399809360504,15.80319313485379,-14.063903937050952,-11.005480817787745,stop_loss,0.091302,[],16,0.0
DASH,2023-02-21,2023-05-16,58.089031373977654,64.1479103050232,1.634689319384718,9.90438467602526,10.430332177581748,trailing_stop,0.069438,[0.15],84,5.00068587210426
ASAN,2023-05-16,2023-06-05,18.259124999999997,22.088950381278995,3.675525113018834,14.076619367367883,20.974857126390216,trailing_stop,0.085025,"[0.15, 0.3]",20,11.740363962681336
PATH,2023-05-17,2023-06-09,15.12755988550186,17.1614150762558,5.996009969233372,12.195015999737663,13.444700970598511,trailing_stop,0.128178,[0.15],23,5.503326861212589
AFRM,2023-06-14,2023-07-06,16.809443716354966,13.783104961872102,8.61242063942569,-26.064102351002063,-18.003800753610598,stop_loss,0.147895,[],22,0.0
MDB,2023-04-24,2023-07-07,270.0279163984384,388.42568511962895,0.34343393209354967,40.66181126302118,43.846491985106205,trailing_stop,0.050977,"[0.15, 0.3, 0.5]",74,33.02926679780955
BILL,2023-06-14,2023-07-20,114.2971178627014,129.20536927032472,0.8563865648673504,12.767226211153385,13.043418492434567,trailing_stop,0.063898,[0.15],36,6.038984694572967
GTLB,2023-07-10,2023-07-27,50.375173473358146,46.8515625,2.550065660179582,-8.98543934299255,-6.994737150079837,stop_loss,0.060672,[],17,0.0
TPR,2023-05-12,2023-08-10,37.90151727676391,32.10031296920777,3.135758369041937,-18.191174957941314,-15.305994916231638,stop_loss,0.094186,[],90,0.0
RIVN,2023-08-07,2023-08-11,24.29214068698883,21.55921469497681,5.32312082603984,-14.547695264104789,-11.250247671568154,stop_loss,0.099879,[],4,0.0
AR,2023-08-21,2023-08-23,27.793890686988828,25.847070610046384,4.512862247771509,-8.785730828437181,-7.004489219833516,stop_loss,0.067858,[],2,0.0
RKLB,2023-08-24,2023-09-11,5.798596054763365,6.036979961872101,20.13073457618572,4.798843161240072,4.111062485770336,trailing_stop,0.075695,[0.15],18,4.739946012551279
UPST,2023-08-10,2023-09-18,32.06602423667908,28.915535305023194,3.894152860308952,-12.268485484579443,-9.825006394313645,stop_loss,0.089324,[],39,0.0
OKTA,2023-07-27,2023-09-19,70.34515255737304,81.99898091506958,1.3706701846928588,15.973555067422794,16.566640250288398,trailing_stop,0.089339,[0.15],54,5.995810681646162
RKLB,2023-09-15,2023-09-20,5.122559885501861,4.417790076255798,24.599029160525806,-17.336653089102114,-13.758156566226576,stop_loss,0.099954,[],5,0.0
RIVN,2023-09-21,2023-10-05,21.54076568698883,18.26086545753479,5.676214196687269,-18.617416246144856,-15.226479304935674,stop_loss,0.15,[],14,0.0
SMCI,2023-09-19,2023-10-13,25.205410661529623,28.50574045753479,4.621924222215567,15.253874225456059,13.093735469433865,trailing_stop,0.093626,[0.15],24,5.10803059483634
SMCI,2023-10-19,2023-10-30,26.518251660346984,23.650169655799868,4.6435942149282985,-13.318209004254953,-10.815501871248129,stop_loss,0.101502,[],11,0.0
CPRI,2023-09-11,2023-11-07,52.97647576332092,48.79558969497681,2.405407271131239,-10.056733748566216,-7.891967157314774,stop_loss,0.05,[],57,0.0
UPST,2023-11-08,2023-12-29,21.934049747498634,40.83957061004639,2.9770069829350705,56.281867623829314,86.19256854153777,trailing_stop,0.15,"[0.15, 0.3, 0.5]",51,31.79939960259892
IOT,2023-10-26,2024-01-02,27.097781787612508,31.36430916118622,4.308291883088511,18.381445252542562,15.744932212584702,trailing_stop,0.06513,"[0.15, 0.3, 0.5]",68,30.005621654947426
GTLB,2023-11-09,2024-01-02,49.39232237190517,60.00998091506958,2.3570209051992665,25.026043150506098,21.49657686313579,trailing_stop,0.087802,"[0.15, 0.3]",54,14.676522049547899
LEVI,2023-11-09,2024-01-02,13.739060088555618,15.068295403957368,9.584899104412157,12.740586384147235,9.674863541131012,trailing_stop,0.054982,[0.15],54,6.110729513374963
BROS,2024-01-02,2024-01-09,31.075529465675352,28.61568416118622,4.641594285925879,-11.41760390957836,-7.915698772586217,stop_loss,0.066205,[],7,0.0
UPST,2024-01-02,2024-01-12,38.28316696371698,31.934025762557987,4.177292859589302,-26.52222220412571,-16.58468121818766,stop_loss,0.123963,[],10,0.0
AA,2024-01-03,2024-01-16,30.585988858222958,27.042858754158026,4.656707378669829,-16.499320099186363,-11.584160709953215,stop_loss,0.092639,[],13,0.0
CROX,2024-01-11,2024-02-06,104.95245152664184,98.9505,1.3339373970169859,-8.006227596470723,-5.718733997479093,stop_loss,0.053507,[],26,0.0
U,2024-01-17,2024-02-28,32.996489542007446,29.275355915069582,4.146804763149223,-15.430814648500686,-11.2773621636342,stop_loss,0.088937,[],42,0.0
LUV,2024-01-31,2024-03-12,28.856770261362897,27.27335143661499,4.299683873506482,-6.808200385775152,-5.487165786075469,trailing_stop,0.090618,[0.15],41,5.283328968679591
AAL,2024-01-31,2024-04-10,14.237114542007445,13.403294847488404,9.612902923284526,-8.01542777893431,-5.856662121097694,stop_loss,0.057449,[],70,0.0
DOCU,2024-02-07,2024-04-15,52.34638609079675,56.64166316986084,2.408045923476013,10.343224460440254,8.205489241633176,trailing_stop,0.05,[0.15],68,5.396584827185222
ESTC,2024-03-28,2024-04-15,100.2901178627014,94.80257347488404,1.4074168323666383,-7.723262339773214,-5.471670095482266,stop_loss,0.05,[],18,0.0
JBLU,2024-02-29,2024-04-23,6.483240019083023,6.096949904680252,16.151646468641765,-6.239221362164727,-5.958288036008988,trailing_stop,0.126086,[0.15],54,5.507739334325919
PLAY,2024-05-08,2024-05-22,52.65631606864929,48.87555152511597,2.5503113401424233,-9.642126689781435,-7.1800779579875105,stop_loss,0.05,[],14,0.0
LUV,2024-04-25,2024-05-29,25.87675294017792,24.191349431037903,5.227858391380919,-8.811050878120483,-6.513195504228624,stop_loss,0.052206,[],34,0.0
GTLB,2024-04-15,2024-05-30,53.85691683197021,48.51573091506958,2.5161113552560326,-13.439018536047271,-9.91736295184656,stop_loss,0.072055,[],45,0.0
FVRR,2024-05-31,2024-06-13,25.242614542007445,23.9080400762558,5.178940548430351,-6.9116818155809625,-5.2869898382780995,stop_loss,0.05,[],13,0.0
DASH,2024-05-30,2024-07-12,110.5952709159851,104.9475,1.1826907146813146,-6.679566220982736,-5.106702003809442,stop_loss,0.05,[],43,0.0
JBLU,2024-06-04,2024-07-18,5.589614809256559,6.01698998093605,21.090004593030315,9.01334433366759,7.645878763805805,trailing_stop,0.073413,[0.15],44,6.410304942629907
OVV,2024-06-25,2024-08-02,43.9636708316803,39.13909680938721,2.9751837716368605,-14.353994336187156,-10.974001786075808,stop_loss,0.050007,[],38,0.0
DVN,2024-06-27,2024-08-02,44.12804817581176,40.1266132106781,2.9727124906445486,-11.89511570135467,-9.067781446374957,stop_loss,0.05,[],36,0.0
RIVN,2024-07-24,2024-08-02,16.27813545799255,14.712640266895296,7.9425558494488815,-12.434032987333609,-9.617165277541654,stop_loss,0.095241,[],9,0.0
LCID,2024-07-23,2024-08-07,34.767375,29.085450381278992,3.754094175933616,-21.33048011923438,-16.34269086671343,stop_loss,0.15,[],15,0.0
ARM,2024-08-02,2024-09-04,116.06862760500493,120.88952194976808,0.9758661499878252,4.704547603722091,4.1534861264744265,trailing_stop,0.106755,[0.15],33,5.14911064144427
FUN,2024-08-21,2024-09-06,45.332656373977656,41.64916316986084,2.806365436661863,-10.337228014212286,-8.125473993249717,stop_loss,0.052126,[],16,0.0
ARM,2024-09-06,2024-10-01,120.27520928491923,136.01196183013917,0.916294837638401,14.419505118377998,13.083953575122237,trailing_stop,0.100407,[0.15],25,6.06004721207351
LEVI,2024-08-14,2024-10-03,17.09238515281677,18.3800608959198,5.505082749805131,7.088761520698995,7.5336223212289655,trailing_stop,0.059863,[0.15],50,4.861279482664095
JBLU,2024-10-14,2024-10-24,6.949541296837119,6.986504771232605,17.510508385219268,0.6472492283489828,0.5318836570164492,trailing_stop,0.115071,[0.15],10,5.614390351786017
CPRI,2024-10-08,2024-10-25,42.64130893135071,21.2493702287674,2.9935760228539627,-64.03839478241508,-50.167171784108966,stop_loss,0.15,[],17,0.0
BIRK,2024-10-15,2024-10-29,50.46521862602233,47.66615362739562,2.536202229667982,-7.098994890502652,-5.546523080320849,stop_loss,0.05,[],14,0.0
BHP,2024-10-31,2024-11-12,52.2033957824707,49.461848043441776,2.2887399987898873,-6.274689968907481,-5.251665524696583,stop_loss,0.05,[],12,0.0
BILL,2024-11-01,2024-12-10,70.41885016589117,89.61517366027833,1.4163909853380363,27.189499549082726,27.260205824384926,trailing_stop,0.066919,"[0.15, 0.3, 0.5]",39,25.9346225256107
PATH,2024-12-10,2024-12-18,14.717355038166046,12.963515266895294,9.088589604118706,-15.939929912461281,-11.916813630727633,stop_loss,0.086506,[],8,0.0
ASAN,2024-11-27,2024-12-19,15.157574618339536,22.358815838813783,3.513590222528186,25.30221074232525,47.509191950546494,trailing_stop,0.15,"[0.15, 0.3, 0.5]",22,36.944378543354915
ARM,2024-10-24,2024-12-23,141.11051328277588,126.80656774520877,0.9052479296423344,-12.948617083599345,-10.136697262877204,stop_loss,0.071718,[],60,0.0
RIVN,2024-12-19,2025-01-10,13.36008294849653,13.843075381278995,8.837145539767185,4.268274423104856,3.6151903745239746,trailing_stop,0.15,[0.15],22,8.498509165301613
U,2024-12-27,2025-02-10,22.71212043266625,20.389799618721014,6.339786741924058,-14.723018706744313,-10.225028617781994,stop_loss,0.068817,[],45,0.0
CAVA,2024-12-19,2025-02-11,117.10852805328368,130.80456011962892,0.8329457557410292,11.408051780155319,11.695161995472803,trailing_stop,0.07252,[0.15],54,5.040368699276371
ATI,2024-10-30,2025-02-12,56.23094251649675,60.749608779907234,2.1349901730642595,9.647308067738408,8.035907031230757,trailing_stop,0.082208,[0.15],105,5.284689180194992
LCID,2025-01-21,2025-02-21,28.61430038166046,30.584700381278992,3.463740148924482,6.8249535881194845,6.886067362602391,trailing_stop,0.113068,[0.15],31,5.159989005474074
MDB,2025-02-13,2025-02-24,293.11648622131344,266.96645610046386,0.4608065610407779,-12.050105451101444,-8.921378138077628,stop_loss,0.0703,[],11,0.0
BILL,2025-02-11,2025-03-04,60.341280571718215,50.18489408493042,2.486026126371426,-25.249042155680158,-16.831572665609063,stop_loss,0.15,[],21,0.0
ASAN,2025-02-26,2025-03-10,19.489739542007445,16.671660305023195,6.689673800872705,-18.852030840436882,-14.459296548885472,stop_loss,0.109383,[],12,0.0
RIVN,2025-02-24,2025-03-11,11.965980038166045,10.784604961872102,10.939346345429996,-12.923471123438219,-9.87278160690468,stop_loss,0.089766,[],15,0.0
ALK,2025-03-12,2025-04-01,53.366670152664184,49.01548091506958,2.362335885663391,-10.278970481282059,-8.153383422925408,stop_loss,0.077788,[],20,0.0
UAL,2025-03-12,2025-04-03,72.49622908401489,60.19988454246521,1.7389870010190351,-21.383183317806242,-16.961357434604782,stop_loss,0.125359,[],22,0.0
DUOL,2025-03-05,2025-04-04,298.91022573518717,292.7335648803711,0.3911211639968976,-2.4158227831497356,-2.066393292375401,trailing_stop,0.11424,[0.15],30,5.217539346621827
ASAN,2025-04-10,2025-05-21,15.835779702870243,16.891549618721008,6.9799218667293825,7.3691915218818025,6.666990420808941,trailing_stop,0.056054,[0.15],41,4.859371214217685
PATH,2025-05-16,2025-05-21,12.92646007633209,12.193899809360504,9.6886540677374,-7.097523010457053,-5.667137504357273,stop_loss,0.050023,[],5,0.0
LCID,2025-05-21,2025-05-29,27.71385076332092,24.087950381278993,4.449760556667683,-16.134388502416456,-13.083351039909545,stop_loss,0.129307,[],8,0.0
LEVI,2025-05-23,2025-06-13,17.180903663635252,16.17686311912537,7.111965842554885,-7.140702057094501,-5.843933265483676,stop_loss,0.05,[],21,0.0
ASAN,2025-06-04,2025-06-25,14.90076516656014,12.923535305023192,8.9975245231618,-17.7901741671065,-13.269317645339376,stop_loss,0.121955,[],21,0.0
MDB,2025-07-31,2025-08-01,238.00894438934324,220.8595162200928,0.4971241744866868,-8.525395321557355,-7.205371299490674,stop_loss,0.071273,[],1,0.0
PLAY,2025-06-26,2025-08-05,30.495239542007443,26.456764313697814,3.8825732074313772,-15.679675720310286,-13.242969358370168,stop_loss,0.099496,[],40,0.0
OKTA,2025-07-10,2025-08-11,94.45720866394042,88.46574713516236,1.263535114875383,-7.570422031036017,-6.343043176402201,stop_loss,0.058195,[],32,0.0
CLF,2025-07-31,2025-10-10,10.819633080183737,13.173410305023193,7.665925626313319,18.04388114652943,21.754686202348417,trailing_stop,0.08458,"[0.15, 0.3]",71,13.786775728613318
BTU,2025-08-06,2025-10-17,16.611895202656097,30.95381657314301,3.6276430960167434,52.02737204326184,86.33525070753976,trailing_stop,0.12234,"[0.15, 0.3, 0.5]",72,24.861650261200243
OPEN,2025-10-10,2025-11-17,7.582698754948248,7.836080152511597,16.567979588525922,4.19801782294175,3.3415727797177768,trailing_stop,0.15,[0.15],38,8.850645663137648
GTLB,2025-11-04,2025-11-17,46.52325,42.61867938995361,2.806338766100821,-10.957547867951106,-8.392729678271369,stop_loss,0.079054,[],13,0.0
ATI,2025-08-06,2025-11-20,81.12105287206329,94.75260305023193,1.3596266908113335,18.53381945937207,16.803961111879396,trailing_stop,0.061217,"[0.15, 0.3]",106,15.088270522329477
OPEN,2025-11-18,2025-11-20,7.523759980916976,6.156919847488403,17.719863517463153,-24.22022061454544,-18.16698215912499,stop_loss,0.15,[],2,0.0
CPRI,2025-08-15,2025-12-09,22.39911100094839,25.917035305023195,5.089683259830379,17.90512043979996,15.705642531642672,trailing_stop,0.071384,"[0.15, 0.3]",116,12.853170419675084
IOT,2025-12-12,2025-12-23,41.41069438934326,37.13142652511597,3.244572494649512,-13.884394809509445,-10.33372641374623,stop_loss,0.092614,[],11,0.0
DECK,2026-01-05,2026-01-12,108.15404847335815,101.75909255981448,1.247572346154362,-7.978170152613387,-5.9128215760864045,stop_loss,0.05472,[],7,0.0
OPEN,2025-12-26,2026-01-13,6.0399081821783165,6.766614980936051,22.033861291106927,16.012156803132285,12.0317524180582,trailing_stop,0.144546,[0.15],18,5.069378550798028
ONON,2025-12-30,2026-01-20,47.47372576332092,44.09793893241883,2.795862297847068,-9.438235126087804,-7.11085295418353,stop_loss,0.058554,[],21,0.0
BTU,2025-11-21,2026-01-26,26.773538797935093,35.40101469802857,3.304381323703485,28.508470234970787,32.223890779648706,trailing_stop,0.074857,"[0.15, 0.3]",66,15.43409896876523
CAVA,2026-01-20,2026-01-26,69.08452805328369,62.51872423744202,1.9784458814654,-12.990087517961754,-9.504014865351007,stop_loss,0.075868,[],6,0.0
OPEN,2026-01-14,2026-01-29,6.552732060775959,5.577209923744202,23.020932124323224,-22.457428902382816,-14.887258138802004,stop_loss,0.144776,[],15,0.0
JBLU,2026-01-20,2026-02-12,5.25574335052348,5.627185114383698,23.17655010600904,8.608738651570718,7.067349736992417,trailing_stop,0.123744,[0.15],23,5.258228023771601
CPRI,2026-02-19,2026-03-03,21.36067538166046,18.96051431369781,6.280700286994912,-15.074692308387029,-11.236353837497784,stop_loss,0.107686,[],12,0.0
CLF,2026-03-03,2026-03-10,10.95846685363818,9.535229961872101,13.289267736540285,-18.91377610720083,-12.987554835680031,stop_loss,0.109061,[],7,0.0
OPEN,2026-03-03,2026-04-09,4.972484790086746,4.307844942808152,26.616471560427062,-17.690367593017285,-13.366352544780725,stop_loss,0.117183,[],37,0.0
SCCO,2026-03-26,2026-04-23,158.2837714048852,176.31280047607422,0.7415002932141139,13.368530342652434,11.390320631842481,trailing_stop,0.082425,[0.15],28,5.504318574660552
BTU,2026-04-09,2026-05-05,27.551648883819578,24.83229085445404,4.7779354533408345,-12.992917138832667,-9.870037328192547,stop_loss,0.083786,[],26,0.0
SHAK,2026-04-16,2026-05-07,99.799875,69.20537786483764,1.3107230845730018,-40.10091365595987,-30.65584714926983,stop_loss,0.15,[],21,0.0
JBLU,2026-05-08,2026-05-15,5.112555133581162,4.577709923744202,24.944474273213324,-13.34143257692942,-10.461407180215975,stop_loss,0.091008,[],7,0.0
CMC,2026-03-17,2026-06-05,62.54055366517202,73.87280464172363,1.805268240849691,20.45775278530651,18.119844344874085,trailing_stop,0.05,[0.15],80,5.517590543628387
SCCO,2026-04-30,2026-06-05,169.10471288361848,169.89441093444825,0.6839108197686019,0.5400830413126556,0.46698760629649483,trailing_stop,0.097164,[0.15],36,4.987230211022535
FUN,2026-05-11,2026-06-22,20.16007461833954,22.69864408493042,4.728777186937946,12.004329381072182,12.592063842271475,trailing_stop,0.08944,[0.15],42,6.64823451207463
FUN,2026-06-25,2026-07-06,22.481234313011164,19.54022423744202,5.7296676066158145,-16.85101016071927,-13.082066734507618,stop_loss,0.106812,[],11,0.0
BIRK,2026-06-04,2026-07-31,43.01149667930603,38.70064122009278,2.999198120489151,-12.929109590972786,-10.022565574397502,stop_loss,0.059809,[],57,0.0
ALK,2026-07-16,2026-08-18,47.643808931350705,42.388794847488406,2.6528105715081174,-13.94055691509395,-11.029794220344925,stop_loss,0.084557,[],33,0.0
