symbol,strategy,trigger,confluence,signal_date,entry_date,entry_price,exit_date,exit_price,exit_reason,original_shares,remaining_shares,scaled_out,scale_out_date,scale_out_price,scale_out_shares,scale_out_proceeds,exit_proceeds,commission_paid,entry_commission,total_invested,total_returned,holding_days,stop_loss,take_profit,stdev_20,stdev_fallback,rsi_at_entry,vol_at_entry,from_queue,pnl,pnl_pct,pnl_before_commission,win,win_before_commission
VALE,mean_reversion,oversold+volume,2,2021-10-21,2021-10-22,8.841288,2021-11-01,8.394972,stop_loss,16.85274766,16.85274766,False,,0.0,0.0,0.0,140.478351,2.0,1.0,150.0,140.478351,10,8.457576,9.725417,0.0217,False,21.1,2.1,False,-9.521649,-6.347766,-7.521649,0,0
VALE,mean_reversion,oversold+volume,2,2021-11-02,2021-11-03,8.134249,2021-11-08,7.735509,stop_loss,18.31760968,18.31760968,False,,0.0,0.0,0.0,140.696027,2.0,1.0,150.0,140.696027,5,7.760074,8.947674,0.023,False,22.7,1.7,False,-9.303973,-6.202649,-7.303973,0,0
FVRR,mean_reversion,oversold+volume,2,2021-11-08,2021-11-09,163.363197,2021-11-19,166.653187,trailing_stop,0.91207814,0.45603907,True,2021-11-12,185.234578,0.45603907,83.474204,75.000364,3.0,1.0,150.0,158.474568,10,155.717799,179.699517,0.0234,False,29.8,1.66,False,8.474568,5.649712,11.474568,1,1
DASH,mean_reversion,oversold+volume,2,2021-10-27,2021-10-28,198.127923,2021-11-22,217.732047,trailing_stop,0.75203938,0.37601969,True,2021-11-12,227.642125,0.37601969,84.597921,80.871537,3.0,1.0,150.0,165.469458,25,188.063024,217.940715,0.0254,False,27.4,3.48,False,15.469458,10.312972,18.469458,1,1
PKX,mean_reversion,oversold+volume,2,2021-11-10,2021-11-11,52.625615,2021-11-29,50.049335,stop_loss,2.83132082,2.83132082,False,,0.0,0.0,0.0,140.705726,2.0,1.0,150.0,140.705726,18,50.815294,57.888177,0.0172,False,16.1,2.4,False,-9.294274,-6.196183,-7.294274,0,0
TOST,mean_reversion,oversold+volume,2,2021-11-23,2021-11-24,40.740701,2021-12-02,35.973988,trailing_stop,3.65727632,3.65727632,False,,0.0,0.0,0.0,130.566815,2.0,1.0,150.0,130.566815,8,35.656261,44.814771,0.0624,False,28.8,1.68,False,-19.433185,-12.955456,-17.433185,0,0
ZM,mean_reversion,oversold+volume,2,2021-11-23,2021-11-24,204.1009,2021-12-02,195.244562,trailing_stop,0.73003108,0.73003108,False,,0.0,0.0,0.0,141.534598,2.0,1.0,150.0,141.534598,8,188.18103,224.51099,0.039,False,26.7,5.8,False,-8.465402,-5.643601,-6.465402,0,0
DKNG,mean_reversion,oversold+sma_support,2,2021-12-01,2021-12-02,31.082052,2021-12-06,28.126846,stop_loss,4.79376336,4.79376336,False,,0.0,0.0,0.0,133.833442,2.0,1.0,150.0,133.833442,4,29.310375,34.190257,0.0285,False,17.6,1.25,False,-16.166558,-10.777705,-14.166558,0,0
DUOL,mean_reversion,oversold+volume,2,2021-11-30,2021-12-01,112.732623,2021-12-07,105.46443,stop_loss,1.32171147,1.32171147,False,,0.0,0.0,0.0,138.393546,2.0,1.0,150.0,138.393546,6,102.992524,124.005885,0.0432,False,27.3,1.72,False,-11.606454,-7.737636,-9.606454,0,0
TOST,mean_reversion,oversold+sma_support,2,2021-12-02,2021-12-03,36.226189,2021-12-14,33.14682,trailing_stop,4.11304655,2.05652327,True,2021-12-09,40.079879,2.05652327,81.425204,67.167207,3.0,1.0,150.0,148.592411,11,32.212327,39.848807,0.0554,False,24.8,1.41,False,-1.407589,-0.938393,1.592411,0,1
DKNG,mean_reversion,oversold+sma_support,2,2021-12-07,2021-12-08,31.44141,2021-12-14,28.096875,stop_loss,4.73897324,4.73897324,False,,0.0,0.0,0.0,132.150339,2.0,1.0,150.0,132.150339,6,28.938674,34.585551,0.0398,False,25.2,1.19,False,-17.849661,-11.899774,-15.849661,0,0
BILL,mean_reversion,oversold+sma_support,2,2021-12-06,2021-12-07,243.543303,2021-12-17,228.431344,trailing_stop,0.61180085,0.61180085,False,,0.0,0.0,0.0,138.75449,2.0,1.0,150.0,138.75449,10,226.397855,267.897633,0.0352,False,27.2,1.32,False,-11.24551,-7.497006,-9.24551,0,0
VEEV,mean_reversion,oversold+volume+sma_support,3,2021-12-02,2021-12-03,262.221951,2021-12-21,253.486265,stop_loss,0.56822093,0.56822093,False,,0.0,0.0,0.0,143.0362,2.0,1.0,150.0,143.0362,18,252.467295,288.444147,0.0186,False,22.1,4.14,False,-6.9638,-4.642533,-4.9638,0,0
FUN,momentum_breakout,breakout,3,2021-12-15,2021-12-16,46.34012,2022-01-03,46.946103,bearish_divergence,3.21535637,3.21535637,False,,0.0,0.0,0.0,149.948453,2.0,1.0,150.0,149.948453,18,44.755288,54.681342,0.0171,False,57.7,1.54,False,-0.051547,-0.034365,1.948453,0,1
CMC,momentum_breakout,breakout,3,2021-12-15,2021-12-16,31.580701,2022-01-13,34.920596,bearish_divergence,4.71807139,4.71807139,False,,0.0,0.0,0.0,163.757866,2.0,1.0,150.0,163.757866,28,30.229047,37.265227,0.0214,False,51.2,1.59,False,13.757866,9.171911,15.757866,1,1
NUE,momentum_breakout,breakout,3,2021-12-17,2021-12-20,107.79507,2022-01-19,101.466298,trailing_stop,1.38225245,1.38225245,False,,0.0,0.0,0.0,139.25204,2.0,1.0,150.0,139.25204,30,100.270974,127.198183,0.0349,False,56.3,1.85,False,-10.74796,-7.165307,-8.74796,0,0
VALE,mean_reversion,oversold+volume,2,2021-11-18,2021-11-19,7.605623,2022-01-20,10.795419,mean_reversion_complete,19.59076967,9.79538484,True,2021-11-26,8.045457,9.79538484,77.808346,104.745288,3.0,1.0,150.0,182.553634,62,7.181229,8.366185,0.0279,False,26.7,1.53,False,32.553634,21.702422,35.553634,1,1
DAL,momentum_breakout,breakout,3,2022-01-13,2022-01-14,39.412041,2022-01-20,37.655423,stop_loss,3.78057049,3.78057049,False,,0.0,0.0,0.0,141.35898,2.0,1.0,150.0,141.35898,6,37.796147,46.506209,0.0205,False,60.7,1.82,False,-8.64102,-5.76068,-6.64102,0,0
RS,momentum_breakout,breakout,3,2021-12-21,2021-12-22,144.642521,2022-01-24,137.182191,trailing_stop,1.03012585,1.03012585,False,,0.0,0.0,0.0,140.314921,2.0,1.0,150.0,140.314921,33,139.05932,170.678175,0.0193,False,55.4,2.13,True,-9.685079,-6.456719,-7.685079,0,0
IOT,mean_reversion,oversold+volume,2,2022-01-19,2022-01-20,20.580559,2022-01-25,17.32266,stop_loss,7.23984206,7.23984206,False,,0.0,0.0,0.0,124.413324,2.0,1.0,150.0,124.413324,5,18.522504,22.638615,0.05,False,29.1,2.19,False,-25.586676,-17.057784,-23.586676,0,0
ATI,momentum_breakout,breakout,3,2022-01-20,2022-01-21,20.09007,2022-01-26,19.370609,stop_loss,7.41659946,7.41659946,False,,0.0,0.0,0.0,142.664051,2.0,1.0,150.0,142.664051,5,19.354773,23.706282,0.0183,False,81.3,2.05,False,-7.335949,-4.890633,-5.335949,0,0
TECK,momentum_breakout,breakout,3,2022-01-20,2022-01-21,30.967916,2022-01-31,28.586916,stop_loss,4.81143122,4.81143122,False,,0.0,0.0,0.0,136.543982,2.0,1.0,150.0,136.543982,10,29.66107,36.542141,0.0211,False,71.7,1.68,False,-13.456018,-8.970679,-11.456018,0,0
ARLP,momentum_breakout,breakout,3,2022-01-03,2022-01-04,7.924387,2022-02-22,8.014228,trailing_stop,18.80271514,18.80271514,False,,0.0,0.0,0.0,149.689255,2.0,1.0,150.0,149.689255,49,7.607412,9.350777,0.02,False,71.5,1.9,False,-0.310745,-0.207164,1.689255,0,1
ANF,mean_reversion,bullish_div+sma_support,2,2022-01-28,2022-01-31,36.406369,2022-03-02,31.498471,trailing_stop,4.09269049,2.04634525,True,2022-02-09,40.649309,2.04634525,82.182519,63.456746,3.0,1.0,150.0,145.639265,30,33.581235,40.047006,0.0388,False,52.7,0.85,False,-4.360735,-2.907157,-1.360735,0,0
RL,momentum_breakout,breakout,3,2022-02-22,2022-02-23,119.761191,2022-03-02,114.181379,stop_loss,1.2441426,1.2441426,False,,0.0,0.0,0.0,141.057917,2.0,1.0,150.0,141.057917,7,114.371938,141.318206,0.0225,False,63.6,2.98,False,-8.942083,-5.961389,-6.942083,0,0
FUN,momentum_breakout,breakout,3,2022-01-31,2022-02-01,47.295485,2022-03-07,51.826691,trailing_stop,3.15040643,1.57520321,True,2022-02-08,56.405177,1.57520321,87.849617,80.63757,3.0,1.0,150.0,168.487186,34,45.517175,55.808672,0.0188,False,55.1,1.71,False,18.487186,12.324791,21.487186,1,1
PLAY,momentum_breakout,breakout,3,2022-03-02,2022-03-03,46.516471,2022-03-07,40.759199,stop_loss,3.20316645,3.20316645,False,,0.0,0.0,0.0,129.5585,2.0,1.0,150.0,129.5585,4,44.172041,54.889436,0.0252,False,69.1,2.45,False,-20.4415,-13.627667,-18.4415,0,0
WDAY,mean_reversion,bullish_div+volume+sma_support,3,2022-03-02,2022-03-03,250.25,2022-03-08,220.52925,stop_loss,0.5954046,0.5954046,False,,0.0,0.0,0.0,130.304129,2.0,1.0,150.0,130.304129,5,235.98575,275.275,0.0285,False,51.2,1.56,False,-19.695871,-13.130581,-17.695871,0,0
ATI,momentum_breakout,breakout,3,2022-03-07,2022-03-08,26.28626,2022-03-11,26.673301,bearish_divergence,5.66836053,5.66836053,False,,0.0,0.0,0.0,150.193885,2.0,1.0,150.0,150.193885,3,25.134922,31.017787,0.0219,False,77.1,1.82,False,0.193885,0.129257,2.193885,1,1
VALE,momentum_breakout,breakout,3,2022-01-24,2022-01-25,10.202501,2022-03-15,11.828197,trailing_stop,14.60426202,7.30213101,True,2022-03-01,12.239642,7.30213101,88.375472,85.371043,3.0,1.0,150.0,173.746515,49,9.682174,12.038951,0.0255,False,58.0,1.61,False,23.746515,15.83101,26.746515,1,1
CLF,momentum_breakout,breakout,3,2022-03-07,2022-03-08,25.09507,2022-04-22,31.29867,trailing_stop,5.93742125,2.96871062,True,2022-03-25,32.207762,2.96871062,94.615524,91.916694,3.0,1.0,150.0,186.532218,45,22.861608,29.612182,0.0445,False,71.2,1.72,False,36.532218,24.354812,39.532218,1,1
BTU,momentum_breakout,breakout,3,2022-03-11,2022-03-14,20.408218,2022-04-22,25.913017,trailing_stop,7.30098038,3.65049019,True,2022-03-24,24.77932,3.65049019,89.456665,93.595213,3.0,1.0,150.0,183.051877,39,16.404126,24.081697,0.0981,False,71.4,2.31,True,33.051877,22.034585,36.051877,1,1
AR,momentum_breakout,breakout,3,2022-02-02,2022-02-03,20.84082,2022-04-26,32.767199,trailing_stop,7.14943089,3.57471544,True,2022-03-07,25.514461,3.57471544,90.206937,116.133413,3.0,1.0,150.0,206.340351,82,19.061014,24.592167,0.0427,False,63.1,1.6,False,56.340351,37.560234,59.340351,1,1
STLD,momentum_breakout,breakout,3,2022-03-18,2022-03-21,80.094587,2022-04-29,84.367914,bearish_divergence,1.86030049,1.86030049,False,,0.0,0.0,0.0,155.949672,2.0,1.0,150.0,155.949672,39,74.471947,94.511613,0.0351,False,71.9,2.4,False,5.949672,3.966448,7.949672,1,1
CNX,momentum_breakout,breakout,3,2022-03-08,2022-03-09,17.457441,2022-05-03,20.089891,trailing_stop,8.53504268,4.26752134,True,2022-03-28,21.14883,4.26752134,89.253084,84.734037,3.0,1.0,150.0,173.987121,55,16.689313,20.59978,0.022,False,73.8,1.51,False,23.987121,15.991414,26.987121,1,1
UAL,momentum_breakout,breakout,3,2022-04-22,2022-04-25,51.061008,2022-05-09,46.513441,stop_loss,2.9180779,2.9180779,False,,0.0,0.0,0.0,134.729845,2.0,1.0,150.0,134.729845,14,47.956499,60.25199,0.0304,False,66.5,1.63,False,-15.270155,-10.180103,-13.270155,0,0
SMCI,momentum_breakout,breakout,3,2022-04-26,2022-04-27,4.13413,2022-05-10,4.962033,trailing_stop,36.0414394,18.0207197,True,2022-05-05,5.659335,18.0207197,100.985289,88.419406,3.0,1.0,150.0,189.404695,13,3.661186,4.878274,0.0572,False,61.2,1.99,True,39.404695,26.269797,42.404695,1,1
CHEF,momentum_breakout,breakout,3,2022-04-22,2022-04-25,35.775742,2022-05-12,33.616352,trailing_stop,4.16483329,4.16483329,False,,0.0,0.0,0.0,139.0065,2.0,1.0,150.0,139.0065,17,34.537901,42.215375,0.0173,False,67.4,2.06,False,-10.9935,-7.329,-8.9935,0,0
CLF,mean_reversion,oversold+sma_support,2,2022-05-12,2022-05-13,21.721701,2022-06-10,20.019961,trailing_stop,6.85949971,3.42974985,True,2022-05-31,24.275699,3.42974985,82.259576,67.663458,3.0,1.0,150.0,149.923034,28,20.266347,23.893871,0.0335,False,29.9,0.96,False,-0.076966,-0.051311,2.923034,0,1
STLD,momentum_breakout,breakout,3,2022-05-31,2022-06-01,80.07169,2022-06-10,70.36131,stop_loss,1.86083246,1.86083246,False,,0.0,0.0,0.0,129.930609,2.0,1.0,150.0,129.930609,9,74.594786,94.484594,0.0342,False,57.3,2.33,False,-20.069391,-13.379594,-18.069391,0,0
ARLP,momentum_breakout,breakout,3,2022-05-23,2022-05-24,12.393731,2022-06-14,12.009809,trailing_stop,12.0222075,12.0222075,False,,0.0,0.0,0.0,143.384419,2.0,1.0,150.0,143.384419,21,11.251029,14.624602,0.0461,False,63.6,1.91,False,-6.615581,-4.410387,-4.615581,0,0
RS,momentum_breakout,breakout,3,2022-05-31,2022-06-01,183.651079,2022-06-14,167.273198,stop_loss,0.81132113,0.81132113,False,,0.0,0.0,0.0,134.712279,2.0,1.0,150.0,134.712279,13,171.126075,216.708273,0.0341,False,57.4,2.14,False,-15.287721,-10.191814,-13.287721,0,0
DVN,momentum_breakout,breakout,3,2022-05-09,2022-05-10,51.992338,2022-06-16,54.958258,trailing_stop,2.86580686,1.43290343,True,2022-05-31,64.119132,1.43290343,90.876524,77.749877,3.0,1.0,150.0,168.626401,37,47.177848,61.350959,0.0463,False,56.9,1.67,False,18.626401,12.417601,21.626401,1,1
DUOL,momentum_breakout,breakout,3,2022-06-24,2022-06-27,100.440336,2022-06-29,90.988922,stop_loss,1.48346775,1.48346775,False,,0.0,0.0,0.0,133.979131,2.0,1.0,150.0,133.979131,2,92.304669,118.519597,0.0405,False,61.3,4.55,False,-16.020869,-10.680579,-14.020869,0,0
ZM,momentum_breakout,breakout,3,2022-06-24,2022-06-27,122.602483,2022-06-29,112.81707,stop_loss,1.2153098,1.2153098,False,,0.0,0.0,0.0,136.107692,2.0,1.0,150.0,136.107692,2,113.922228,144.67093,0.0354,False,61.3,2.07,False,-13.892308,-9.261539,-11.892308,0,0
CHEF,momentum_breakout,breakout,3,2022-06-23,2022-06-24,35.995959,2022-07-15,36.683281,trailing_stop,4.13935352,4.13935352,False,,0.0,0.0,0.0,150.845069,2.0,1.0,150.0,150.845069,21,34.124169,42.475232,0.026,False,53.2,1.99,False,0.845069,0.56338,2.845069,1,1
ARLP,momentum_breakout,breakout,3,2022-07-18,2022-07-19,13.492312,2022-07-25,12.715528,stop_loss,11.04332609,11.04332609,False,,0.0,0.0,0.0,139.421724,2.0,1.0,150.0,139.421724,6,12.623407,15.920928,0.0322,False,63.9,1.65,False,-10.578276,-7.052184,-8.578276,0,0
DPZ,momentum_breakout,breakout,3,2022-07-20,2022-07-21,387.682305,2022-07-25,374.945116,stop_loss,0.38433531,0.38433531,False,,0.0,0.0,0.0,143.104648,2.0,1.0,150.0,143.104648,4,376.206909,457.46512,0.0148,False,67.1,1.68,False,-6.895352,-4.596901,-4.895352,0,0
WING,momentum_breakout,breakout,3,2022-07-20,2022-07-21,103.463597,2022-07-27,94.283534,stop_loss,1.44012004,1.44012004,False,,0.0,0.0,0.0,134.779607,2.0,1.0,150.0,134.779607,6,94.462264,122.087045,0.0435,False,68.4,1.61,False,-15.220393,-10.146929,-13.220393,0,0
CROX,momentum_breakout,breakout,3,2022-07-28,2022-07-29,67.067,2022-08-05,67.961969,trailing_stop,2.22165894,2.22165894,False,,0.0,0.0,0.0,149.988315,2.0,1.0,150.0,149.988315,7,60.145686,79.13906,0.0516,False,59.5,1.57,False,-0.011685,-0.00779,1.988315,0,1
CELH,momentum_breakout,breakout,3,2022-07-05,2022-07-06,25.038346,2022-08-10,32.2011,trailing_stop,5.95087239,2.97543619,True,2022-08-01,32.244392,2.97543619,94.941131,94.812319,3.0,1.0,150.0,189.75345,35,21.97866,29.545248,0.0611,False,60.7,2.51,False,39.75345,26.5023,42.75345,1,1
HUBS,momentum_breakout,breakout,3,2022-08-05,2022-08-08,373.172788,2022-08-18,364.824812,trailing_stop,0.39927885,0.39927885,False,,0.0,0.0,0.0,144.66683,2.0,1.0,150.0,144.66683,10,337.945277,440.34389,0.0472,False,61.7,1.65,False,-5.33317,-3.555447,-3.33317,0,0
BILL,momentum_breakout,breakout,3,2022-08-10,2022-08-11,164.944779,2022-08-19,174.225594,stop_loss,0.90333263,0.90333263,False,,0.0,0.0,0.0,156.383663,2.0,1.0,150.0,156.383663,8,149.472959,194.634839,0.0469,False,64.0,1.61,False,6.383663,4.255775,8.383663,1,1
WING,momentum_breakout,breakout,3,2022-07-27,2022-07-28,109.856522,2022-08-23,117.431084,trailing_stop,1.35631456,0.67815728,True,2022-08-08,132.182857,0.67815728,88.640766,78.636744,3.0,1.0,150.0,167.277511,26,100.936172,129.630696,0.0406,False,58.0,1.52,False,17.277511,11.518341,20.277511,1,1
ONON,momentum_breakout,breakout,3,2022-07-28,2022-07-29,21.28126,2022-08-23,21.88809,trailing_stop,7.00146506,7.00146506,False,,0.0,0.0,0.0,152.248696,2.0,1.0,150.0,152.248696,25,19.548966,25.111887,0.0407,False,55.5,1.75,False,2.248696,1.499131,4.248696,1,1
IOT,momentum_breakout,breakout,3,2022-08-18,2022-08-19,17.077059,2022-08-23,15.51447,stop_loss,8.72515554,8.72515554,False,,0.0,0.0,0.0,134.366162,2.0,1.0,150.0,134.366162,4,15.905573,20.15093,0.0343,False,67.9,1.61,False,-15.633838,-10.422559,-13.633838,0,0
ANF,momentum_breakout,breakout,3,2022-08-24,2022-08-25,16.09608,2022-09-01,14.23575,stop_loss,9.25691229,9.25691229,False,,0.0,0.0,0.0,130.779089,2.0,1.0,150.0,130.779089,7,14.82127,18.993374,0.0396,False,47.6,1.87,False,-19.220911,-12.813941,-17.220911,0,0
BILL,momentum_breakout,breakout,3,2022-08-19,2022-08-22,170.149976,2022-09-02,153.086765,trailing_stop,0.87569804,0.87569804,False,,0.0,0.0,0.0,133.05778,2.0,1.0,150.0,133.05778,11,150.957058,200.776971,0.0564,False,67.0,4.84,False,-16.94222,-11.294813,-14.94222,0,0
AA,momentum_breakout,breakout,3,2022-09-02,2022-09-06,47.569393,2022-09-15,42.608365,trailing_stop,3.13226619,3.13226619,False,,0.0,0.0,0.0,132.460741,2.0,1.0,150.0,132.460741,9,44.077799,56.131883,0.0367,False,52.1,1.59,True,-17.539259,-11.692839,-15.539259,0,0
ARLP,momentum_breakout,breakout,3,2022-08-23,2022-08-24,16.472376,2022-09-19,14.817317,stop_loss,9.04544669,9.04544669,False,,0.0,0.0,0.0,133.029247,2.0,1.0,150.0,133.029247,26,15.632285,19.437404,0.0255,False,72.5,1.88,True,-16.970753,-11.313836,-14.970753,0,0
DECK,momentum_breakout,breakout,3,2022-07-28,2022-07-29,51.569852,2022-09-20,56.093852,bearish_divergence,2.88928502,2.88928502,False,,0.0,0.0,0.0,161.071125,2.0,1.0,150.0,161.071125,53,48.290009,60.852425,0.0318,False,56.0,1.7,False,11.071125,7.38075,13.071125,1,1
DKNG,momentum_breakout,breakout,3,2022-09-15,2022-09-16,18.708691,2022-09-22,16.49349,stop_loss,7.96421319,7.96421319,False,,0.0,0.0,0.0,130.357672,2.0,1.0,150.0,130.357672,6,17.260638,22.076255,0.0387,False,60.9,1.64,False,-19.642328,-13.094885,-17.642328,0,0
SHAK,momentum_breakout,breakout,3,2022-09-19,2022-09-20,50.420369,2022-09-23,43.876078,stop_loss,2.95515489,2.95515489,False,,0.0,0.0,0.0,128.660607,2.0,1.0,150.0,128.660607,3,47.122877,59.496035,0.0327,False,52.2,1.62,False,-21.339393,-14.226262,-19.339393,0,0
DUOL,momentum_breakout,breakout,3,2022-09-20,2022-09-21,97.157058,2022-09-26,89.300609,stop_loss,1.53359935,1.53359935,False,,0.0,0.0,0.0,135.951356,2.0,1.0,150.0,135.951356,5,92.182616,114.645328,0.0256,False,53.7,1.72,True,-14.048644,-9.365763,-12.048644,0,0
VEEV,mean_reversion,oversold+volume+sma_support,3,2022-09-01,2022-09-02,172.462283,2022-09-27,160.319516,trailing_stop,0.86395702,0.86395702,False,,0.0,0.0,0.0,137.509171,2.0,1.0,150.0,137.509171,25,160.493401,189.708512,0.0347,False,28.2,4.27,False,-12.490829,-8.327219,-10.490829,0,0
URBN,momentum_breakout,breakout,3,2022-08-23,2022-08-24,21.70168,2022-09-30,19.260721,trailing_stop,6.8658278,6.8658278,False,,0.0,0.0,0.0,131.240792,2.0,1.0,150.0,131.240792,37,19.88742,25.607983,0.0418,False,54.7,1.76,False,-18.759208,-12.506139,-16.759208,0,0
EAT,mean_reversion,bullish_div+sma_support,2,2022-10-10,2022-10-11,25.065041,2022-11-03,29.55042,trailing_stop,5.94453448,2.97226724,True,2022-10-18,28.45152,2.97226724,83.565519,86.831745,3.0,1.0,150.0,170.397265,23,23.270384,27.571545,0.0358,False,43.3,0.78,False,20.397265,13.598176,23.397265,1,1
ANF,mean_reversion,bullish_div+sma_support,2,2022-10-17,2022-10-18,17.50749,2022-11-03,16.293689,trailing_stop,8.51064327,8.51064327,False,,0.0,0.0,0.0,137.669779,2.0,1.0,150.0,137.669779,16,16.415022,19.258239,0.0312,False,53.5,0.62,False,-12.330221,-8.220148,-10.330221,0,0
TXRH,momentum_breakout,breakout,3,2022-10-13,2022-10-14,89.51875,2022-11-18,93.373655,bearish_divergence,1.66445577,1.66445577,False,,0.0,0.0,0.0,154.416318,2.0,1.0,150.0,154.416318,35,85.436695,105.632125,0.0228,False,59.8,1.51,False,4.416318,2.944212,6.416318,1,1
WDAY,mean_reversion,bullish_div+sma_support,2,2022-11-14,2022-11-15,159.569414,2022-11-22,143.386469,stop_loss,0.93376291,0.93376291,False,,0.0,0.0,0.0,132.888966,2.0,1.0,150.0,132.888966,7,145.686875,175.526355,0.0435,False,52.8,0.88,False,-17.111034,-11.407356,-15.111034,0,0
STLD,momentum_breakout,breakout,3,2022-12-02,2022-12-05,102.29971,2022-12-16,95.037597,stop_loss,1.45650462,1.45650462,False,,0.0,0.0,0.0,137.422699,2.0,1.0,150.0,137.422699,11,97.389324,120.713657,0.024,False,69.4,1.51,False,-12.577301,-8.384867,-10.577301,0,0
IOT,momentum_breakout,breakout,3,2022-12-12,2022-12-13,14.28427,2022-12-20,12.14784,stop_loss,10.43105425,10.43105425,False,,0.0,0.0,0.0,125.714776,2.0,1.0,150.0,125.714776,7,12.633009,16.855439,0.0578,False,64.3,1.73,False,-24.285224,-16.190149,-22.285224,0,0
BILL,mean_reversion,bullish_div+sma_support,2,2022-12-14,2022-12-15,118.728611,2022-12-20,103.945953,stop_loss,1.25496289,1.25496289,False,,0.0,0.0,0.0,129.448313,2.0,1.0,150.0,129.448313,5,108.470459,130.601472,0.0432,False,50.3,1.48,False,-20.551687,-13.701124,-18.551687,0,0
SHAK,mean_reversion,bullish_div+sma_support,2,2022-12-16,2022-12-19,48.328279,2022-12-22,44.785172,stop_loss,3.08308104,3.08308104,False,,0.0,0.0,0.0,137.076314,2.0,1.0,150.0,137.076314,3,45.892534,53.161107,0.0252,False,47.1,1.2,False,-12.923686,-8.615791,-10.923686,0,0
CMC,momentum_breakout,breakout,3,2023-01-11,2023-01-12,53.85258,2023-01-19,49.789092,stop_loss,2.76681267,2.76681267,False,,0.0,0.0,0.0,136.757092,2.0,1.0,150.0,136.757092,7,51.289197,63.546044,0.0238,False,73.8,1.51,False,-13.242908,-8.828605,-11.242908,0,0
BHP,momentum_breakout,breakout,3,2023-01-20,2023-01-23,58.378883,2023-02-07,55.541206,stop_loss,2.55229274,2.55229274,False,,0.0,0.0,0.0,140.757418,2.0,1.0,150.0,140.757418,15,56.522435,68.887082,0.0159,False,68.6,1.66,False,-9.242582,-6.161722,-7.242582,0,0
SCCO,momentum_breakout,breakout,3,2023-01-12,2023-01-13,62.447582,2023-02-10,61.311978,bearish_divergence,2.38600111,2.38600111,False,,0.0,0.0,0.0,145.290447,2.0,1.0,150.0,145.290447,28,60.024616,73.688147,0.0194,False,80.5,1.73,False,-4.709553,-3.139702,-2.709553,0,0
KALU,mean_reversion,bullish_div+sma_support,2,2023-01-06,2023-01-09,72.98518,2023-02-13,73.411184,trailing_stop,2.04151034,1.02075517,True,2023-02-03,80.267691,1.02075517,80.933661,73.934846,3.0,1.0,150.0,154.868507,35,69.248339,80.283698,0.0256,False,52.3,0.4,False,4.868507,3.245671,7.868507,1,1
TXRH,momentum_breakout,breakout,3,2023-02-07,2023-02-08,98.191493,2023-02-13,94.983671,stop_loss,1.51744306,1.51744306,False,,0.0,0.0,0.0,143.132312,2.0,1.0,150.0,143.132312,5,94.970812,115.865962,0.0164,False,63.0,1.53,True,-6.867688,-4.578458,-4.867688,0,0
CHEF,mean_reversion,bullish_div+sma_support,2,2023-01-09,2023-01-10,35.725689,2023-02-24,33.71625,trailing_stop,4.17066838,4.17066838,False,,0.0,0.0,0.0,139.619298,2.0,1.0,150.0,139.619298,45,33.860808,39.298257,0.0261,False,58.0,1.41,False,-10.380702,-6.920468,-8.380702,0,0
PKX,momentum_breakout,breakout,3,2023-02-21,2023-02-24,56.465424,2023-03-01,57.258831,bearish_divergence,2.63878297,2.63878297,False,,0.0,0.0,0.0,150.093628,2.0,1.0,150.0,150.093628,5,54.387497,66.629201,0.0184,False,62.6,1.88,True,0.093628,0.062418,2.093628,1,1
SCCO,momentum_breakout,breakout,3,2023-03-03,2023-03-06,65.294108,2023-03-08,61.55184,stop_loss,2.28198231,2.28198231,False,,0.0,0.0,0.0,139.46021,2.0,1.0,150.0,139.46021,2,62.956579,77.047048,0.0179,False,62.6,1.76,False,-10.53979,-7.026527,-8.53979,0,0
TPR,momentum_breakout,breakout,3,2023-01-18,2023-01-19,39.3667,2023-03-10,38.322586,trailing_stop,3.78492481,3.78492481,False,,0.0,0.0,0.0,144.048108,2.0,1.0,150.0,144.048108,50,38.154206,46.452706,0.0154,False,76.2,1.51,False,-5.951892,-3.967928,-3.951892,0,0
TXRH,momentum_breakout,breakout,3,2023-02-14,2023-02-15,98.379521,2023-03-29,100.662405,bearish_divergence,1.51454285,1.51454285,False,,0.0,0.0,0.0,151.457525,2.0,1.0,150.0,151.457525,42,95.113321,116.087835,0.0166,False,59.8,1.65,False,1.457525,0.971683,3.457525,1,1
PLAY,mean_reversion,oversold+volume+sma_support,3,2023-03-13,2023-03-14,35.155119,2023-04-06,33.4665,stop_loss,4.23835858,4.23835858,False,,0.0,0.0,0.0,140.843027,2.0,1.0,150.0,140.843027,23,33.664542,38.670631,0.0212,False,28.0,1.81,False,-9.156973,-6.104648,-7.156973,0,0
TPR,mean_reversion,bullish_div+sma_support,2,2023-03-31,2023-04-03,39.577982,2023-04-06,36.879744,stop_loss,3.76471946,3.76471946,False,,0.0,0.0,0.0,137.841888,2.0,1.0,150.0,137.841888,3,38.319402,43.535781,0.0159,False,54.2,0.89,False,-12.158112,-8.105408,-10.158112,0,0
WING,momentum_breakout,breakout,3,2023-02-14,2023-02-15,167.766759,2023-04-12,180.101494,bearish_divergence,0.8881378,0.8881378,False,,0.0,0.0,0.0,158.954945,2.0,1.0,150.0,158.954945,56,157.801413,197.964776,0.0297,False,60.9,1.54,False,8.954945,5.969963,10.954945,1,1
PKX,momentum_breakout,breakout,3,2023-04-03,2023-04-06,63.914999,2023-04-26,64.905045,trailing_stop,2.3312212,2.3312212,False,,0.0,0.0,0.0,150.308017,2.0,1.0,150.0,150.308017,20,60.693683,75.419699,0.0252,False,73.9,2.0,False,0.308017,0.205345,2.308017,1,1
DUOL,momentum_breakout,breakout,3,2023-03-06,2023-03-08,123.573447,2023-05-03,124.725148,trailing_stop,1.20576065,1.20576065,False,,0.0,0.0,0.0,149.388676,2.0,1.0,150.0,149.388676,56,109.065924,145.816667,0.0587,False,77.9,1.67,False,-0.611324,-0.407549,1.388676,0,1
OVV,mean_reversion,bullish_div+sma_support,2,2023-05-23,2023-05-24,33.264509,2023-05-31,29.550813,stop_loss,4.47924848,4.47924848,False,,0.0,0.0,0.0,131.365433,2.0,1.0,150.0,131.365433,7,31.261985,36.59096,0.0301,False,49.1,1.35,False,-18.634567,-12.423045,-16.634567,0,0
ALK,mean_reversion,bullish_div+sma_support,2,2023-05-11,2023-05-12,43.253209,2023-06-13,49.740211,mean_reversion_complete,3.4448311,1.72241555,True,2023-06-08,48.04191,1.72241555,81.748133,84.673313,3.0,1.0,150.0,166.421446,32,41.799901,47.57853,0.0168,False,48.4,0.73,False,16.421446,10.947631,19.421446,1,1
IOT,momentum_breakout,breakout,3,2023-06-05,2023-06-06,27.26724,2023-06-22,26.943029,trailing_stop,5.46443282,5.46443282,False,,0.0,0.0,0.0,146.228374,2.0,1.0,150.0,146.228374,16,23.373478,32.175343,0.0714,False,72.6,2.89,False,-3.771626,-2.514418,-1.771626,0,0
MNDY,momentum_breakout,breakout,3,2023-05-31,2023-06-01,176.616442,2023-06-23,173.096734,bearish_divergence,0.84363606,0.84363606,False,,0.0,0.0,0.0,145.030647,2.0,1.0,150.0,145.030647,22,161.321459,208.407402,0.0433,False,74.3,2.72,False,-4.969353,-3.312902,-2.969353,0,0
DVN,mean_reversion,bullish_div+sma_support,2,2023-06-07,2023-06-08,44.157936,2023-06-26,42.404053,stop_loss,3.37425192,3.37425192,False,,0.0,0.0,0.0,142.081957,2.0,1.0,150.0,142.081957,18,42.320966,48.573729,0.0208,False,49.9,0.9,False,-7.918043,-5.278696,-5.918043,0,0
UAL,momentum_breakout,breakout,3,2023-06-27,2023-06-28,56.276221,2023-06-30,54.335609,stop_loss,2.64765467,2.64765467,False,,0.0,0.0,0.0,142.86193,2.0,1.0,150.0,142.86193,2,54.520403,66.405941,0.0156,False,73.0,1.83,False,-7.13807,-4.758713,-5.13807,0,0
GLBE,momentum_breakout,breakout,3,2023-06-29,2023-06-30,40.97093,2023-08-08,38.071891,bearish_divergence,3.63672484,3.63672484,False,,0.0,0.0,0.0,137.45699,2.0,1.0,150.0,137.45699,39,38.774888,48.345698,0.0268,False,71.1,2.14,False,-12.54301,-8.362006,-10.54301,0,0
CLF,mean_reversion,bullish_div+sma_support,2,2023-06-07,2023-06-08,16.236219,2023-08-10,15.67431,trailing_stop,9.17701326,9.17701326,False,,0.0,0.0,0.0,142.843347,2.0,1.0,150.0,142.843347,63,15.404925,17.859841,0.0256,False,53.3,0.88,False,-7.156653,-4.771102,-5.156653,0,0
DAL,momentum_breakout,breakout,3,2023-06-23,2023-06-26,41.402436,2023-08-16,41.590103,trailing_stop,3.59882208,3.59882208,False,,0.0,0.0,0.0,148.67538,2.0,1.0,150.0,148.67538,51,40.516424,48.854874,0.0107,False,75.1,1.81,False,-1.32462,-0.88308,0.67538,0,1
JACK,mean_reversion,oversold+sma_support,2,2023-08-14,2023-08-15,79.46855,2023-08-18,75.496268,stop_loss,1.87495556,1.87495556,False,,0.0,0.0,0.0,140.552147,2.0,1.0,150.0,140.552147,3,76.51232,87.415405,0.0186,False,29.0,1.33,False,-9.447853,-6.298569,-7.447853,0,0
CHEF,mean_reversion,oversold+sma_support,2,2023-08-04,2023-08-08,29.61959,2023-09-07,27.23274,stop_loss,5.03045448,5.03045448,False,,0.0,0.0,0.0,135.99306,2.0,1.0,150.0,135.99306,30,27.641002,32.581549,0.0334,False,28.4,1.03,False,-14.00694,-9.33796,-12.00694,0,0
CMC,momentum_breakout,breakout,3,2023-09-01,2023-09-05,55.143494,2023-09-07,52.469839,stop_loss,2.70204133,2.70204133,False,,0.0,0.0,0.0,140.775673,2.0,1.0,150.0,140.775673,2,53.665649,65.069323,0.0134,False,64.6,2.35,False,-9.224327,-6.149551,-7.224327,0,0
IOT,momentum_breakout,breakout,3,2023-09-05,2023-09-06,31.78175,2023-09-14,29.56041,stop_loss,4.68822516,4.68822516,False,,0.0,0.0,0.0,137.585859,2.0,1.0,150.0,137.585859,8,29.4299,37.502465,0.037,False,71.6,2.25,False,-12.414141,-8.276094,-10.414141,0,0
VEEV,momentum_breakout,breakout,3,2023-09-05,2023-09-07,221.551332,2023-09-15,210.079703,stop_loss,0.67253037,0.67253037,False,,0.0,0.0,0.0,140.284981,2.0,1.0,150.0,140.284981,8,211.670142,261.430572,0.0223,False,71.9,2.07,False,-9.715019,-6.476679,-7.715019,0,0
ATI,momentum_breakout,breakout,3,2023-06-29,2023-06-30,43.81377,2023-09-21,42.287672,trailing_stop,3.40075731,3.40075731,False,,0.0,0.0,0.0,142.810109,2.0,1.0,150.0,142.810109,83,41.482878,51.700249,0.0266,False,65.0,1.64,False,-7.189891,-4.793261,-5.189891,0,0
WDAY,mean_reversion,oversold+volume+sma_support,3,2023-09-28,2023-09-29,215.164947,2023-10-06,202.327469,stop_loss,0.69249198,0.69249198,False,,0.0,0.0,0.0,139.110149,2.0,1.0,150.0,139.110149,7,205.611623,236.681442,0.0222,False,28.0,5.17,False,-10.889851,-7.2599,-8.889851,0,0
DUOL,momentum_breakout,breakout,3,2023-10-09,2023-10-10,175.175,2023-10-16,161.478359,stop_loss,0.85057799,0.85057799,False,,0.0,0.0,0.0,136.349939,2.0,1.0,150.0,136.349939,6,165.50534,206.7065,0.0276,False,62.7,1.61,False,-13.650061,-9.100041,-11.650061,0,0
CNX,momentum_breakout,breakout,3,2023-10-17,2023-10-18,23.67365,2023-10-23,22.64733,stop_loss,6.2939176,6.2939176,False,,0.0,0.0,0.0,141.540429,2.0,1.0,150.0,141.540429,5,22.830868,27.934907,0.0178,False,63.5,1.64,False,-8.459571,-5.639714,-6.459571,0,0
FANG,momentum_breakout,breakout,3,2023-10-12,2023-10-13,148.647677,2023-10-31,142.264463,stop_loss,1.00237019,1.00237019,False,,0.0,0.0,0.0,141.601656,2.0,1.0,150.0,141.601656,18,142.70177,175.404259,0.02,False,62.9,1.51,False,-8.398344,-5.598896,-6.398344,0,0
HBM,mean_reversion,bullish_div+sma_support,2,2023-11-02,2023-11-03,4.726462,2023-11-08,4.348812,stop_loss,31.52463574,31.52463574,False,,0.0,0.0,0.0,136.094719,2.0,1.0,150.0,136.094719,5,4.448546,5.199108,0.0294,False,48.6,1.19,False,-13.905281,-9.270187,-11.905281,0,0
DKNG,momentum_breakout,breakout,3,2023-11-06,2023-11-07,35.075041,2023-12-21,34.615352,trailing_stop,4.24803496,4.24803496,False,,0.0,0.0,0.0,146.047223,2.0,1.0,150.0,146.047223,44,31.441267,41.388548,0.0518,False,66.0,1.84,False,-3.952777,-2.635184,-1.952777,0,0
PLAY,momentum_breakout,breakout,3,2023-12-18,2023-12-21,50.590541,2024-01-16,48.591359,trailing_stop,2.94521461,2.94521461,False,,0.0,0.0,0.0,142.111981,2.0,1.0,150.0,142.111981,26,47.878888,59.696838,0.0268,False,81.5,2.0,True,-7.888019,-5.258679,-5.888019,0,0
DASH,momentum_breakout,breakout,3,2023-11-03,2023-11-06,92.582488,2024-01-19,105.21468,bearish_divergence,1.60937563,1.60937563,False,,0.0,0.0,0.0,168.329942,2.0,1.0,150.0,168.329942,74,84.009349,109.247336,0.0463,False,66.5,2.01,False,18.329942,12.219961,20.329942,1,1
WING,momentum_breakout,breakout,3,2024-01-17,2024-01-19,273.232599,2024-02-01,277.899366,bearish_divergence,0.54532292,0.54532292,False,,0.0,0.0,0.0,150.544895,2.0,1.0,150.0,150.544895,13,264.598449,322.414467,0.0158,False,74.6,1.62,False,0.544895,0.363263,2.544895,1,1
SMCI,momentum_breakout,breakout,3,2024-01-29,2024-02-01,54.054,2024-02-13,74.925,emotional_extreme,2.75650276,1.37825138,True,2024-02-06,67.232703,1.37825138,91.663566,102.265485,3.0,1.0,150.0,193.92905,12,44.875631,63.78372,0.0849,False,78.7,1.73,False,43.92905,29.286033,46.92905,1,1
CPRI,mean_reversion,oversold+sma_support,2,2024-02-05,2024-02-06,47.047,2024-02-27,46.083871,stop_loss,3.16704572,3.16704572,False,,0.0,0.0,0.0,144.949727,2.0,1.0,150.0,144.949727,21,46.209563,51.7517,0.0089,False,29.5,1.0,False,-5.050273,-3.366849,-3.050273,0,0
ARM,momentum_breakout,breakout,3,2024-02-12,2024-02-13,128.248115,2024-03-11,126.473398,trailing_stop,1.16181045,1.16181045,False,,0.0,0.0,0.0,145.938116,2.0,1.0,150.0,145.938116,27,96.442583,151.332776,0.124,False,88.6,5.65,False,-4.061884,-2.707923,-2.061884,0,0
BIRK,momentum_breakout,breakout,3,2024-01-17,2024-01-18,43.993951,2024-03-15,46.033922,trailing_stop,3.38682927,1.69341463,True,2024-02-22,53.206738,1.69341463,89.101069,76.954517,3.0,1.0,150.0,166.055586,57,41.943833,51.912862,0.0233,False,53.5,2.73,False,16.055586,10.703724,19.055586,1,1
URBN,momentum_breakout,breakout,3,2024-02-27,2024-02-28,41.931889,2024-04-08,39.790172,stop_loss,3.5533815,3.5533815,False,,0.0,0.0,0.0,140.38966,2.0,1.0,150.0,140.38966,40,40.489432,49.479629,0.0172,False,76.2,2.48,False,-9.61034,-6.406893,-7.61034,0,0
FUN,mean_reversion,bullish_div+volume+sma_support,3,2023-11-06,2023-11-08,37.888947,2024-04-18,38.570198,trailing_stop,3.93254528,1.96627264,True,2024-02-13,41.3239,1.96627264,80.254055,74.839525,3.0,1.0,150.0,155.09358,162,36.358234,41.677842,0.0202,False,59.2,1.93,False,5.09358,3.39572,8.09358,1,1
DPZ,momentum_breakout,breakout,3,2024-04-05,2024-04-08,472.466042,2024-04-22,456.881214,stop_loss,0.31536658,0.31536658,False,,0.0,0.0,0.0,143.085066,2.0,1.0,150.0,143.085066,14,456.21321,557.50993,0.0172,False,78.2,1.88,True,-6.914934,-4.609956,-4.914934,0,0
STLD,momentum_breakout,breakout,3,2024-03-15,2024-03-18,133.92189,2024-04-24,136.597943,trailing_stop,1.11258884,1.11258884,False,,0.0,0.0,0.0,150.977347,2.0,1.0,150.0,150.977347,37,129.261409,158.027831,0.0174,False,64.2,3.2,False,0.977347,0.651564,2.977347,1,1
WING,momentum_breakout,breakout,3,2024-02-20,2024-02-22,314.533933,2024-04-25,355.730272,bearish_divergence,0.47371677,0.47371677,False,,0.0,0.0,0.0,167.515397,2.0,1.0,150.0,167.515397,63,305.726983,371.150041,0.014,False,84.7,2.34,False,17.515397,11.676931,19.515397,1,1
AR,momentum_breakout,breakout,3,2024-04-24,2024-04-25,32.032,2024-06-11,35.014949,bearish_divergence,4.6515984,4.6515984,False,,0.0,0.0,0.0,161.875482,2.0,1.0,150.0,161.875482,47,30.866035,37.79776,0.0182,False,70.0,1.65,False,11.875482,7.916988,13.875482,1,1
SKYW,momentum_breakout,breakout,3,2024-04-23,2024-04-24,73.663586,2024-06-13,78.960961,bearish_divergence,2.02270901,2.02270901,False,,0.0,0.0,0.0,158.715047,2.0,1.0,150.0,158.715047,50,70.967499,86.923032,0.0183,False,69.1,1.77,False,8.715047,5.810032,10.715047,1,1
RS,mean_reversion,oversold+volume+sma_support,3,2024-04-25,2024-04-26,279.735961,2024-06-14,266.495101,stop_loss,0.53264514,0.53264514,False,,0.0,0.0,0.0,140.94732,2.0,1.0,150.0,140.94732,49,270.560621,307.709557,0.0164,False,28.3,3.92,False,-9.05268,-6.03512,-7.05268,0,0
ARM,momentum_breakout,breakout,3,2024-06-12,2024-06-13,157.492342,2024-06-25,151.418437,trailing_stop,0.94607775,0.94607775,False,,0.0,0.0,0.0,142.253614,2.0,1.0,150.0,142.253614,12,145.554422,185.840963,0.0379,False,73.4,1.87,False,-7.746386,-5.164257,-5.746386,0,0
CAVA,momentum_breakout,breakout,3,2024-04-26,2024-04-29,69.289221,2024-06-27,91.758148,bearish_divergence,2.15040662,1.07520331,True,2024-05-28,85.764148,1.07520331,91.213896,97.658665,3.0,1.0,150.0,188.872561,59,63.524358,81.761281,0.0416,False,59.5,2.6,False,38.872561,25.915041,41.872561,1,1
BROS,momentum_breakout,breakout,3,2024-06-26,2024-06-27,41.841799,2024-07-11,39.410551,stop_loss,3.56103233,3.56103233,False,,0.0,0.0,0.0,139.342246,2.0,1.0,150.0,139.342246,14,39.49029,49.373323,0.0281,False,66.0,1.59,False,-10.657754,-7.10517,-8.657754,0,0
FUN,momentum_breakout,breakout,3,2024-07-05,2024-07-08,57.957902,2024-07-11,53.136809,stop_loss,2.57083152,2.57083152,False,,0.0,0.0,0.0,135.605782,2.0,1.0,150.0,135.605782,3,54.341328,68.390324,0.0312,False,82.8,2.36,False,-14.394218,-9.596145,-12.394218,0,0
URBN,momentum_breakout,breakout,3,2024-07-11,2024-07-12,48.468418,2024-07-25,45.174781,stop_loss,3.07416676,3.07416676,False,,0.0,0.0,0.0,137.874811,2.0,1.0,150.0,137.874811,13,45.734799,57.192733,0.0282,False,65.5,1.8,False,-12.125189,-8.083459,-10.125189,0,0
FANG,mean_reversion,bullish_div+sma_support,2,2024-06-25,2024-06-26,186.458399,2024-08-05,172.910704,stop_loss,0.79910586,0.79910586,False,,0.0,0.0,0.0,137.173958,2.0,1.0,150.0,137.173958,40,179.745897,205.104239,0.018,False,55.6,0.95,False,-12.826042,-8.550695,-10.826042,0,0
OKTA,mean_reversion,bullish_div+volume+sma_support,3,2024-06-28,2024-07-01,93.233139,2024-08-05,80.509406,trailing_stop,1.59814419,1.59814419,False,,0.0,0.0,0.0,127.66564,2.0,1.0,150.0,127.66564,35,90.175092,102.556453,0.0164,False,52.9,2.1,False,-22.33436,-14.889573,-20.33436,0,0
WDAY,mean_reversion,bullish_div+sma_support,2,2024-07-31,2024-08-01,227.557332,2024-08-05,199.790015,stop_loss,0.65478005,0.65478005,False,,0.0,0.0,0.0,129.818515,2.0,1.0,150.0,129.818515,4,221.185727,250.313065,0.014,False,50.5,0.87,False,-20.181485,-13.454323,-18.181485,0,0
ANF,mean_reversion,oversold+sma_support,2,2024-08-05,2024-08-06,136.776639,2024-08-29,138.3615,trailing_stop,1.08936731,0.54468366,True,2024-08-13,154.835015,0.54468366,83.336102,74.363248,3.0,1.0,150.0,157.69935,23,128.734173,150.454303,0.0294,False,29.9,1.09,False,7.69935,5.1329,10.69935,1,1
BIRK,momentum_breakout,breakout,3,2024-08-15,2024-08-16,62.38232,2024-08-30,51.4485,stop_loss,2.38849727,2.38849727,False,,0.0,0.0,0.0,121.884602,2.0,1.0,150.0,121.884602,14,59.612545,73.611137,0.0222,False,65.3,1.91,False,-28.115398,-18.743599,-26.115398,0,0
BHP,mean_reversion,bullish_div+sma_support,2,2024-09-17,2024-09-18,50.430739,2024-09-30,58.741811,mean_reversion_complete,2.95454721,1.4772736,True,2024-09-27,58.027514,1.4772736,84.722514,85.777727,3.0,1.0,150.0,170.500242,12,48.494199,55.473813,0.0192,False,53.2,0.77,False,20.500242,13.666828,23.500242,1,1
UAL,momentum_breakout,breakout,3,2024-09-26,2024-09-27,59.03898,2024-10-02,55.294648,stop_loss,2.52375636,2.52375636,False,,0.0,0.0,0.0,138.550221,2.0,1.0,150.0,138.550221,5,56.275955,69.665996,0.0234,False,76.6,2.35,False,-11.449779,-7.633186,-9.449779,0,0
IOT,momentum_breakout,breakout,3,2024-09-09,2024-09-10,46.63659,2024-10-21,49.63032,bearish_divergence,3.19491626,3.19491626,False,,0.0,0.0,0.0,157.564717,2.0,1.0,150.0,157.564717,41,43.232119,55.031176,0.0365,False,66.6,2.22,False,7.564717,5.043145,9.564717,1,1
ONON,momentum_breakout,breakout,3,2024-08-27,2024-08-28,47.22718,2024-11-04,46.923031,trailing_stop,3.15496286,3.15496286,False,,0.0,0.0,0.0,147.040421,2.0,1.0,150.0,147.040421,68,44.025177,55.728073,0.0339,False,68.5,1.55,False,-2.959579,-1.973053,-0.959579,0,0
TWLO,momentum_breakout,breakout,3,2024-11-01,2024-11-04,85.085,2024-11-07,90.039867,emotional_extreme,1.75118999,1.75118999,False,,0.0,0.0,0.0,156.676914,2.0,1.0,150.0,156.676914,3,79.282203,100.4003,0.0341,False,86.5,2.95,False,6.676914,4.451276,8.676914,1,1
ARLP,momentum_breakout,breakout,3,2024-11-04,2024-11-07,22.66838,2024-11-11,21.722545,stop_loss,6.5730325,6.5730325,False,,0.0,0.0,0.0,141.782993,2.0,1.0,150.0,141.782993,4,22.323821,26.748689,0.0076,False,70.7,1.51,False,-8.217007,-5.478005,-6.217007,0,0
MNDY,momentum_breakout,breakout,3,2024-10-25,2024-10-28,300.3,2024-11-12,274.725,trailing_stop,0.4961705,0.4961705,False,,0.0,0.0,0.0,135.31044,2.0,1.0,150.0,135.31044,15,289.24896,354.354,0.0184,False,67.4,1.72,False,-14.68956,-9.79304,-12.68956,0,0
DUOL,momentum_breakout,breakout,3,2024-11-07,2024-11-11,326.125788,2024-11-18,307.512187,stop_loss,0.45687893,0.45687893,False,,0.0,0.0,0.0,139.495838,2.0,1.0,150.0,139.495838,7,312.950306,384.82843,0.0202,False,73.3,2.34,True,-10.504162,-7.002775,-8.504162,0,0
ZM,momentum_breakout,breakout,3,2024-11-11,2024-11-12,84.814733,2024-11-18,81.128789,stop_loss,1.75677025,1.75677025,False,,0.0,0.0,0.0,141.524643,2.0,1.0,150.0,141.524643,6,82.473847,100.081385,0.0138,False,82.7,2.13,False,-8.475357,-5.650238,-6.475357,0,0
DOCU,momentum_breakout,breakout,3,2024-10-09,2024-10-10,68.798733,2024-12-05,83.506406,bearish_divergence,2.16573755,1.08286877,True,2024-11-12,80.479438,1.08286877,86.14867,89.42648,3.0,1.0,150.0,175.57515,56,65.977985,81.182505,0.0205,False,74.1,2.13,False,25.57515,17.0501,28.57515,1,1
AFRM,momentum_breakout,breakout,3,2024-11-11,2024-11-12,55.725668,2024-12-19,64.655281,trailing_stop,2.67381271,1.33690636,True,2024-11-25,68.121812,1.33690636,90.072484,85.438056,3.0,1.0,150.0,175.510541,37,48.180413,65.756288,0.0677,False,66.1,2.97,False,25.510541,17.007027,28.510541,1,1
URBN,momentum_breakout,breakout,3,2024-12-02,2024-12-05,52.062008,2024-12-26,54.17577,bearish_divergence,2.86197181,2.86197181,False,,0.0,0.0,0.0,154.049525,2.0,1.0,150.0,154.049525,21,47.501376,61.43317,0.0438,False,79.1,1.76,False,4.049525,2.699683,6.049525,1,1
DECK,momentum_breakout,breakout,3,2024-11-22,2024-11-25,194.234033,2025-02-03,174.3255,trailing_stop,0.76711582,0.76711582,False,,0.0,0.0,0.0,132.727849,2.0,1.0,150.0,132.727849,70,185.610042,229.196159,0.0222,False,69.9,1.6,False,-17.272151,-11.514767,-15.272151,0,0
ONON,momentum_breakout,breakout,3,2025-01-31,2025-02-03,56.496439,2025-02-07,59.62032,bearish_divergence,2.63733438,2.63733438,False,,0.0,0.0,0.0,156.238721,2.0,1.0,150.0,156.238721,4,53.61512,66.665798,0.0255,False,64.2,1.52,True,6.238721,4.159147,8.238721,1,1
GLBE,momentum_breakout,breakout,3,2024-11-25,2024-11-26,51.5515,2025-02-20,50.339609,trailing_stop,2.89031357,1.44515678,True,2025-02-11,61.088852,1.44515678,87.282968,71.748628,3.0,1.0,150.0,159.031596,86,48.10786,60.83077,0.0334,False,80.8,2.86,False,9.031596,6.021064,12.031596,1,1
HUBS,momentum_breakout,breakout,3,2025-02-10,2025-02-11,799.05827,2025-02-21,748.251,stop_loss,0.1864695,0.1864695,False,,0.0,0.0,0.0,138.525994,2.0,1.0,150.0,138.525994,10,765.178199,942.888758,0.0212,False,68.1,1.62,False,-11.474006,-7.649338,-9.474006,0,0
IOT,momentum_breakout,breakout,3,2025-02-19,2025-02-21,55.165111,2025-02-25,49.979969,stop_loss,2.70098253,2.70098253,False,,0.0,0.0,0.0,133.995023,2.0,1.0,150.0,133.995023,4,52.947473,65.094831,0.0201,False,75.6,1.59,True,-16.004977,-10.669985,-14.004977,0,0
RL,momentum_breakout,breakout,3,2025-01-06,2025-01-07,239.712401,2025-02-26,265.859664,bearish_divergence,0.62157819,0.62157819,False,,0.0,0.0,0.0,164.252568,2.0,1.0,150.0,164.252568,50,232.137489,282.860633,0.0158,False,69.0,1.54,False,14.252568,9.501712,16.252568,1,1
BILL,mean_reversion,oversold+volume+sma_support,3,2025-02-07,2025-02-10,63.113049,2025-03-04,50.249699,stop_loss,2.36084299,2.36084299,False,,0.0,0.0,0.0,117.63165,2.0,1.0,150.0,117.63165,22,52.57317,69.424354,0.0835,False,29.4,7.84,False,-32.36835,-21.5789,-30.36835,0,0
MT,momentum_breakout,breakout,3,2025-03-05,2025-03-06,33.130594,2025-03-13,30.290312,stop_loss,4.49735367,4.49735367,False,,0.0,0.0,0.0,135.226247,2.0,1.0,150.0,135.226247,7,30.347624,39.094101,0.042,False,74.4,2.11,False,-14.773753,-9.849169,-12.773753,0,0
OKTA,momentum_breakout,breakout,3,2025-03-05,2025-03-06,114.474361,2025-04-02,102.897,trailing_stop,1.3016015,1.3016015,False,,0.0,0.0,0.0,132.93089,2.0,1.0,150.0,132.93089,27,100.691648,135.079746,0.0602,False,74.9,2.81,False,-17.06911,-11.379407,-15.06911,0,0
RS,mean_reversion,bullish_div+sma_support,2,2025-03-28,2025-03-31,276.7896,2025-04-07,249.001433,stop_loss,0.53831502,0.53831502,False,,0.0,0.0,0.0,133.041212,2.0,1.0,150.0,133.041212,7,267.157322,304.46856,0.0174,False,53.1,0.55,False,-16.958788,-11.305858,-14.958788,0,0
CENX,mean_reversion,bullish_div+volume,2,2025-06-02,2025-06-03,18.78877,2025-06-18,17.99199,trailing_stop,7.93026879,7.93026879,False,,0.0,0.0,0.0,141.681319,2.0,1.0,150.0,141.681319,15,16.605515,20.667648,0.0581,False,61.3,3.83,False,-8.318681,-5.545788,-6.318681,0,0
URBN,momentum_breakout,breakout,3,2025-05-22,2025-05-23,71.671598,2025-06-24,67.941992,trailing_stop,2.0789267,2.0789267,False,,0.0,0.0,0.0,140.246422,2.0,1.0,150.0,140.246422,32,63.458033,84.572486,0.0573,False,75.1,4.33,False,-9.753578,-6.502385,-7.753578,0,0
AR,momentum_breakout,breakout,3,2025-06-20,2025-06-23,43.733689,2025-06-26,40.968988,stop_loss,3.40698452,3.40698452,False,,0.0,0.0,0.0,138.580709,2.0,1.0,150.0,138.580709,3,41.85314,51.605753,0.0215,False,68.1,1.55,False,-11.419291,-7.612861,-9.419291,0,0
ESTC,mean_reversion,bullish_div+sma_support,2,2025-06-24,2025-06-25,84.644558,2025-08-04,80.919,trailing_stop,1.76030219,1.76030219,False,,0.0,0.0,0.0,141.441893,2.0,1.0,150.0,141.441893,40,78.973372,93.109013,0.0335,False,46.3,0.61,False,-8.558107,-5.705405,-6.558107,0,0
CHEF,momentum_breakout,breakout,3,2025-07-31,2025-08-04,67.477414,2025-08-11,62.307629,stop_loss,2.20814628,2.20814628,False,,0.0,0.0,0.0,136.584359,2.0,1.0,150.0,136.584359,7,63.091382,79.623348,0.0325,False,60.9,1.59,False,-13.415641,-8.943761,-11.415641,0,0
CELH,momentum_breakout,breakout,3,2025-08-11,2025-08-12,54.30425,2025-09-09,55.71423,trailing_stop,2.74379998,2.74379998,False,,0.0,0.0,0.0,151.868704,2.0,1.0,150.0,151.868704,28,49.482033,64.079015,0.0444,False,68.7,1.83,False,1.868704,1.245803,3.868704,1,1
CPA,momentum_breakout,breakout,3,2025-05-23,2025-05-27,98.974221,2025-10-01,112.875958,bearish_divergence,1.50544252,1.50544252,False,,0.0,0.0,0.0,168.928266,2.0,1.0,150.0,168.928266,127,95.94561,116.78958,0.0153,False,71.9,2.17,False,18.928266,12.618844,20.928266,1,1
U,momentum_breakout,breakout,3,2025-09-05,2025-09-09,45.445402,2025-10-01,40.04991,trailing_stop,3.27865956,3.27865956,False,,0.0,0.0,0.0,130.310021,2.0,1.0,150.0,130.310021,22,41.80068,53.625574,0.0401,False,70.3,1.68,False,-19.689979,-13.126653,-17.689979,0,0
LEVI,momentum_breakout,breakout,3,2025-10-01,2025-10-02,23.956879,2025-10-13,21.173495,stop_loss,6.21950791,6.21950791,False,,0.0,0.0,0.0,130.688718,2.0,1.0,150.0,130.688718,11,23.171094,28.269117,0.0164,False,72.2,1.56,False,-19.311282,-12.874188,-17.311282,0,0
MT,momentum_breakout,breakout,3,2025-10-01,2025-10-02,37.860709,2025-11-05,36.474306,stop_loss,3.93547837,3.93547837,False,,0.0,0.0,0.0,142.543844,2.0,1.0,150.0,142.543844,34,36.535584,44.675636,0.0175,False,69.0,1.63,False,-7.456156,-4.970771,-5.456156,0,0
HUBS,mean_reversion,bullish_div+sma_support,2,2025-10-24,2025-10-27,475.114655,2025-11-07,390.149469,trailing_stop,0.31360851,0.31360851,False,,0.0,0.0,0.0,121.354194,2.0,1.0,150.0,121.354194,11,441.381514,522.62612,0.0355,False,50.4,0.41,False,-28.645806,-19.097204,-26.645806,0,0
RIVN,momentum_breakout,breakout,3,2025-11-11,2025-11-12,17.572555,2025-11-17,14.99499,stop_loss,8.47913109,8.47913109,False,,0.0,0.0,0.0,126.144488,2.0,1.0,150.0,126.144488,5,15.344355,20.735615,0.0634,False,71.3,1.95,False,-23.855512,-15.903675,-21.855512,0,0
LYFT,momentum_breakout,breakout,3,2025-11-10,2025-11-11,23.748725,2025-11-18,21.313664,stop_loss,6.27402093,6.27402093,False,,0.0,0.0,0.0,132.722374,2.0,1.0,150.0,132.722374,7,22.16706,28.023496,0.0333,False,65.2,2.54,False,-17.277626,-11.518417,-15.277626,0,0
RL,momentum_breakout,breakout,3,2025-11-25,2025-11-26,362.419696,2025-12-23,363.817027,bearish_divergence,0.41112556,0.41112556,False,,0.0,0.0,0.0,148.574479,2.0,1.0,150.0,148.574479,27,346.763165,427.655241,0.0216,False,67.8,1.52,False,-1.425521,-0.950347,0.574479,0,1
RIVN,momentum_breakout,breakout,3,2025-12-19,2025-12-23,21.711691,2026-01-05,19.450529,stop_loss,6.8626623,6.8626623,False,,0.0,0.0,0.0,132.482414,2.0,1.0,150.0,132.482414,13,19.458017,25.619795,0.0519,False,71.3,2.16,False,-17.517586,-11.678391,-15.517586,0,0
RS,mean_reversion,bullish_div+sma_support,2,2025-11-25,2025-11-26,277.378729,2026-01-13,307.552009,mean_reversion_complete,0.53717169,0.26858584,True,2026-01-12,305.742802,0.26858584,81.118189,81.604116,3.0,1.0,150.0,162.722304,48,269.778552,305.116602,0.0137,False,51.6,0.77,False,12.722304,8.481536,15.722304,1,1
AA,momentum_breakout,breakout,3,2026-01-05,2026-01-06,61.472841,2026-01-27,57.399484,trailing_stop,2.42383463,2.42383463,False,,0.0,0.0,0.0,138.126856,2.0,1.0,150.0,138.126856,21,57.489401,72.537952,0.0324,False,81.0,1.65,False,-11.873144,-7.915429,-9.873144,0,0
ZM,momentum_breakout,breakout,3,2026-01-26,2026-01-27,96.84675,2026-02-04,87.862047,stop_loss,1.53851317,1.53851317,False,,0.0,0.0,0.0,134.176916,2.0,1.0,150.0,134.176916,8,90.551711,114.279165,0.0325,False,61.9,3.58,False,-15.823084,-10.548723,-13.823084,0,0
SCCO,momentum_breakout,breakout,3,2026-01-09,2026-01-13,169.313007,2026-02-06,183.294574,trailing_stop,0.8800269,0.44001345,True,2026-02-04,205.461781,0.44001345,89.405947,79.652077,3.0,1.0,150.0,169.058024,24,161.050532,199.789348,0.0244,False,70.5,2.14,False,19.058024,12.705349,22.058024,1,1
DASH,mean_reversion,oversold+volume+sma_support,3,2026-02-05,2026-02-06,186.496308,2026-02-12,176.483344,stop_loss,0.79894343,0.79894343,False,,0.0,0.0,0.0,140.000208,2.0,1.0,150.0,140.000208,6,179.260251,205.145938,0.0194,False,29.5,1.67,False,-9.999792,-6.666528,-7.999792,0,0
DOCU,mean_reversion,bullish_div+sma_support,2,2026-04-06,2026-04-07,48.048,2026-04-09,45.214738,stop_loss,3.1010656,3.1010656,False,,0.0,0.0,0.0,139.21387,2.0,1.0,150.0,139.21387,2,45.857011,52.8528,0.0228,False,48.8,0.52,False,-10.78613,-7.190754,-8.78613,0,0
DVN,momentum_breakout,breakout,3,2026-02-04,2026-02-05,42.066524,2026-04-15,44.399555,trailing_stop,3.54200881,1.7710044,True,2026-03-26,50.135524,1.7710044,87.790233,77.631808,3.0,1.0,150.0,165.422041,69,39.971612,49.638499,0.0249,False,72.6,1.8,False,15.422041,10.281361,18.422041,1,1
ARM,momentum_breakout,breakout,3,2026-04-22,2026-04-23,194.614418,2026-04-29,202.397406,trailing_stop,0.76561645,0.38280823,True,2026-04-27,224.265515,0.38280823,84.850684,76.479392,3.0,1.0,150.0,161.330076,6,172.116991,229.645013,0.0578,False,73.3,1.59,False,11.330076,7.553384,14.330076,1,1
ZM,momentum_breakout,breakout,3,2026-04-30,2026-05-01,99.099,2026-05-15,98.501398,trailing_stop,1.50354696,1.50354696,False,,0.0,0.0,0.0,147.101478,2.0,1.0,150.0,147.101478,14,93.252159,116.93682,0.0295,False,69.0,1.78,False,-2.898522,-1.932348,-0.898522,0,0
SHAK,mean_reversion,oversold+volume+sma_support,3,2026-05-12,2026-05-15,60.950889,2026-06-03,56.023922,trailing_stop,2.44459107,2.44459107,False,,0.0,0.0,0.0,135.955579,2.0,1.0,150.0,135.955579,19,52.564047,67.045978,0.0688,False,29.4,8.0,True,-14.044421,-9.362947,-12.044421,0,0
AA,momentum_breakout,breakout,3,2026-06-02,2026-06-03,82.382584,2026-06-08,74.759943,stop_loss,1.8086347,1.8086347,False,,0.0,0.0,0.0,134.213427,2.0,1.0,150.0,134.213427,5,77.044193,97.211449,0.0324,False,69.3,1.53,False,-15.786573,-10.524382,-13.786573,0,0
KALU,momentum_breakout,breakout,3,2026-04-20,2026-04-21,151.847183,2026-06-23,176.904673,bearish_divergence,0.98124968,0.49062484,True,2026-05-07,181.908228,0.49062484,88.248695,85.793827,3.0,1.0,150.0,174.042522,63,143.131155,179.179676,0.0287,False,67.5,1.6,False,24.042522,16.028348,27.042522,1,1
UAL,momentum_breakout,breakout,3,2026-06-24,2026-06-25,132.38225,2026-07-14,121.868008,trailing_stop,1.12552854,1.12552854,False,,0.0,0.0,0.0,136.16592,2.0,1.0,150.0,136.16592,19,122.109387,156.211055,0.0388,False,67.9,1.66,False,-13.83408,-9.22272,-11.83408,0,0
LEVI,momentum_breakout,breakout,3,2026-06-11,2026-06-12,24.145946,2026-07-27,24.665311,bearish_divergence,6.17080821,6.17080821,False,,0.0,0.0,0.0,151.204901,2.0,1.0,150.0,151.204901,45,23.088353,28.492216,0.0219,False,61.6,1.66,False,1.204901,0.803267,3.204901,1,1
CLF,mean_reversion,bullish_div+volume,2,2026-07-27,2026-07-28,12.23222,2026-08-20,10.96902,trailing_stop,12.18094481,12.18094481,False,,0.0,0.0,0.0,132.613022,2.0,1.0,150.0,132.613022,23,11.067713,13.455442,0.0476,False,59.6,1.68,False,-17.386978,-11.591319,-15.386978,0,0
