date,equity,cash,positions,queue_size
2021-09-22,1000.0,1000.0,0,0
2021-09-23,1000.0,1000.0,0,0
2021-09-24,1000.0,1000.0,0,0
2021-09-27,1000.0,1000.0,0,0
2021-09-28,1000.0,1000.0,0,0
2021-09-29,1000.0,1000.0,0,0
2021-09-30,1000.0,1000.0,0,0
2021-10-01,1000.0,1000.0,0,0
2021-10-04,1000.0,1000.0,0,0
2021-10-05,1000.0,1000.0,0,0
2021-10-06,1000.0,1000.0,0,0
2021-10-07,1000.0,1000.0,0,0
2021-10-08,1000.0,1000.0,0,0
2021-10-11,1000.0,1000.0,0,0
2021-10-12,1000.0,1000.0,0,0
2021-10-13,1000.0,1000.0,0,0
2021-10-14,1000.0,1000.0,0,0
2021-10-15,1000.0,1000.0,0,0
2021-10-18,1000.0,1000.0,0,0
2021-10-19,1000.0,1000.0,0,0
2021-10-20,1000.0,1000.0,0,0
2021-10-21,1000.0,1000.0,0,0
2021-10-22,1000.0,1000.0,0,0
2021-10-25,1000.0,1000.0,0,0
2021-10-26,1000.0,1000.0,0,0
2021-10-27,1000.0,1000.0,0,0
2021-10-28,1000.0,1000.0,0,0
2021-10-29,1000.0,1000.0,0,0
2021-11-01,1000.0,1000.0,0,0
2021-11-02,1000.0,1000.0,0,0
2021-11-03,1000.0,1000.0,0,0
2021-11-04,1000.0,1000.0,0,0
2021-11-05,1000.0,1000.0,0,0
2021-11-08,1000.0,1000.0,0,0
2021-11-09,1000.0,1000.0,0,0
2021-11-10,1000.0,1000.0,0,0
2021-11-11,1000.0,1000.0,0,0
2021-11-12,1000.0,1000.0,0,0
2021-11-15,1000.0,1000.0,0,0
2021-11-16,996.46,800.0,1,0
2021-11-17,995.31,800.0,1,0
2021-11-18,996.4,800.0,1,0
2021-11-19,997.93,800.0,1,0
2021-11-22,995.39,800.0,1,0
2021-11-23,998.7,800.0,1,0
2021-11-24,1001.34,800.0,1,0
2021-11-26,999.36,800.0,1,0
2021-11-29,1002.45,800.0,1,0
2021-11-30,999.07,800.0,1,0
2021-12-01,998.9,600.72,2,0
2021-12-02,1006.92,399.5,3,0
2021-12-03,988.69,399.5,3,0
2021-12-06,989.61,576.47,2,0
2021-12-07,996.2,576.47,2,0
2021-12-08,997.2,576.47,2,0
2021-12-09,990.66,377.8,3,0
2021-12-10,989.79,247.47,4,0
2021-12-13,1006.81,247.47,4,0
2021-12-14,1002.71,247.47,4,3
2021-12-15,1011.17,252.68,5,4
2021-12-16,1020.44,252.68,5,8
2021-12-17,1005.74,252.68,5,13
2021-12-20,1000.43,370.16,4,42
2021-12-21,998.42,370.16,4,38
2021-12-22,1005.31,370.16,4,34
2021-12-23,1004.13,370.16,4,29
2021-12-27,1012.3,370.16,4,0
2021-12-28,1016.24,370.16,4,0
2021-12-29,1015.44,478.35,4,0
2021-12-30,1016.64,478.35,4,0
2021-12-31,1016.86,478.35,4,0
2022-01-03,1009.61,478.35,4,0
2022-01-04,1006.44,277.14,5,0
2022-01-05,996.52,277.14,5,6
2022-01-06,997.27,277.14,5,15
2022-01-07,1001.41,277.14,5,16
2022-01-10,1001.8,277.14,5,17
2022-01-11,998.81,277.14,5,14
2022-01-12,994.42,494.09,3,5
2022-01-13,988.31,296.04,4,4
2022-01-14,985.67,388.23,3,4
2022-01-18,980.45,245.79,4,4
2022-01-19,971.19,245.79,4,5
2022-01-20,960.65,240.62,4,5
2022-01-21,948.55,240.62,4,6
2022-01-24,938.72,547.44,2,9
2022-01-25,952.54,237.68,4,5
2022-01-26,951.27,237.68,4,5
2022-01-27,959.57,237.68,4,5
2022-01-28,957.15,237.68,4,2
2022-01-31,959.36,237.68,4,2
2022-02-01,973.41,237.68,4,1
2022-02-02,976.91,237.68,4,0
2022-02-03,974.25,237.68,4,3
2022-02-04,978.84,237.68,4,3
2022-02-07,986.48,237.68,4,3
2022-02-08,979.1,237.68,4,3
2022-02-09,980.19,237.68,4,0
2022-02-10,963.09,237.68,4,0
2022-02-11,975.73,237.68,4,0
2022-02-14,966.78,237.68,4,0
2022-02-15,959.9,237.68,4,0
2022-02-16,962.81,237.68,4,2
2022-02-17,962.46,237.68,4,2
2022-02-18,961.27,237.68,4,2
2022-02-22,956.57,237.68,4,2
2022-02-23,959.44,237.68,4,0
2022-02-24,956.74,237.68,4,0
2022-02-25,979.8,243.89,4,0
2022-02-28,990.63,243.89,4,0
2022-03-01,1016.31,243.89,4,1
2022-03-02,1017.14,255.18,5,2
2022-03-03,1020.69,255.18,5,3
2022-03-04,1041.93,255.18,5,4
2022-03-07,1057.44,366.6,5,5
2022-03-08,1059.78,527.0,4,4
2022-03-09,1042.68,317.63,5,7
2022-03-10,1057.32,317.63,5,8
2022-03-11,1056.36,317.63,5,7
2022-03-14,1038.06,317.63,5,7
2022-03-15,1027.22,317.63,5,2
2022-03-16,1023.21,419.64,4,0
2022-03-17,1027.91,419.64,4,0
2022-03-18,1028.51,419.64,4,0
2022-03-21,1041.97,260.52,5,9
2022-03-22,1041.23,260.52,5,9
2022-03-23,1052.31,260.52,5,9
2022-03-24,1054.96,371.64,5,9
2022-03-25,1062.93,371.64,5,0
2022-03-28,1060.6,371.64,5,0
2022-03-29,1056.93,371.64,5,1
2022-03-30,1065.36,371.64,5,1
2022-03-31,1056.99,371.64,5,1
2022-04-01,1053.61,371.64,5,2
2022-04-04,1047.89,371.64,5,3
2022-04-05,1042.17,371.64,5,2
2022-04-06,1040.73,371.64,5,2
2022-04-07,1045.21,567.49,4,4
2022-04-08,1048.31,357.78,5,5
2022-04-11,1043.0,357.78,5,6
2022-04-12,1041.63,357.78,5,7
2022-04-13,1049.67,357.78,5,4
2022-04-14,1048.16,357.78,5,2
2022-04-18,1045.56,357.78,5,3
2022-04-19,1040.7,357.78,5,2
2022-04-20,1040.75,556.71,4,2
2022-04-21,1013.18,351.86,5,0
2022-04-22,1001.31,351.86,5,1
2022-04-25,994.47,638.09,3,2
2022-04-26,988.03,247.65,5,3
2022-04-27,985.99,247.65,5,3
2022-04-28,988.9,363.92,4,3
2022-04-29,973.47,363.92,4,2
2022-05-02,967.24,552.28,3,2
2022-05-03,966.62,543.06,3,1
2022-05-04,986.57,347.16,4,0
2022-05-05,968.14,242.8,5,0
2022-05-06,965.38,242.8,5,0
2022-05-09,957.56,242.8,5,1
2022-05-10,950.83,337.78,4,3
2022-05-11,946.24,337.78,4,3
2022-05-12,955.81,337.78,4,3
2022-05-13,954.72,337.78,4,2
2022-05-16,955.23,337.78,4,2
2022-05-17,959.35,240.0,5,0
2022-05-18,941.27,240.0,5,1
2022-05-19,934.6,240.0,5,2
2022-05-20,933.57,332.6,4,2
2022-05-23,940.15,521.59,3,2
2022-05-24,942.33,521.59,3,1
2022-05-25,946.83,521.59,3,0
2022-05-26,951.67,521.59,3,0
2022-05-27,956.71,521.59,3,0
2022-05-31,948.1,521.59,3,0
2022-06-01,940.87,235.67,5,8
2022-06-02,940.7,235.67,5,8
2022-06-03,941.32,235.67,5,8
2022-06-06,945.53,235.67,5,9
2022-06-07,957.2,235.67,5,3
2022-06-08,949.01,235.67,5,3
2022-06-09,932.71,235.67,5,4
2022-06-10,916.63,235.67,5,3
2022-06-13,896.91,495.61,3,4
2022-06-14,894.26,674.29,2,2
2022-06-15,895.05,740.33,1,1
2022-06-16,895.14,740.33,1,1
2022-06-17,894.57,740.33,1,0
2022-06-21,893.86,560.77,2,0
2022-06-22,895.2,560.77,2,0
2022-06-23,898.09,560.77,2,0
2022-06-24,912.94,560.77,2,0
2022-06-27,911.25,227.96,4,0
2022-06-28,900.36,227.96,4,0
2022-06-29,895.59,227.96,4,0
2022-06-30,888.53,227.96,4,0
2022-07-01,890.34,227.96,4,0
2022-07-05,890.43,227.96,4,0
2022-07-06,889.33,371.87,3,0
2022-07-07,892.06,371.87,3,0
2022-07-08,890.75,371.87,3,0
2022-07-11,882.07,222.24,4,0
2022-07-12,876.81,222.24,4,0
2022-07-13,867.28,222.24,4,0
2022-07-14,864.77,383.25,3,0
2022-07-15,877.66,383.25,3,0
2022-07-18,868.86,383.25,3,0
2022-07-19,866.95,383.25,3,0
2022-07-20,864.18,383.25,3,0
2022-07-21,866.9,555.17,2,0
2022-07-22,852.26,213.9,4,0
2022-07-25,852.44,213.9,4,0
2022-07-26,848.8,213.9,4,0
2022-07-27,871.32,213.9,4,0
2022-07-28,880.94,213.9,4,5
2022-07-29,881.68,213.9,4,11
2022-08-01,888.55,213.9,4,15
2022-08-02,882.72,213.9,4,16
2022-08-03,896.49,213.9,4,16
2022-08-04,900.2,213.9,4,15
2022-08-05,898.3,224.32,5,17
2022-08-08,899.49,224.32,5,18
2022-08-09,891.71,224.32,5,17
2022-08-10,913.46,224.32,5,15
2022-08-11,910.97,224.32,5,11
2022-08-12,923.31,375.67,4,14
2022-08-15,924.39,230.57,5,15
2022-08-16,920.39,230.57,5,8
2022-08-17,907.13,230.57,5,10
2022-08-18,906.62,230.57,5,9
2022-08-19,894.59,312.29,4,9
2022-08-22,875.57,218.76,5,10
2022-08-23,877.26,218.76,5,5
2022-08-24,885.28,218.76,5,3
2022-08-25,898.67,218.76,5,2
2022-08-26,874.32,218.76,5,2
2022-08-29,869.31,387.73,4,3
2022-08-30,861.0,216.46,5,2
2022-08-31,847.3,216.46,5,3
2022-09-01,837.68,449.98,3,3
2022-09-02,833.11,449.98,3,2
2022-09-06,831.5,586.69,2,2
2022-09-07,839.91,586.69,2,0
2022-09-08,846.51,418.27,3,0
2022-09-09,857.04,214.65,5,0
2022-09-12,862.83,214.65,5,3
2022-09-13,843.14,214.65,5,5
2022-09-14,853.71,214.65,5,9
2022-09-15,850.79,214.65,5,13
2022-09-16,836.13,243.21,4,14
2022-09-19,843.97,211.02,5,20
2022-09-20,832.25,211.02,5,15
2022-09-21,814.93,211.02,5,12
2022-09-22,801.98,299.61,4,8
2022-09-23,796.95,601.63,2,2
2022-09-26,792.88,628.83,1,2
2022-09-27,795.01,628.83,1,0
2022-09-28,799.18,469.33,2,0
2022-09-29,793.83,469.33,2,0
2022-09-30,786.96,196.86,4,0
2022-10-03,803.59,196.86,4,0
2022-10-04,811.21,196.86,4,0
2022-10-05,803.76,196.86,4,0
2022-10-06,800.95,196.86,4,1
2022-10-07,784.64,196.86,4,2
2022-10-10,787.57,196.86,4,2
2022-10-11,777.31,196.86,4,2
2022-10-12,773.35,337.47,3,1
2022-10-13,789.85,337.47,3,0
2022-10-14,781.28,337.47,3,0
2022-10-17,787.2,337.47,3,0
2022-10-18,780.64,196.69,4,0
2022-10-19,791.31,196.69,4,0
2022-10-20,776.48,196.69,4,0
2022-10-21,790.55,343.65,3,0
2022-10-24,799.97,198.78,4,0
2022-10-25,807.66,198.78,4,0
2022-10-26,810.82,198.78,4,0
2022-10-27,804.48,281.08,4,0
2022-10-28,810.96,202.38,5,1
2022-10-31,812.53,202.38,5,6
2022-11-01,811.68,202.38,5,12
2022-11-02,799.85,202.38,5,16
2022-11-03,802.74,202.38,5,19
2022-11-04,808.33,202.38,5,21
2022-11-07,816.28,274.28,4,23
2022-11-08,817.28,274.28,4,13
2022-11-09,807.27,274.28,4,9
2022-11-10,812.17,203.25,5,2
2022-11-11,816.2,203.25,5,3
2022-11-14,820.12,203.25,5,7
2022-11-15,818.28,203.25,5,9
2022-11-16,814.32,203.25,5,13
2022-11-17,815.96,203.25,5,12
2022-11-18,818.09,203.25,5,9
2022-11-21,814.56,203.25,5,10
2022-11-22,825.81,203.25,5,4
2022-11-23,818.21,203.25,5,2
2022-11-25,817.69,203.25,5,1
2022-11-28,809.27,203.25,5,0
2022-11-29,812.11,203.25,5,1
2022-11-30,823.64,203.25,5,2
2022-12-01,824.98,203.25,5,34
2022-12-02,828.72,203.25,5,37
2022-12-05,816.63,203.25,5,37
2022-12-06,811.91,203.25,5,37
2022-12-07,813.77,203.25,5,5
2022-12-08,814.19,203.25,5,2
2022-12-09,797.7,203.25,5,3
2022-12-12,799.74,337.69,4,5
2022-12-13,802.14,337.69,4,3
2022-12-14,800.55,200.41,5,7
2022-12-15,786.44,200.41,5,9
2022-12-16,783.85,200.41,5,8
2022-12-19,782.17,328.93,4,14
2022-12-20,787.99,328.93,4,10
2022-12-21,791.83,328.93,4,7
2022-12-22,786.02,328.93,4,6
2022-12-23,784.79,328.93,4,0
2022-12-27,780.3,328.93,4,0
2022-12-28,777.55,445.57,3,0
2022-12-29,779.77,445.57,3,0
2022-12-30,779.6,445.57,3,0
2023-01-03,778.55,289.9,4,0
2023-01-04,784.68,289.9,4,0
2023-01-05,785.08,196.08,5,1
2023-01-06,796.21,196.08,5,2
2023-01-09,782.45,196.08,5,9
2023-01-10,789.06,356.64,4,16
2023-01-11,788.05,198.92,5,16
2023-01-12,795.19,198.92,5,18
2023-01-13,797.27,244.77,5,12
2023-01-17,792.98,244.77,5,15
2023-01-18,782.65,244.77,5,8
2023-01-19,776.4,244.77,5,12
2023-01-20,781.08,244.77,5,14
2023-01-23,782.63,244.77,5,22
2023-01-24,788.95,244.77,5,26
2023-01-25,789.05,244.77,5,22
2023-01-26,791.13,244.77,5,20
2023-01-27,800.04,244.77,5,13
2023-01-30,796.68,298.38,5,17
2023-01-31,797.98,298.38,5,10
2023-02-01,800.37,298.38,5,12
2023-02-02,796.67,298.38,5,16
2023-02-03,794.94,298.38,5,30
2023-02-06,795.19,298.38,5,36
2023-02-07,793.04,298.38,5,32
2023-02-08,791.57,298.38,5,32
2023-02-09,787.28,298.38,5,22
2023-02-10,788.83,298.38,5,21
2023-02-13,791.82,298.38,5,22
2023-02-14,791.06,298.38,5,15
2023-02-15,792.66,298.38,5,11
2023-02-16,786.24,298.38,5,10
2023-02-17,790.94,298.38,5,15
2023-02-21,781.95,298.38,5,17
2023-02-22,781.81,298.38,5,8
2023-02-23,778.7,341.49,4,3
2023-02-24,777.64,194.37,5,1
2023-02-27,781.16,194.37,5,1
2023-02-28,780.65,194.37,5,1
2023-03-01,776.1,194.37,5,0
2023-03-02,780.64,194.37,5,1
2023-03-03,786.75,194.37,5,3
2023-03-06,785.24,194.37,5,4
2023-03-07,779.04,343.58,4,7
2023-03-08,775.19,195.18,5,7
2023-03-09,765.04,195.18,5,6
2023-03-10,755.42,326.89,4,6
2023-03-13,750.75,392.96,3,6
2023-03-14,748.7,395.86,3,2
2023-03-15,743.31,395.86,3,1
2023-03-16,755.47,236.64,4,0
2023-03-17,754.54,188.74,5,6
2023-03-20,750.47,188.74,5,18
2023-03-21,759.16,188.74,5,18
2023-03-22,750.17,188.74,5,18
2023-03-23,760.13,188.74,5,13
2023-03-24,757.83,188.74,5,3
2023-03-27,756.74,188.74,5,5
2023-03-28,752.44,188.74,5,5
2023-03-29,759.31,188.74,5,4
2023-03-30,762.89,188.74,5,3
2023-03-31,774.77,188.74,5,2
2023-04-03,773.61,188.74,5,4
2023-04-04,772.78,188.74,5,4
2023-04-05,765.75,188.74,5,5
2023-04-06,770.15,188.74,5,5
2023-04-10,772.8,188.74,5,4
2023-04-11,768.68,188.74,5,2
2023-04-12,769.53,188.74,5,2
2023-04-13,780.13,188.74,5,1
2023-04-14,778.91,188.74,5,3
2023-04-17,780.26,188.74,5,5
2023-04-18,780.0,188.74,5,4
2023-04-19,776.5,188.74,5,8
2023-04-20,773.83,188.74,5,7
2023-04-21,773.76,188.74,5,6
2023-04-24,771.17,188.74,5,9
2023-04-25,751.38,188.74,5,7
2023-04-26,761.74,188.74,5,10
2023-04-27,774.27,188.74,5,11
2023-04-28,775.19,188.74,5,11
2023-05-01,777.19,188.74,5,17
2023-05-02,770.15,188.74,5,11
2023-05-03,767.63,327.27,4,11
2023-05-04,762.36,191.11,5,9
2023-05-05,766.28,191.11,5,4
2023-05-08,768.41,191.11,5,7
2023-05-09,764.85,191.11,5,7
2023-05-10,771.39,191.11,5,6
2023-05-11,770.26,191.11,5,8
2023-05-12,769.37,191.11,5,6
2023-05-15,772.18,191.11,5,8
2023-05-16,775.06,191.11,5,9
2023-05-17,779.07,218.03,5,7
2023-05-18,789.73,305.09,5,12
2023-05-19,791.14,305.09,5,17
2023-05-22,786.28,305.09,5,21
2023-05-23,774.43,305.09,5,17
2023-05-24,772.43,305.09,5,13
2023-05-25,792.64,305.09,5,10
2023-05-26,798.02,305.09,5,14
2023-05-30,802.31,305.09,5,20
2023-05-31,798.61,305.09,5,22
2023-06-01,805.37,305.09,5,27
2023-06-02,806.97,305.09,5,24
2023-06-05,808.86,305.09,5,29
2023-06-06,806.44,305.09,5,24
2023-06-07,796.07,305.09,5,15
2023-06-08,803.57,305.09,5,19
2023-06-09,805.19,305.09,5,16
2023-06-12,809.56,305.09,5,19
2023-06-13,815.03,305.09,5,19
2023-06-14,812.29,391.65,5,18
2023-06-15,818.69,391.65,5,19
2023-06-16,814.63,391.65,5,23
2023-06-20,811.93,391.65,5,56
2023-06-21,809.42,391.65,5,42
2023-06-22,812.69,391.65,5,36
2023-06-23,810.24,391.65,5,4
2023-06-26,805.19,391.65,5,11
2023-06-27,813.0,391.65,5,11
2023-06-28,813.59,391.65,5,11
2023-06-29,815.09,391.65,5,10
2023-06-30,821.78,391.65,5,3
2023-07-03,818.03,391.65,5,4
2023-07-05,819.03,391.65,5,1
2023-07-06,816.98,391.65,5,3
2023-07-07,811.63,391.65,5,2
2023-07-10,814.09,391.65,5,2
2023-07-11,809.62,391.65,5,3
2023-07-12,812.06,391.65,5,8
2023-07-13,815.6,391.65,5,10
2023-07-14,820.95,391.65,5,14
2023-07-17,822.12,391.65,5,18
2023-07-18,826.86,391.65,5,14
2023-07-19,824.59,391.65,5,20
2023-07-20,824.38,391.65,5,23
2023-07-21,824.04,391.65,5,23
2023-07-24,823.27,391.65,5,37
2023-07-25,828.01,391.65,5,29
2023-07-26,821.5,391.65,5,31
2023-07-27,820.8,391.65,5,35
2023-07-28,823.86,391.65,5,26
2023-07-31,821.79,391.65,5,29
2023-08-01,820.35,391.65,5,24
2023-08-02,814.94,391.65,5,20
2023-08-03,813.25,391.65,5,20
2023-08-04,814.21,391.65,5,19
2023-08-07,819.48,391.65,5,23
2023-08-08,837.41,391.65,5,15
2023-08-09,833.13,472.21,5,11
2023-08-10,833.39,562.49,4,11
2023-08-11,835.45,395.43,5,8
2023-08-14,838.48,395.43,5,8
2023-08-15,837.22,395.43,5,3
2023-08-16,835.12,395.43,5,3
2023-08-17,832.79,395.43,5,3
2023-08-18,832.78,395.43,5,4
2023-08-21,830.41,395.43,5,6
2023-08-22,829.82,395.43,5,5
2023-08-23,833.45,553.83,4,5
2023-08-24,817.17,388.17,5,5
2023-08-25,816.6,388.17,5,3
2023-08-28,818.98,539.28,4,3
2023-08-29,822.29,539.28,4,1
2023-08-30,821.76,539.28,4,0
2023-08-31,823.11,539.28,4,0
2023-09-01,822.83,374.39,5,5
2023-09-05,823.33,374.39,5,7
2023-09-06,822.75,374.39,5,8
2023-09-07,822.07,374.39,5,4
2023-09-08,823.05,374.39,5,3
2023-09-11,829.44,374.39,5,5
2023-09-12,821.18,374.39,5,7
2023-09-13,825.36,534.7,4,9
2023-09-14,826.53,534.7,4,8
2023-09-15,820.33,370.6,5,11
2023-09-18,822.68,370.6,5,31
2023-09-19,821.46,370.6,5,25
2023-09-20,816.65,370.6,5,25
2023-09-21,806.67,370.6,5,20
2023-09-22,805.55,529.43,4,1
2023-09-25,806.08,368.1,5,1
2023-09-26,801.68,368.1,5,1
2023-09-27,802.71,368.1,5,1
2023-09-28,806.5,368.1,5,1
2023-09-29,802.07,368.1,5,1
2023-10-02,804.49,451.29,4,1
2023-10-03,798.91,451.29,4,1
2023-10-04,803.01,451.29,4,0
2023-10-05,804.54,451.29,4,0
2023-10-06,813.05,451.29,4,0
2023-10-09,817.95,288.44,5,0
2023-10-10,820.71,288.44,5,0
2023-10-11,827.63,288.44,5,2
2023-10-12,825.53,288.44,5,5
2023-10-13,825.82,288.44,5,7
2023-10-16,827.86,288.44,5,8
2023-10-17,827.15,288.44,5,7
2023-10-18,824.24,288.44,5,7
2023-10-19,818.83,288.44,5,5
2023-10-20,808.65,288.44,5,4
2023-10-23,808.32,288.44,5,4
2023-10-24,817.04,288.44,5,0
2023-10-25,804.82,288.44,5,0
2023-10-26,797.42,316.22,4,1
2023-10-27,794.53,198.97,5,1
2023-10-30,803.84,198.97,5,1
2023-10-31,809.33,198.97,5,1
2023-11-01,813.27,198.97,5,0
2023-11-02,819.77,198.97,5,1
2023-11-03,827.31,198.97,5,1
2023-11-06,830.08,198.97,5,2
2023-11-07,839.45,198.97,5,4
2023-11-08,843.74,198.97,5,6
2023-11-09,840.27,198.97,5,11
2023-11-10,852.54,198.97,5,13
2023-11-13,857.23,198.97,5,15
2023-11-14,868.6,198.97,5,12
2023-11-15,861.48,198.97,5,7
2023-11-16,866.4,198.97,5,9
2023-11-17,866.77,198.97,5,8
2023-11-20,870.48,198.97,5,9
2023-11-21,871.43,198.97,5,7
2023-11-22,873.84,294.01,5,2
2023-11-24,875.57,294.01,5,2
2023-11-27,874.95,294.01,5,1
2023-11-28,875.42,294.01,5,3
2023-11-29,884.1,294.01,5,3
2023-11-30,892.2,294.01,5,6
2023-12-01,887.89,294.01,5,23
2023-12-04,884.25,294.01,5,32
2023-12-05,885.45,294.01,5,38
2023-12-06,882.17,294.01,5,36
2023-12-07,883.32,294.01,5,22
2023-12-08,886.94,294.01,5,16
2023-12-11,889.06,294.01,5,19
2023-12-12,894.9,294.01,5,13
2023-12-13,897.64,294.01,5,12
2023-12-14,888.01,294.01,5,23
2023-12-15,893.88,294.01,5,52
2023-12-18,893.99,294.01,5,109
2023-12-19,894.57,294.01,5,107
2023-12-20,886.05,294.01,5,98
2023-12-21,894.04,294.01,5,69
2023-12-22,893.67,294.01,5,14
2023-12-26,894.84,294.01,5,15
2023-12-27,895.67,294.01,5,3
2023-12-28,895.78,294.01,5,3
2023-12-29,895.39,294.01,5,3
2024-01-02,889.16,294.01,5,4
2024-01-03,885.43,294.01,5,5
2024-01-04,886.05,294.01,5,4
2024-01-05,884.17,294.01,5,5
2024-01-08,897.39,294.01,5,5
2024-01-09,904.36,294.01,5,3
2024-01-10,911.55,294.01,5,4
2024-01-11,915.37,294.01,5,3
2024-01-12,911.05,294.01,5,3
2024-01-16,914.42,294.01,5,3
2024-01-17,908.52,361.26,5,1
2024-01-18,912.16,361.26,5,4
2024-01-19,918.05,361.26,5,8
2024-01-22,926.65,361.26,5,20
2024-01-23,926.31,361.26,5,25
2024-01-24,927.36,361.26,5,26
2024-01-25,917.0,361.26,5,32
2024-01-26,914.87,516.08,4,26
2024-01-29,925.32,331.7,5,30
2024-01-30,929.81,331.7,5,23
2024-01-31,917.86,331.7,5,17
2024-02-01,927.45,331.7,5,22
2024-02-02,933.76,331.7,5,23
2024-02-05,932.0,331.7,5,30
2024-02-06,931.1,331.7,5,28
2024-02-07,945.13,331.7,5,23
2024-02-08,948.24,331.7,5,28
2024-02-09,954.55,331.7,5,31
2024-02-12,947.61,331.7,5,37
2024-02-13,943.61,331.7,5,32
2024-02-14,956.56,331.7,5,28
2024-02-15,956.32,331.7,5,24
2024-02-16,951.77,331.7,5,22
2024-02-20,946.97,331.7,5,24
2024-02-21,933.42,331.7,5,8
2024-02-22,951.72,470.22,4,5
2024-02-23,940.71,279.88,5,3
2024-02-26,943.16,460.75,4,5
2024-02-27,939.27,272.63,5,5
2024-02-28,943.77,272.63,5,8
2024-02-29,943.76,272.63,5,13
2024-03-01,948.58,272.63,5,22
2024-03-04,947.31,272.63,5,25
2024-03-05,937.5,272.63,5,22
2024-03-06,940.51,455.16,4,20
2024-03-07,942.01,265.78,5,10
2024-03-08,938.24,265.78,5,10
2024-03-11,933.78,375.83,4,14
2024-03-12,939.77,234.87,5,10
2024-03-13,935.5,234.87,5,10
2024-03-14,935.64,234.87,5,8
2024-03-15,926.18,408.85,4,6
2024-03-18,930.46,232.79,5,19
2024-03-19,938.36,232.79,5,17
2024-03-20,943.37,232.79,5,17
2024-03-21,947.36,232.79,5,16
2024-03-22,939.32,232.79,5,7
2024-03-25,931.7,232.79,5,8
2024-03-26,931.25,232.79,5,6
2024-03-27,927.68,232.79,5,6
2024-03-28,926.36,232.79,5,3
2024-04-01,926.17,232.79,5,3
2024-04-02,919.92,232.79,5,2
2024-04-03,921.85,402.73,4,3
2024-04-04,907.69,228.89,5,5
2024-04-05,912.63,394.92,4,9
2024-04-08,908.36,228.36,5,9
2024-04-09,906.86,228.36,5,7
2024-04-10,900.41,228.36,5,4
2024-04-11,903.14,362.44,4,0
2024-04-12,893.7,224.13,5,0
2024-04-15,885.98,381.38,4,1
2024-04-16,887.11,381.38,4,1
2024-04-17,881.31,381.38,4,1
2024-04-18,870.17,336.83,4,1
2024-04-19,867.46,441.02,3,0
2024-04-22,870.75,441.02,3,0
2024-04-23,873.43,265.64,4,0
2024-04-24,872.84,217.85,5,1
2024-04-25,870.68,217.85,5,1
2024-04-26,873.53,217.85,5,7
2024-04-29,875.51,217.85,5,10
2024-04-30,865.55,217.85,5,11
2024-05-01,865.49,217.85,5,15
2024-05-02,869.69,217.85,5,12
2024-05-03,882.32,217.85,5,13
2024-05-06,888.85,217.85,5,14
2024-05-07,893.62,217.85,5,10
2024-05-08,890.12,217.85,5,9
2024-05-09,895.19,217.85,5,7
2024-05-10,895.3,217.85,5,7
2024-05-13,893.65,217.85,5,8
2024-05-14,888.97,217.85,5,5
2024-05-15,896.4,217.85,5,5
2024-05-16,899.16,217.85,5,5
2024-05-17,902.35,217.85,5,7
2024-05-20,900.77,217.85,5,10
2024-05-21,915.68,217.85,5,9
2024-05-22,935.29,320.68,5,11
2024-05-23,931.03,320.68,5,10
2024-05-24,944.64,320.68,5,12
2024-05-28,939.32,320.68,5,12
2024-05-29,933.92,320.68,5,6
2024-05-30,931.85,489.56,4,1
2024-05-31,928.48,303.37,5,1
2024-06-03,927.57,303.37,5,11
2024-06-04,928.23,303.37,5,11
2024-06-05,939.16,303.37,5,11
2024-06-06,941.53,303.37,5,12
2024-06-07,939.08,303.37,5,3
2024-06-10,942.28,303.37,5,3
2024-06-11,950.0,303.37,5,3
2024-06-12,955.41,303.37,5,4
2024-06-13,949.13,303.37,5,6
2024-06-14,940.41,347.93,4,8
2024-06-17,937.74,234.43,5,8
2024-06-18,938.94,357.69,4,7
2024-06-20,929.5,234.7,5,4
2024-06-21,929.58,347.65,4,6
2024-06-24,924.59,231.37,5,23
2024-06-25,930.41,231.37,5,21
2024-06-26,933.99,231.37,5,22
2024-06-27,932.04,231.37,5,20
2024-06-28,924.52,231.37,5,6
2024-07-01,925.23,411.88,4,19
2024-07-02,938.7,232.45,5,19
2024-07-03,950.66,232.45,5,17
2024-07-05,964.15,232.45,5,14
2024-07-08,965.42,232.45,5,2
2024-07-09,971.34,232.45,5,4
2024-07-10,974.13,338.35,5,6
2024-07-11,955.29,338.35,5,7
2024-07-12,959.1,338.35,5,12
2024-07-15,958.83,446.0,4,15
2024-07-16,965.54,253.95,5,16
2024-07-17,950.65,253.95,5,20
2024-07-18,930.73,253.95,5,23
2024-07-19,963.16,253.95,5,26
2024-07-22,977.58,253.95,5,31
2024-07-23,967.74,253.95,5,22
2024-07-24,938.62,253.95,5,15
2024-07-25,916.9,341.14,4,12
2024-07-26,926.75,418.51,3,13
2024-07-29,920.11,233.56,4,14
2024-07-30,920.53,233.56,4,11
2024-07-31,920.84,233.56,4,10
2024-08-01,928.32,233.56,4,10
2024-08-02,930.39,233.56,4,15
2024-08-05,909.87,233.56,4,22
2024-08-06,908.65,227.82,4,25
2024-08-07,908.16,227.82,4,19
2024-08-08,916.44,229.42,4,13
2024-08-09,916.53,229.42,4,6
2024-08-12,918.24,229.42,4,6
2024-08-13,920.42,229.42,4,0
2024-08-14,922.78,229.42,4,0
2024-08-15,927.2,229.42,4,0
2024-08-16,926.38,231.6,5,0
2024-08-19,931.28,231.6,5,1
2024-08-20,931.85,231.6,5,2
2024-08-21,935.66,231.6,5,5
2024-08-22,936.43,231.6,5,7
2024-08-23,938.55,231.6,5,6
2024-08-26,938.57,231.6,5,7
2024-08-27,935.93,231.6,5,3
2024-08-28,937.22,231.6,5,1
2024-08-29,939.28,231.6,5,2
2024-08-30,945.47,231.6,5,3
2024-09-03,948.39,231.6,5,7
2024-09-04,949.48,231.6,5,14
2024-09-05,941.7,231.6,5,14
2024-09-06,939.85,231.6,5,15
2024-09-09,948.09,231.6,5,19
2024-09-10,954.48,231.6,5,13
2024-09-11,948.3,231.6,5,14
2024-09-12,949.13,231.6,5,13
2024-09-13,952.39,231.6,5,14
2024-09-16,955.87,231.6,5,16
2024-09-17,947.52,231.6,5,13
2024-09-18,945.39,231.6,5,10
2024-09-19,944.37,231.6,5,9
2024-09-20,946.18,231.6,5,17
2024-09-23,949.75,231.6,5,47
2024-09-24,946.53,231.6,5,44
2024-09-25,944.07,231.6,5,44
2024-09-26,942.04,231.6,5,35
2024-09-27,944.31,231.6,5,5
2024-09-30,950.65,231.6,5,6
2024-10-01,950.72,231.6,5,2
2024-10-02,949.88,231.6,5,4
2024-10-03,945.04,231.6,5,6
2024-10-04,942.42,231.6,5,5
2024-10-07,930.33,231.6,5,5
2024-10-08,933.57,231.6,5,4
2024-10-09,940.18,231.6,5,3
2024-10-10,939.75,231.6,5,6
2024-10-11,942.79,231.6,5,12
2024-10-14,946.66,231.6,5,16
2024-10-15,949.15,231.6,5,14
2024-10-16,950.82,231.6,5,21
2024-10-17,949.12,231.6,5,17
2024-10-18,961.6,231.6,5,15
2024-10-21,955.02,231.6,5,20
2024-10-22,959.14,231.6,5,11
2024-10-23,961.73,231.6,5,11
2024-10-24,959.04,231.6,5,11
2024-10-25,951.6,231.6,5,11
2024-10-28,954.01,231.6,5,14
2024-10-29,948.42,231.6,5,13
2024-10-30,959.34,231.6,5,17
2024-10-31,961.64,231.6,5,19
2024-11-01,958.53,231.6,5,22
2024-11-04,954.41,231.6,5,26
2024-11-05,961.61,231.6,5,18
2024-11-06,959.84,231.6,5,15
2024-11-07,957.05,231.6,5,32
2024-11-08,962.53,231.6,5,39
2024-11-11,934.65,231.6,5,47
2024-11-12,933.86,408.43,4,54
2024-11-13,928.15,332.78,4,39
2024-11-14,912.19,228.87,5,34
2024-11-15,916.07,228.87,5,29
2024-11-18,928.07,326.23,4,37
2024-11-19,941.62,234.35,5,21
2024-11-20,938.4,295.71,5,16
2024-11-21,940.5,295.71,5,17
2024-11-22,952.8,295.71,5,17
2024-11-25,942.74,295.71,5,21
2024-11-26,949.87,295.71,5,36
2024-11-27,947.57,295.71,5,33
2024-11-29,956.59,295.71,5,26
2024-12-02,959.58,295.71,5,22
2024-12-03,961.45,295.71,5,1
2024-12-04,965.28,348.91,5,1
2024-12-05,974.4,348.91,5,6
2024-12-06,986.71,348.91,5,11
2024-12-09,979.72,348.91,5,13
2024-12-10,983.9,348.91,5,13
2024-12-11,992.24,460.82,5,11
2024-12-12,989.9,460.82,5,9
2024-12-13,995.67,460.82,5,7
2024-12-16,1001.72,460.82,5,7
2024-12-17,1004.54,621.96,4,3
2024-12-18,985.76,621.96,4,0
2024-12-19,982.2,424.75,5,0
2024-12-20,983.84,424.75,5,1
2024-12-23,986.74,542.53,4,4
2024-12-24,994.62,542.53,4,4
2024-12-26,994.8,542.53,4,4
2024-12-27,988.09,542.53,4,0
2024-12-30,981.43,542.53,4,0
2024-12-31,975.51,347.07,5,0
2025-01-02,969.4,347.07,5,0
2025-01-03,977.57,533.43,4,0
2025-01-06,978.87,533.43,4,0
2025-01-07,959.71,339.84,5,0
2025-01-08,961.11,390.74,4,0
2025-01-10,953.75,239.46,5,0
2025-01-13,943.06,572.58,3,2
2025-01-14,944.31,755.63,2,2
2025-01-15,954.13,755.63,2,2
2025-01-16,956.14,238.44,5,3
2025-01-17,968.32,238.44,5,3
2025-01-21,976.82,238.44,5,11
2025-01-22,976.29,238.44,5,20
2025-01-23,982.55,238.44,5,23
2025-01-24,976.0,238.44,5,22
2025-01-27,973.93,238.44,5,25
2025-01-28,978.29,238.44,5,29
2025-01-29,977.74,238.44,5,37
2025-01-30,985.34,238.44,5,35
2025-01-31,980.15,238.44,5,39
2025-02-03,978.52,238.44,5,45
2025-02-04,980.66,238.44,5,22
2025-02-05,992.03,238.44,5,22
2025-02-06,1002.76,238.44,5,18
2025-02-07,997.6,238.44,5,19
2025-02-10,993.83,238.44,5,23
2025-02-11,995.0,238.44,5,20
2025-02-12,995.56,238.44,5,22
2025-02-13,997.36,238.44,5,20
2025-02-14,1003.55,238.44,5,20
2025-02-18,1012.5,238.44,5,23
2025-02-19,1012.6,238.44,5,9
2025-02-20,983.42,238.44,5,6
2025-02-21,968.49,238.44,5,4
2025-02-24,963.76,238.44,5,7
2025-02-25,952.42,305.53,4,6
2025-02-26,955.75,239.37,5,6
2025-02-27,948.23,239.37,5,5
2025-02-28,965.4,239.37,5,2
2025-03-03,951.1,239.37,5,7
2025-03-04,924.34,239.37,5,7
2025-03-05,924.81,730.05,2,14
2025-03-06,917.73,546.45,3,14
2025-03-07,917.26,667.12,2,9
2025-03-10,916.29,228.71,5,9
2025-03-11,891.88,228.71,5,9
2025-03-12,879.83,565.34,3,12
2025-03-13,879.74,220.43,5,12
2025-03-14,875.75,220.43,5,12
2025-03-17,882.24,288.32,4,12
2025-03-18,878.22,219.69,5,0
2025-03-19,874.41,219.69,5,0
2025-03-20,873.53,388.49,4,0
2025-03-21,869.9,388.49,4,0
2025-03-24,869.71,217.68,5,9
2025-03-25,867.08,217.68,5,9
2025-03-26,874.11,282.18,4,9
2025-03-27,875.27,282.18,4,9
2025-03-28,873.54,282.18,4,0
2025-03-31,879.83,282.18,4,0
2025-04-01,878.33,282.18,4,0
2025-04-02,877.97,282.18,4,0
2025-04-03,876.32,282.18,4,0
2025-04-04,839.09,210.55,5,6
2025-04-07,823.17,422.56,3,9
2025-04-08,811.78,203.71,5,10
2025-04-09,820.68,360.04,4,12
2025-04-10,826.03,205.86,5,9
2025-04-11,833.74,255.52,4,8
2025-04-14,834.33,208.61,5,8
2025-04-15,831.18,208.61,5,5
2025-04-16,828.77,208.61,5,2
2025-04-17,799.19,208.61,5,0
2025-04-21,792.58,326.1,4,0
2025-04-22,799.45,326.1,4,0
2025-04-23,790.64,198.18,5,0
2025-04-24,793.35,198.18,5,0
2025-04-25,799.01,198.18,5,0
2025-04-28,794.39,198.18,5,0
2025-04-29,799.37,198.18,5,0
2025-04-30,802.43,198.18,5,0
2025-05-01,798.25,198.18,5,0
2025-05-02,800.09,198.18,5,1
2025-05-05,799.36,198.18,5,2
2025-05-06,800.58,198.18,5,2
2025-05-07,802.7,198.18,5,4
2025-05-08,799.91,198.18,5,5
2025-05-09,800.4,198.18,5,6
2025-05-12,786.92,198.18,5,7
2025-05-13,778.59,198.18,5,7
2025-05-14,770.83,239.15,4,10
2025-05-15,782.99,196.19,5,11
2025-05-16,790.08,196.19,5,12
2025-05-19,792.32,196.19,5,17
2025-05-20,792.56,196.19,5,11
2025-05-21,792.37,196.19,5,9
2025-05-22,790.23,196.19,5,14
2025-05-23,794.19,196.19,5,12
2025-05-27,798.52,196.19,5,14
2025-05-28,795.12,196.19,5,8
2025-05-29,797.52,196.19,5,7
2025-05-30,802.08,196.19,5,7
2025-06-02,802.56,196.19,5,19
2025-06-03,795.07,196.19,5,16
2025-06-04,791.39,196.19,5,15
2025-06-05,786.79,196.19,5,14
2025-06-06,788.31,196.19,5,5
2025-06-09,788.02,196.19,5,8
2025-06-10,787.64,196.19,5,8
2025-06-11,783.7,196.19,5,7
2025-06-12,789.31,196.19,5,6
2025-06-13,786.47,196.19,5,4
2025-06-16,782.41,258.99,4,8
2025-06-17,782.99,196.2,5,8
2025-06-18,781.56,196.2,5,8
2025-06-20,781.48,196.2,5,11
2025-06-23,783.77,196.2,5,23
2025-06-24,784.21,196.2,5,22
2025-06-25,783.13,220.41,5,23
2025-06-26,783.5,220.41,5,24
2025-06-27,785.99,220.41,5,13
2025-06-30,794.0,220.41,5,31
2025-07-01,795.8,220.41,5,29
2025-07-02,799.47,220.41,5,35
2025-07-03,802.81,220.41,5,35
2025-07-07,807.59,220.41,5,19
2025-07-08,800.19,220.41,5,11
2025-07-09,799.66,220.41,5,11
2025-07-10,798.85,220.41,5,11
2025-07-11,796.82,220.41,5,11
2025-07-14,798.08,220.41,5,11
2025-07-15,797.77,220.41,5,5
2025-07-16,801.63,220.41,5,5
2025-07-17,802.68,220.41,5,11
2025-07-18,797.16,255.87,5,18
2025-07-21,795.77,255.87,5,23
2025-07-22,784.55,255.87,5,19
2025-07-23,786.95,367.87,4,14
2025-07-24,789.2,210.36,5,10
2025-07-25,792.07,210.36,5,6
2025-07-28,789.52,210.36,5,8
2025-07-29,789.52,371.2,4,8
2025-07-30,790.86,213.1,5,7
2025-07-31,785.15,213.1,5,9
2025-08-01,779.85,213.1,5,19
2025-08-04,790.86,213.1,5,28
2025-08-05,787.25,213.1,5,26
2025-08-06,777.12,213.1,5,28
2025-08-07,776.93,213.1,5,19
2025-08-08,778.98,213.1,5,14
2025-08-11,781.0,213.1,5,16
2025-08-12,781.85,213.1,5,9
2025-08-13,781.34,213.1,5,6
2025-08-14,781.36,213.1,5,3
2025-08-15,782.44,213.1,5,2
2025-08-18,782.13,213.1,5,4
2025-08-19,778.63,213.1,5,5
2025-08-20,777.99,359.8,4,6
2025-08-21,772.24,234.04,4,5
2025-08-22,774.45,234.04,4,3
2025-08-25,769.98,192.83,5,3
2025-08-26,770.85,192.83,5,0
2025-08-27,770.85,192.83,5,3
2025-08-28,769.68,192.83,5,3
2025-08-29,767.66,192.83,5,5
2025-09-02,765.51,224.4,4,6
2025-09-03,767.78,192.05,5,4
2025-09-04,770.58,192.05,5,3
2025-09-05,766.46,192.05,5,4
2025-09-08,766.99,192.05,5,8
2025-09-09,764.93,192.05,5,8
2025-09-10,761.59,192.05,5,11
2025-09-11,770.28,192.05,5,15
2025-09-12,764.34,192.05,5,17
2025-09-15,763.99,192.05,5,21
2025-09-16,762.7,368.93,4,18
2025-09-17,756.18,216.85,5,13
2025-09-18,757.91,216.85,5,11
2025-09-19,763.19,216.85,5,9
2025-09-22,770.74,216.85,5,35
2025-09-23,762.09,216.85,5,33
2025-09-24,758.67,216.85,5,30
2025-09-25,747.88,216.85,5,28
2025-09-26,751.53,359.43,4,4
2025-09-29,750.98,359.43,4,4
2025-09-30,760.11,207.48,5,3
2025-10-01,775.58,207.48,5,4
2025-10-02,770.5,207.48,5,9
2025-10-03,776.67,207.48,5,10
2025-10-06,781.28,207.48,5,13
2025-10-07,779.56,207.48,5,15
2025-10-08,776.27,207.48,5,9
2025-10-09,772.56,207.48,5,11
2025-10-10,772.82,207.48,5,8
2025-10-13,775.73,207.48,5,11
2025-10-14,782.54,207.48,5,7
2025-10-15,785.67,207.48,5,7
2025-10-16,782.81,207.48,5,10
2025-10-17,783.94,207.48,5,9
2025-10-20,786.1,207.48,5,12
2025-10-21,789.35,207.48,5,8
2025-10-22,788.74,299.53,5,9
2025-10-23,787.37,299.53,5,9
2025-10-24,787.95,299.53,5,7
2025-10-27,788.69,299.53,5,8
2025-10-28,784.77,317.19,5,7
2025-10-29,781.74,317.19,5,11
2025-10-30,784.71,317.19,5,17
2025-10-31,782.73,317.19,5,22
2025-11-03,781.22,317.19,5,31
2025-11-04,781.29,317.19,5,30
2025-11-05,782.5,317.19,5,26
2025-11-06,779.78,462.3,4,22
2025-11-07,786.3,305.98,5,14
2025-11-10,797.67,305.98,5,15
2025-11-11,797.29,305.98,5,5
2025-11-12,792.91,305.98,5,4
2025-11-13,784.8,305.98,5,5
2025-11-14,783.36,305.98,5,7
2025-11-17,776.19,305.98,5,9
2025-11-18,775.0,305.98,5,8
2025-11-19,775.0,454.09,4,10
2025-11-20,776.06,298.81,5,8
2025-11-21,784.77,298.81,5,9
2025-11-24,785.33,298.81,5,13
2025-11-25,793.98,298.81,5,15
2025-11-26,794.87,298.81,5,15
2025-11-28,792.88,298.81,5,13
2025-12-01,788.92,298.81,5,9
2025-12-02,786.91,298.81,5,1
2025-12-03,787.93,298.81,5,1
2025-12-04,785.38,298.81,5,4
2025-12-05,787.97,298.81,5,4
2025-12-08,786.97,298.81,5,4
2025-12-09,785.12,298.81,5,5
2025-12-10,795.02,298.81,5,2
2025-12-11,798.41,298.81,5,3
2025-12-12,798.24,298.81,5,5
2025-12-15,801.14,298.81,5,8
2025-12-16,794.3,298.81,5,8
2025-12-17,793.31,298.81,5,9
2025-12-18,791.5,298.81,5,8
2025-12-19,791.3,298.81,5,8
2025-12-22,796.24,298.81,5,32
2025-12-23,795.08,298.81,5,30
2025-12-24,798.12,298.81,5,30
2025-12-26,797.81,298.81,5,27
2025-12-29,797.5,298.81,5,3
2025-12-30,795.16,298.81,5,0
2025-12-31,792.18,298.81,5,0
2026-01-02,796.04,298.81,5,0
2026-01-05,797.12,298.81,5,2
2026-01-06,799.6,298.81,5,13
2026-01-07,801.64,298.81,5,23
2026-01-08,803.98,298.81,5,27
2026-01-09,805.07,298.81,5,30
2026-01-12,808.24,298.81,5,33
2026-01-13,811.28,298.81,5,15
2026-01-14,814.44,298.81,5,13
2026-01-15,817.04,298.81,5,15
2026-01-16,816.57,298.81,5,17
2026-01-20,813.71,298.81,5,27
2026-01-21,817.54,298.81,5,21
2026-01-22,816.19,298.81,5,24
2026-01-23,813.96,298.81,5,19
2026-01-26,811.77,298.81,5,24
2026-01-27,811.46,298.81,5,21
2026-01-28,810.92,298.81,5,18
2026-01-29,807.74,298.81,5,16
2026-01-30,807.41,298.81,5,23
2026-02-02,811.86,298.81,5,25
2026-02-03,813.68,298.81,5,21
2026-02-04,815.13,393.61,4,28
2026-02-05,810.03,229.93,5,28
2026-02-06,812.23,320.58,5,31
2026-02-09,804.87,320.58,5,33
2026-02-10,799.15,466.93,4,20
2026-02-11,795.41,307.62,5,8
2026-02-12,798.5,307.62,5,4
2026-02-13,797.35,327.94,4,9
2026-02-17,798.56,200.7,5,11
2026-02-18,796.12,200.7,5,10
2026-02-19,793.18,200.7,5,4
2026-02-20,790.85,319.89,4,4
2026-02-23,788.47,319.89,4,4
2026-02-24,789.83,319.89,4,3
2026-02-25,789.43,319.89,4,2
2026-02-26,795.17,198.48,5,0
2026-02-27,796.92,198.48,5,1
2026-03-02,792.23,287.9,5,4
2026-03-03,785.48,429.29,4,7
2026-03-04,782.36,272.39,5,7
2026-03-05,779.19,272.39,5,7
2026-03-06,778.02,272.39,5,7
2026-03-09,779.38,272.39,5,7
2026-03-10,774.6,272.39,5,6
2026-03-11,775.96,272.39,5,5
2026-03-12,780.91,272.39,5,2
2026-03-13,782.63,272.39,5,7
2026-03-16,784.21,272.39,5,7
2026-03-17,784.04,272.39,5,5
2026-03-18,780.89,272.39,5,5
2026-03-19,786.2,272.39,5,0
2026-03-20,784.43,272.39,5,0
2026-03-23,785.19,314.08,4,4
2026-03-24,787.54,314.08,4,4
2026-03-25,786.07,314.08,4,4
2026-03-26,790.68,431.03,3,4
2026-03-27,790.5,431.03,3,0
2026-03-30,790.45,431.03,3,0
2026-03-31,792.22,431.03,3,0
2026-04-01,785.44,273.31,4,0
2026-04-02,788.21,273.31,4,0
2026-04-06,790.33,273.31,4,0
2026-04-07,788.38,273.31,4,0
2026-04-08,777.49,273.31,4,0
2026-04-09,776.3,424.73,3,0
2026-04-10,772.04,424.73,3,0
2026-04-13,772.0,424.73,3,0
2026-04-14,766.9,424.73,3,0
2026-04-15,764.33,581.7,2,0
2026-04-16,761.18,581.7,2,0
2026-04-17,760.62,277.07,4,0
2026-04-20,752.27,188.24,5,1
2026-04-21,753.67,188.24,5,1
2026-04-22,766.17,332.82,4,3
2026-04-23,763.3,332.82,4,3
2026-04-24,778.87,195.69,5,2
2026-04-27,772.45,287.9,5,3
2026-04-28,769.04,287.9,5,2
2026-04-29,766.67,368.23,4,4
2026-04-30,772.15,212.65,5,5
2026-05-01,773.31,212.65,5,14
2026-05-04,765.93,212.65,5,17
2026-05-05,772.25,212.65,5,15
2026-05-06,789.55,212.65,5,17
2026-05-07,779.65,212.65,5,12
2026-05-08,791.2,427.78,3,16
2026-05-11,792.18,197.81,5,17
2026-05-12,787.09,197.81,5,14
2026-05-13,795.42,197.81,5,10
2026-05-14,795.55,279.9,4,4
2026-05-15,787.51,198.15,5,5
2026-05-18,787.02,198.15,5,7
2026-05-19,786.23,239.53,5,7
2026-05-20,792.47,385.39,4,9
2026-05-21,794.53,225.47,5,9
2026-05-22,799.35,225.47,5,9
2026-05-26,808.29,450.25,3,9
2026-05-27,803.15,450.25,3,2
2026-05-28,813.56,450.25,3,0
2026-05-29,843.72,210.95,5,2
2026-06-01,874.06,310.15,5,14
2026-06-02,858.98,414.3,4,19
2026-06-03,841.89,244.35,5,20
2026-06-04,834.57,411.45,4,19
2026-06-05,793.56,251.33,5,8
2026-06-08,794.11,598.06,2,10
2026-06-09,789.72,642.59,1,4
2026-06-10,787.23,787.23,0,3
2026-06-11,785.51,629.78,1,2
2026-06-12,785.92,629.78,1,0
2026-06-15,785.83,629.78,1,0
2026-06-16,787.68,471.95,2,0
2026-06-17,797.17,199.73,4,0
2026-06-18,806.66,199.73,4,2
2026-06-22,792.86,199.73,4,19
2026-06-23,790.53,199.73,4,21
2026-06-24,793.83,198.23,4,19
2026-06-25,793.23,198.23,4,2
2026-06-26,809.36,198.23,4,2
2026-06-29,812.64,203.36,5,14
2026-06-30,812.52,203.36,5,12
2026-07-01,814.62,203.36,5,12
2026-07-02,823.99,203.36,5,12
2026-07-06,823.68,203.36,5,0
2026-07-07,817.24,300.74,4,0
2026-07-08,802.15,200.3,5,0
2026-07-09,809.92,200.3,5,0
2026-07-10,798.6,200.3,5,0
2026-07-13,796.77,291.11,4,0
2026-07-14,801.76,291.11,4,0
2026-07-15,804.45,201.32,5,1
2026-07-16,800.66,201.32,5,2
2026-07-17,798.49,201.32,5,4
2026-07-20,794.54,283.24,4,4
2026-07-21,808.03,201.96,5,3
2026-07-22,805.89,201.96,5,2
2026-07-23,799.89,201.96,5,1
2026-07-24,804.52,201.96,5,6
2026-07-27,811.92,201.96,5,6
2026-07-28,811.77,201.96,5,8
2026-07-29,806.48,274.44,4,13
2026-07-30,809.46,202.7,5,12
2026-07-31,808.94,202.7,5,17
2026-08-03,814.33,202.7,5,20
2026-08-04,830.89,202.7,5,16
2026-08-05,827.86,202.7,5,19
2026-08-06,826.17,202.7,5,19
2026-08-07,842.79,202.7,5,19
2026-08-10,846.57,202.7,5,21
2026-08-11,845.91,202.7,5,12
2026-08-12,848.38,202.7,5,8
2026-08-13,857.98,202.7,5,5
2026-08-14,856.09,263.01,5,4
2026-08-17,848.24,263.01,5,4
2026-08-18,849.06,263.01,5,2
2026-08-19,849.26,263.01,5,3
2026-08-20,845.91,315.84,4,8
2026-08-21,847.66,211.6,5,9
2026-08-24,848.96,211.6,5,14
2026-08-25,854.52,211.6,5,13
2026-08-26,850.69,211.6,5,10
2026-08-27,851.88,211.6,5,9
2026-08-28,850.1,254.83,5,7
2026-08-31,846.99,254.83,5,10
2026-09-01,843.37,254.83,5,12
