symbol,strategy,trigger,confluence,signal_date,entry_date,entry_price,exit_date,exit_price,exit_reason,original_shares,remaining_shares,scaled_out,scale_out_date,scale_out_price,scale_out_shares,scale_out_proceeds,exit_proceeds,commission_paid,entry_commission,total_invested,total_returned,holding_days,stop_loss,take_profit,stdev_20,stdev_fallback,rsi_at_entry,vol_at_entry,from_queue,pnl,pnl_pct,pnl_before_commission,win,win_before_commission,mfe_pct,mae_pct,peak_price,peak_date,trough_price,trough_date,mfe_before_first_tier_pct,mfe_after_first_tier_pct,price_giveback_pct,economic_giveback_pct,trail_activated,trail_activation_date,highest_trailing_stop,tiers_hit,time_stop_bound,exit_policy_version
VALE,mean_reversion,oversold+volume,2,2021-10-21,2021-10-22,8.841288,2021-11-01,8.394972,stop_loss,16.85274766,16.85274766,False,,0.0,0.0,0.0,140.478351,2.0,1.0,150.0,140.478351,10,8.457576,9.725417,0.0217,False,21.1,2.1,False,-9.521649,-6.347766,-7.521649,0,0,3.7826,-4.9531,9.175719,2021-10-25,8.403375,2021-10-29,3.7826,,8.8307,10.1304,False,,8.457576,0,False,exit_policy_v1
VALE,mean_reversion,oversold+volume,2,2021-11-02,2021-11-03,8.134249,2021-11-08,7.735509,stop_loss,18.31760968,18.31760968,False,,0.0,0.0,0.0,140.696027,2.0,1.0,150.0,140.696027,5,7.760074,8.947674,0.023,False,22.7,1.7,False,-9.303973,-6.202649,-7.303973,0,0,0.0,-5.7806,8.134249,,7.664037,2021-11-05,0.0,,4.902,6.2026,False,,7.760074,0,False,exit_policy_v1
FVRR,mean_reversion,oversold+volume,2,2021-11-08,2021-11-09,163.363197,2021-11-19,166.653187,trailing_stop,0.91207814,0.45603907,True,2021-11-12,185.234578,0.45603907,83.474204,75.000364,3.0,1.0,150.0,158.474568,10,155.717799,179.699517,0.0234,False,29.8,1.66,False,8.474568,5.649712,11.474568,1,1,17.805,0.0,192.449997,2021-11-12,163.363197,,11.5061,17.805,10.1039,12.1553,True,2021-11-10,173.204997,1,False,exit_policy_v1
DASH,mean_reversion,oversold+volume,2,2021-10-27,2021-10-28,198.127923,2021-11-22,217.732047,trailing_stop,0.75203938,0.37601969,True,2021-11-12,227.642125,0.37601969,84.597921,80.871537,3.0,1.0,150.0,165.469458,25,188.063024,217.940715,0.0254,False,27.4,3.48,False,15.469458,10.312972,18.469458,1,1,24.1471,-3.0879,245.970001,2021-11-12,192.009995,2021-11-09,14.7844,24.1471,11.7515,13.8341,True,2021-11-10,221.373001,1,False,exit_policy_v1
PKX,mean_reversion,oversold+volume,2,2021-11-10,2021-11-11,52.625615,2021-11-29,50.049335,stop_loss,2.83132082,2.83132082,False,,0.0,0.0,0.0,140.705726,2.0,1.0,150.0,140.705726,18,50.815294,57.888177,0.0172,False,16.1,2.4,False,-9.294274,-6.196183,-7.294274,0,0,3.1699,-4.8003,54.293808,2021-11-12,50.099434,2021-11-26,3.1699,,8.0654,9.3661,False,,50.815294,0,False,exit_policy_v1
TOST,mean_reversion,oversold+volume,2,2021-11-23,2021-11-24,40.740701,2021-12-02,35.973988,trailing_stop,3.65727632,3.65727632,False,,0.0,0.0,0.0,130.566815,2.0,1.0,150.0,130.566815,8,35.656261,44.814771,0.0624,False,28.8,1.68,False,-19.433185,-12.955456,-17.433185,0,0,7.2147,-13.3299,43.68,2021-11-29,35.310001,2021-12-01,7.2147,,18.9148,20.1701,True,2021-11-26,39.312,0,False,exit_policy_v1
ZM,mean_reversion,oversold+volume,2,2021-11-23,2021-11-24,204.1009,2021-12-02,195.244562,trailing_stop,0.73003108,0.73003108,False,,0.0,0.0,0.0,141.534598,2.0,1.0,150.0,141.534598,8,188.18103,224.51099,0.039,False,26.7,5.8,False,-8.465402,-5.643601,-6.465402,0,0,7.8927,-3.1312,220.210007,2021-11-26,197.710007,2021-12-01,7.8927,,12.2319,13.5363,True,2021-11-26,198.189006,0,False,exit_policy_v1
DKNG,mean_reversion,oversold+sma_support,2,2021-12-01,2021-12-02,31.082052,2021-12-06,28.126846,stop_loss,4.79376336,4.79376336,False,,0.0,0.0,0.0,133.833442,2.0,1.0,150.0,133.833442,4,29.310375,34.190257,0.0285,False,17.6,1.25,False,-16.166558,-10.777705,-14.166558,0,0,0.0,-8.7255,31.082052,,28.370001,2021-12-03,0.0,,9.5078,10.7777,False,,29.310375,0,False,exit_policy_v1
DUOL,mean_reversion,oversold+volume,2,2021-11-30,2021-12-01,112.732623,2021-12-07,105.46443,stop_loss,1.32171147,1.32171147,False,,0.0,0.0,0.0,138.393546,2.0,1.0,150.0,138.393546,6,102.992524,124.005885,0.0432,False,27.3,1.72,False,-11.606454,-7.737636,-9.606454,0,0,0.0,-9.9019,112.732623,,101.57,2021-12-06,0.0,,6.4473,7.7376,False,,102.992524,0,False,exit_policy_v1
TOST,mean_reversion,oversold+sma_support,2,2021-12-02,2021-12-03,36.226189,2021-12-14,33.14682,trailing_stop,4.11304655,2.05652327,True,2021-12-09,40.079879,2.05652327,81.425204,67.167207,3.0,1.0,150.0,148.592411,11,32.212327,39.848807,0.0554,False,24.8,1.41,False,-1.407589,-0.938393,1.592411,0,1,11.4663,-4.765,40.380001,2021-12-08,34.5,2021-12-13,11.4663,10.6379,10.3976,12.4047,True,2021-12-06,36.342001,1,False,exit_policy_v1
DKNG,mean_reversion,oversold+sma_support,2,2021-12-07,2021-12-08,31.44141,2021-12-14,28.096875,stop_loss,4.73897324,4.73897324,False,,0.0,0.0,0.0,132.150339,2.0,1.0,150.0,132.150339,6,28.938674,34.585551,0.0398,False,25.2,1.19,False,-17.849661,-11.899774,-15.849661,0,0,0.0273,-8.242,31.450001,2021-12-09,28.85,2021-12-13,0.0273,,10.6647,11.9271,False,,28.938674,0,False,exit_policy_v1
BILL,mean_reversion,oversold+sma_support,2,2021-12-06,2021-12-07,243.543303,2021-12-17,228.431344,trailing_stop,0.61180085,0.61180085,False,,0.0,0.0,0.0,138.75449,2.0,1.0,150.0,138.75449,10,226.397855,267.897633,0.0352,False,27.2,1.32,False,-11.24551,-7.497006,-9.24551,0,0,8.5926,-4.3332,264.470001,2021-12-08,232.990005,2021-12-16,8.5926,,14.7976,16.0896,True,2021-12-08,238.023001,0,False,exit_policy_v1
VEEV,mean_reversion,oversold+volume+sma_support,3,2021-12-02,2021-12-03,262.221951,2021-12-21,253.486265,stop_loss,0.56822093,0.56822093,False,,0.0,0.0,0.0,143.0362,2.0,1.0,150.0,143.0362,18,252.467295,288.444147,0.0186,False,22.1,4.14,False,-6.9638,-4.642533,-4.9638,0,0,4.0416,-4.3863,272.820007,2021-12-08,250.720001,2021-12-20,4.0416,,7.373,8.6842,False,,252.467295,0,False,exit_policy_v1
FUN,momentum_breakout,breakout,3,2021-12-15,2021-12-16,46.34012,2022-01-13,44.359486,stop_loss,3.21535637,3.21535637,False,,0.0,0.0,0.0,141.631557,2.0,1.0,150.0,141.631557,28,44.755288,54.681342,0.0171,False,57.7,1.54,False,-8.368443,-5.578962,-6.368443,0,0,4.1008,-4.1171,48.240456,2021-12-22,44.432243,2022-01-12,4.1008,,8.375,9.6798,False,,44.755288,0,False,exit_policy_v1
NUE,momentum_breakout,breakout,3,2021-12-17,2021-12-20,107.79507,2022-01-19,101.466298,trailing_stop,1.38225245,1.38225245,False,,0.0,0.0,0.0,139.25204,2.0,1.0,150.0,139.25204,30,100.270974,127.198183,0.0349,False,56.3,1.85,False,-10.74796,-7.165307,-8.74796,0,0,6.572,-7.34,114.879356,2022-01-05,99.882866,2022-01-18,6.572,,12.4431,13.7373,True,2022-01-05,103.391421,0,False,exit_policy_v1
VALE,mean_reversion,oversold+volume,2,2021-11-18,2021-11-19,7.605623,2022-01-20,10.795419,mean_reversion_complete,19.59076967,9.79538484,True,2021-11-26,8.045457,9.79538484,77.808346,104.745288,3.0,1.0,150.0,182.553634,62,7.181229,8.366185,0.0279,False,26.7,1.53,False,32.553634,21.702422,35.553634,1,1,40.433,0.0,10.680801,2022-01-19,7.605623,,10.3154,40.433,16.5715,18.7305,True,2021-11-22,9.612721,1,False,exit_policy_v1
DAL,momentum_breakout,breakout,3,2022-01-13,2022-01-14,39.412041,2022-01-20,37.655423,stop_loss,3.78057049,3.78057049,False,,0.0,0.0,0.0,141.35898,2.0,1.0,150.0,141.35898,6,37.796147,46.506209,0.0205,False,60.7,1.82,False,-8.64102,-5.76068,-6.64102,0,0,0.0,-4.9247,39.412041,,37.471115,2022-01-19,0.0,,4.4571,5.7607,False,,37.796147,0,False,exit_policy_v1
CMC,momentum_breakout,breakout,3,2021-12-15,2021-12-16,31.580701,2022-01-24,31.046041,trailing_stop,4.71807139,4.71807139,False,,0.0,0.0,0.0,145.47744,2.0,1.0,150.0,145.47744,39,30.229047,37.265227,0.0214,False,51.2,1.59,False,-4.52256,-3.01504,-2.52256,0,0,12.6773,-1.2588,35.584267,2022-01-14,31.183161,2021-12-20,12.6773,,14.3702,15.6923,True,2021-12-28,32.02584,0,False,exit_policy_v1
RS,momentum_breakout,breakout,3,2021-12-21,2021-12-22,144.642521,2022-01-24,137.182191,trailing_stop,1.03012585,1.03012585,False,,0.0,0.0,0.0,140.314921,2.0,1.0,150.0,140.314921,33,139.05932,170.678175,0.0193,False,55.4,2.13,True,-9.685079,-6.456719,-7.685079,0,0,7.5433,-3.2803,155.553329,2022-01-12,139.897858,2022-01-21,7.5433,,12.7011,14.0,True,2022-01-05,139.997997,0,False,exit_policy_v1
IOT,mean_reversion,oversold+volume,2,2022-01-19,2022-01-20,20.580559,2022-01-25,17.32266,stop_loss,7.23984206,7.23984206,False,,0.0,0.0,0.0,124.413324,2.0,1.0,150.0,124.413324,5,18.522504,22.638615,0.05,False,29.1,2.19,False,-25.586676,-17.057784,-23.586676,0,0,0.0,-14.3852,20.580559,,17.620001,2022-01-24,0.0,,15.83,17.0578,False,,18.522504,0,False,exit_policy_v1
ATI,momentum_breakout,breakout,3,2022-01-20,2022-01-21,20.09007,2022-01-26,19.370609,stop_loss,7.41659946,7.41659946,False,,0.0,0.0,0.0,142.664051,2.0,1.0,150.0,142.664051,5,19.354773,23.706282,0.0183,False,81.3,2.05,False,-7.335949,-4.890633,-5.335949,0,0,0.0,-4.3308,20.09007,,19.219999,2022-01-25,0.0,,3.5812,4.8906,False,,19.354773,0,False,exit_policy_v1
TECK,momentum_breakout,breakout,3,2022-01-20,2022-01-21,30.967916,2022-01-31,28.586916,stop_loss,4.81143122,4.81143122,False,,0.0,0.0,0.0,136.543982,2.0,1.0,150.0,136.543982,10,29.66107,36.542141,0.0211,False,71.7,1.68,False,-13.456018,-8.970679,-11.456018,0,0,0.0,-7.173,30.967916,,28.74658,2022-01-28,0.0,,7.6886,8.9707,False,,29.66107,0,False,exit_policy_v1
BROS,momentum_breakout,breakout,3,2022-02-07,2022-02-08,56.866811,2022-02-14,51.4485,trailing_stop,2.62015746,2.62015746,False,,0.0,0.0,0.0,133.803171,2.0,1.0,150.0,133.803171,6,50.577342,67.102837,0.0553,False,60.8,1.68,False,-16.196829,-10.797886,-14.196829,0,0,3.1181,-8.9275,58.639999,2022-02-09,51.790001,2022-02-11,3.1181,,12.6462,13.916,True,2022-02-09,52.775999,0,False,exit_policy_v1
CPA,momentum_breakout,breakout,3,2022-02-14,2022-02-15,75.486813,2022-02-25,71.47133,trailing_stop,1.97385469,1.97385469,False,,0.0,0.0,0.0,140.07402,2.0,1.0,150.0,140.07402,10,71.229357,89.07444,0.0282,False,60.2,2.07,False,-9.92598,-6.61732,-7.92598,0,0,5.318,-5.9521,79.501198,2022-02-16,70.993744,2022-02-24,5.318,,10.6374,11.9353,True,2022-02-16,71.551078,0,False,exit_policy_v1
TXRH,momentum_breakout,breakout,3,2022-02-25,2022-02-28,85.836465,2022-03-04,77.333371,stop_loss,1.73585899,1.73585899,False,,0.0,0.0,0.0,133.239828,2.0,1.0,150.0,133.239828,4,82.454509,101.287029,0.0197,False,57.1,1.8,False,-16.760172,-11.173448,-14.760172,0,0,0.0,-8.7352,85.836465,,78.33847,2022-03-03,0.0,,9.9062,11.1734,False,,82.454509,0,False,exit_policy_v1
FUN,momentum_breakout,breakout,3,2022-01-31,2022-02-01,47.295485,2022-03-07,51.826691,trailing_stop,3.15040643,1.57520321,True,2022-02-08,56.405177,1.57520321,87.849617,80.63757,3.0,1.0,150.0,168.487186,34,45.517175,55.808672,0.0188,False,55.1,1.71,False,18.487186,12.324791,21.487186,1,1,23.1768,0.0,58.25708,2022-02-11,47.295485,,19.2208,23.1768,8.7559,10.852,True,2022-02-02,52.431372,1,False,exit_policy_v1
CLF,momentum_breakout,breakout,3,2022-03-04,2022-03-07,26.026,2022-03-09,23.82615,stop_loss,5.72504419,5.72504419,False,,0.0,0.0,0.0,135.405764,2.0,1.0,150.0,135.405764,2,23.709686,30.71068,0.0445,False,69.8,1.91,False,-14.594236,-9.729491,-12.594236,0,0,0.0,-9.0141,26.026,,23.68,2022-03-08,0.0,,8.4525,9.7295,False,,23.709686,0,False,exit_policy_v1
VALE,momentum_breakout,breakout,3,2022-01-24,2022-01-25,10.202501,2022-03-15,11.828197,trailing_stop,14.60426202,7.30213101,True,2022-03-01,12.239642,7.30213101,88.375472,85.371043,3.0,1.0,150.0,173.746515,49,9.682174,12.038951,0.0255,False,58.0,1.61,False,23.746515,15.83101,26.746515,1,1,33.2864,-1.7822,13.598549,2022-03-07,10.020677,2022-01-31,19.6343,33.2864,15.3357,17.4554,True,2022-02-02,12.238694,1,False,exit_policy_v1
BHP,momentum_breakout,breakout,3,2022-03-09,2022-03-10,49.25033,2022-03-15,45.000817,stop_loss,3.02536042,3.02536042,False,,0.0,0.0,0.0,135.14369,2.0,1.0,150.0,135.14369,5,46.945415,58.11539,0.0234,False,59.3,1.52,False,-14.85631,-9.904206,-12.85631,0,0,0.0,-6.349,49.25033,,46.123417,2022-03-14,0.0,,8.6284,9.9042,False,,46.945415,0,False,exit_policy_v1
AR,momentum_breakout,breakout,3,2022-02-02,2022-02-03,20.84082,2022-04-26,32.767199,trailing_stop,7.14943089,3.57471544,True,2022-03-07,25.514461,3.57471544,90.206937,116.133413,3.0,1.0,150.0,206.340351,82,19.061014,24.592167,0.0427,False,63.1,1.6,False,56.340351,37.560234,59.340351,1,1,74.6093,-7.3453,36.389999,2022-04-20,19.309999,2022-02-09,21.9722,74.6093,34.7835,37.049,True,2022-02-18,32.750999,1,False,exit_policy_v1
ATI,momentum_breakout,breakout,3,2022-02-03,2022-02-04,22.412389,2022-04-27,27.63234,trailing_stop,6.64810866,3.32405433,True,2022-03-03,26.54343,3.32405433,87.231802,90.851399,3.0,1.0,150.0,178.083201,82,20.480441,26.446619,0.0431,False,73.5,1.61,False,28.083201,18.722134,31.083201,1,1,35.3269,0.0,30.33,2022-04-14,22.412389,,18.1936,35.3269,14.4657,16.6048,True,2022-02-07,27.297,1,False,exit_policy_v1
CMC,momentum_breakout,breakout,3,2022-03-07,2022-03-08,36.134159,2022-04-27,37.860401,trailing_stop,4.12352204,2.06176102,True,2022-04-21,43.76133,2.06176102,89.225405,77.059099,3.0,1.0,150.0,166.284504,50,34.327451,42.638307,0.025,False,63.8,1.63,False,16.284504,10.856336,19.284504,1,1,20.6799,0.0,43.606663,2022-04-20,36.134159,,20.6799,21.1079,7.7373,9.8236,True,2022-03-10,39.245996,1,False,exit_policy_v1
STLD,momentum_breakout,breakout,3,2022-03-18,2022-03-21,80.094587,2022-05-03,78.373115,trailing_stop,1.86030049,1.86030049,False,,0.0,0.0,0.0,144.797545,2.0,1.0,150.0,144.797545,43,74.471947,94.511613,0.0351,False,71.9,2.4,False,-5.202455,-3.468303,-3.202455,0,0,9.3217,-3.6576,87.56076,2022-04-21,77.165016,2022-04-06,9.3217,,11.471,12.79,True,2022-03-24,78.804684,0,False,exit_policy_v1
CNX,momentum_breakout,breakout,3,2022-03-18,2022-03-21,19.159139,2022-05-03,20.089891,trailing_stop,7.77696727,3.88848364,True,2022-04-19,22.38759,3.88848364,86.053777,77.119211,3.0,1.0,150.0,163.172988,43,18.362119,22.607784,0.0208,False,66.5,1.81,False,13.172988,8.781992,16.172988,1,1,18.0638,-1.2482,22.620001,2022-04-18,18.92,2022-03-22,18.0638,17.8028,7.2094,9.2818,True,2022-03-25,20.358001,1,False,exit_policy_v1
CHEF,momentum_breakout,breakout,3,2022-04-26,2022-04-27,38.038,2022-05-06,35.69427,stop_loss,3.9171355,3.9171355,False,,0.0,0.0,0.0,138.81929,2.0,1.0,150.0,138.81929,9,36.531695,44.88484,0.0198,False,69.9,1.71,False,-11.18071,-7.453807,-9.18071,0,0,1.6089,-4.9897,38.650002,2022-05-03,36.139999,2022-05-05,1.6089,,7.7705,9.0627,False,,36.531695,0,False,exit_policy_v1
CLF,mean_reversion,oversold+sma_support,2,2022-05-12,2022-05-13,21.721701,2022-06-10,20.019961,trailing_stop,6.85949971,3.42974985,True,2022-05-31,24.275699,3.42974985,82.259576,67.663458,3.0,1.0,150.0,149.923034,28,20.266347,23.893871,0.0335,False,29.9,0.96,False,-0.076966,-0.051311,2.923034,0,1,13.1127,-4.9798,24.57,2022-05-27,20.639999,2022-06-09,13.1127,11.7578,11.1509,13.164,True,2022-05-17,22.113,1,False,exit_policy_v1
STLD,momentum_breakout,breakout,3,2022-05-31,2022-06-01,80.07169,2022-06-10,70.36131,stop_loss,1.86083246,1.86083246,False,,0.0,0.0,0.0,129.930609,2.0,1.0,150.0,129.930609,9,74.594786,94.484594,0.0342,False,57.3,2.33,False,-20.069391,-13.379594,-18.069391,0,0,0.6507,-9.9398,80.592705,2022-06-07,72.112709,2022-06-09,0.6507,,12.7778,14.0303,False,,74.594786,0,False,exit_policy_v1
SMCI,momentum_breakout,breakout,3,2022-05-04,2022-05-05,5.670665,2022-06-14,4.683312,stop_loss,26.27557809,26.27557809,False,,0.0,0.0,0.0,122.056735,2.0,1.0,150.0,122.056735,40,4.694176,6.691385,0.0861,False,72.7,5.58,False,-27.943265,-18.628843,-25.943265,0,0,0.0,-17.3289,5.670665,,4.688,2022-06-13,0.0,,17.4116,18.6288,False,,4.694176,0,False,exit_policy_v1
ARLP,momentum_breakout,breakout,3,2022-05-23,2022-05-24,12.393731,2022-06-14,12.009809,trailing_stop,12.0222075,12.0222075,False,,0.0,0.0,0.0,143.384419,2.0,1.0,150.0,143.384419,21,11.251029,14.624602,0.0461,False,63.6,1.91,False,-6.615581,-4.410387,-4.615581,0,0,6.8214,-5.189,13.239153,2022-06-02,11.750614,2022-06-13,6.8214,,9.9191,11.2318,True,2022-05-25,11.915238,0,False,exit_policy_v1
DVN,momentum_breakout,breakout,3,2022-05-09,2022-05-10,51.992338,2022-06-16,54.958258,trailing_stop,2.86580686,1.43290343,True,2022-05-31,64.119132,1.43290343,90.876524,77.749877,3.0,1.0,150.0,168.626401,37,47.177848,61.350959,0.0463,False,56.9,1.67,False,18.626401,12.417601,21.626401,1,1,22.7555,0.0,63.823471,2022-06-07,51.992338,,19.2321,23.3242,8.2412,10.3379,True,2022-05-11,57.441124,1,False,exit_policy_v1
DUOL,momentum_breakout,breakout,3,2022-06-24,2022-06-27,100.440336,2022-06-29,90.988922,stop_loss,1.48346775,1.48346775,False,,0.0,0.0,0.0,133.979131,2.0,1.0,150.0,133.979131,2,92.304669,118.519597,0.0405,False,61.3,4.55,False,-16.020869,-10.680579,-14.020869,0,0,0.0,-8.931,100.440336,,91.470001,2022-06-28,0.0,,9.41,10.6806,False,,92.304669,0,False,exit_policy_v1
ZM,momentum_breakout,breakout,3,2022-06-24,2022-06-27,122.602483,2022-06-29,112.81707,stop_loss,1.2153098,1.2153098,False,,0.0,0.0,0.0,136.107692,2.0,1.0,150.0,136.107692,2,113.922228,144.67093,0.0354,False,61.3,2.07,False,-13.892308,-9.261539,-11.892308,0,0,0.0,-7.7262,122.602483,,113.129997,2022-06-28,0.0,,7.9814,9.2615,False,,113.922228,0,False,exit_policy_v1
CHEF,momentum_breakout,breakout,3,2022-06-23,2022-06-24,35.995959,2022-07-15,36.683281,trailing_stop,4.13935352,4.13935352,False,,0.0,0.0,0.0,150.845069,2.0,1.0,150.0,150.845069,21,34.124169,42.475232,0.026,False,53.2,1.99,False,0.845069,0.56338,2.845069,1,1,12.7349,0.0,40.580002,2022-06-27,35.995959,,12.7349,,10.8254,12.1715,True,2022-06-27,36.522002,0,False,exit_policy_v1
ARLP,momentum_breakout,breakout,3,2022-07-18,2022-07-19,13.492312,2022-07-25,12.715528,stop_loss,11.04332609,11.04332609,False,,0.0,0.0,0.0,139.421724,2.0,1.0,150.0,139.421724,6,12.623407,15.920928,0.0322,False,63.9,1.65,False,-10.578276,-7.052184,-8.578276,0,0,0.0,-7.0186,13.492312,,12.545342,2022-07-22,0.0,,5.7572,7.0522,False,,12.623407,0,False,exit_policy_v1
DPZ,momentum_breakout,breakout,3,2022-07-20,2022-07-21,387.682305,2022-07-25,374.945116,stop_loss,0.38433531,0.38433531,False,,0.0,0.0,0.0,143.104648,2.0,1.0,150.0,143.104648,4,376.206909,457.46512,0.0148,False,67.1,1.68,False,-6.895352,-4.596901,-4.895352,0,0,0.0,-3.652,387.682305,,373.5242,2022-07-22,0.0,,3.2855,4.5969,False,,376.206909,0,False,exit_policy_v1
WING,momentum_breakout,breakout,3,2022-07-20,2022-07-21,103.463597,2022-07-27,94.283534,stop_loss,1.44012004,1.44012004,False,,0.0,0.0,0.0,134.779607,2.0,1.0,150.0,134.779607,6,94.462264,122.087045,0.0435,False,68.4,1.61,False,-15.220393,-10.146929,-13.220393,0,0,0.0,-10.8265,103.463597,,92.262138,2022-07-26,0.0,,8.8727,10.1469,False,,94.462264,0,False,exit_policy_v1
CROX,momentum_breakout,breakout,3,2022-07-28,2022-07-29,67.067,2022-08-05,67.961969,trailing_stop,2.22165894,2.22165894,False,,0.0,0.0,0.0,149.988315,2.0,1.0,150.0,149.988315,7,60.145686,79.13906,0.0516,False,59.5,1.57,False,-0.011685,-0.00779,1.988315,0,1,15.3772,0.0,77.379997,2022-08-03,67.067,,15.3772,,14.0427,15.3849,True,2022-08-01,69.641998,0,False,exit_policy_v1
CELH,momentum_breakout,breakout,3,2022-07-05,2022-07-06,25.038346,2022-08-10,32.2011,trailing_stop,5.95087239,2.97543619,True,2022-08-01,32.244392,2.97543619,94.941131,94.812319,3.0,1.0,150.0,189.75345,35,21.97866,29.545248,0.0611,False,60.7,2.51,False,39.75345,26.5023,42.75345,1,1,44.3253,-3.7077,36.136665,2022-08-04,24.110001,2022-07-12,18.4317,44.3253,15.6317,17.823,True,2022-07-07,32.522999,1,False,exit_policy_v1
HUBS,momentum_breakout,breakout,3,2022-08-05,2022-08-08,373.172788,2022-08-18,364.824812,trailing_stop,0.39927885,0.39927885,False,,0.0,0.0,0.0,144.66683,2.0,1.0,150.0,144.66683,10,337.945277,440.34389,0.0472,False,61.7,1.65,False,-5.33317,-3.555447,-3.33317,0,0,9.0835,-2.2678,407.070007,2022-08-10,364.709991,2022-08-09,9.0835,,11.3205,12.639,True,2022-08-10,366.363007,0,False,exit_policy_v1
BILL,momentum_breakout,breakout,3,2022-08-10,2022-08-11,164.944779,2022-08-19,174.225594,stop_loss,0.90333263,0.90333263,False,,0.0,0.0,0.0,156.383663,2.0,1.0,150.0,156.383663,8,149.472959,194.634839,0.0469,False,64.0,1.61,False,6.383663,4.255775,8.383663,1,1,0.0,-9.4242,164.944779,,149.399994,2022-08-18,0.0,,0.0,0.0,False,,149.472959,0,False,exit_policy_v1
WING,momentum_breakout,breakout,3,2022-07-27,2022-07-28,109.856522,2022-08-23,117.431084,trailing_stop,1.35631456,0.67815728,True,2022-08-08,132.182857,0.67815728,88.640766,78.636744,3.0,1.0,150.0,167.277511,26,100.936172,129.630696,0.0406,False,58.0,1.52,False,17.277511,11.518341,20.277511,1,1,23.3059,0.0,135.459518,2022-08-10,109.856522,,19.5966,23.3059,9.6968,11.7875,True,2022-07-29,121.913567,1,False,exit_policy_v1
ONON,momentum_breakout,breakout,3,2022-07-28,2022-07-29,21.28126,2022-08-23,21.88809,trailing_stop,7.00146506,7.00146506,False,,0.0,0.0,0.0,152.248696,2.0,1.0,150.0,152.248696,25,19.548966,25.111887,0.0407,False,55.5,1.75,False,2.248696,1.499131,4.248696,1,1,14.9838,0.0,24.469999,2022-08-12,21.28126,,14.9838,,12.1323,13.4847,True,2022-08-01,22.022999,0,False,exit_policy_v1
IOT,momentum_breakout,breakout,3,2022-08-18,2022-08-19,17.077059,2022-08-23,15.51447,stop_loss,8.72515554,8.72515554,False,,0.0,0.0,0.0,134.366162,2.0,1.0,150.0,134.366162,4,15.905573,20.15093,0.0343,False,67.9,1.61,False,-15.633838,-10.422559,-13.633838,0,0,0.0,-8.8251,17.077059,,15.57,2022-08-22,0.0,,9.1502,10.4226,False,,15.905573,0,False,exit_policy_v1
ANF,momentum_breakout,breakout,3,2022-08-24,2022-08-25,16.09608,2022-09-01,14.23575,stop_loss,9.25691229,9.25691229,False,,0.0,0.0,0.0,130.779089,2.0,1.0,150.0,130.779089,7,14.82127,18.993374,0.0396,False,47.6,1.87,False,-19.220911,-12.813941,-17.220911,0,0,0.0,-10.5993,16.09608,,14.39,2022-08-31,0.0,,11.5577,12.8139,False,,14.82127,0,False,exit_policy_v1
BILL,momentum_breakout,breakout,3,2022-08-19,2022-08-22,170.149976,2022-09-02,153.086765,trailing_stop,0.87569804,0.87569804,False,,0.0,0.0,0.0,133.05778,2.0,1.0,150.0,133.05778,11,150.957058,200.776971,0.0564,False,67.0,4.84,False,-16.94222,-11.294813,-14.94222,0,0,4.2081,-11.9189,177.309998,2022-08-25,149.869995,2022-09-01,4.2081,,14.2364,15.5029,True,2022-08-24,159.578998,0,False,exit_policy_v1
AA,momentum_breakout,breakout,3,2022-09-02,2022-09-06,47.569393,2022-09-15,42.608365,trailing_stop,3.13226619,3.13226619,False,,0.0,0.0,0.0,132.460741,2.0,1.0,150.0,132.460741,9,44.077799,56.131883,0.0367,False,52.1,1.59,True,-17.539259,-11.692839,-15.539259,0,0,5.8547,-9.8566,50.354431,2022-09-09,42.880684,2022-09-14,5.8547,,16.2837,17.5475,True,2022-09-09,45.318988,0,False,exit_policy_v1
ARLP,momentum_breakout,breakout,3,2022-08-23,2022-08-24,16.472376,2022-09-19,14.817317,stop_loss,9.04544669,9.04544669,False,,0.0,0.0,0.0,133.029247,2.0,1.0,150.0,133.029247,26,15.632285,19.437404,0.0255,False,72.5,1.88,True,-16.970753,-11.313836,-14.970753,0,0,2.6275,-6.9573,16.905188,2022-08-31,15.326342,2022-09-16,2.6275,,12.675,13.9413,False,,15.632285,0,False,exit_policy_v1
DKNG,momentum_breakout,breakout,3,2022-09-15,2022-09-16,18.708691,2022-09-22,16.49349,stop_loss,7.96421319,7.96421319,False,,0.0,0.0,0.0,130.357672,2.0,1.0,150.0,130.357672,6,17.260638,22.076255,0.0387,False,60.9,1.64,False,-19.642328,-13.094885,-17.642328,0,0,0.0,-10.6298,18.708691,,16.719999,2022-09-21,0.0,,11.8405,13.0949,False,,17.260638,0,False,exit_policy_v1
DECK,momentum_breakout,breakout,3,2022-07-28,2022-07-29,51.569852,2022-09-23,52.75053,trailing_stop,2.88928502,2.88928502,False,,0.0,0.0,0.0,151.411316,2.0,1.0,150.0,151.411316,56,48.290009,60.852425,0.0318,False,56.0,1.7,False,1.411316,0.940877,3.411316,1,1,15.594,-0.6202,59.611668,2022-09-12,51.25,2022-08-02,15.594,,13.3046,14.6531,True,2022-08-10,53.650501,0,False,exit_policy_v1
SHAK,momentum_breakout,breakout,3,2022-09-19,2022-09-20,50.420369,2022-09-23,43.876078,stop_loss,2.95515489,2.95515489,False,,0.0,0.0,0.0,128.660607,2.0,1.0,150.0,128.660607,3,47.122877,59.496035,0.0327,False,52.2,1.62,False,-21.339393,-14.226262,-19.339393,0,0,0.0,-10.9884,50.420369,,44.880001,2022-09-22,0.0,,12.9795,14.2263,False,,47.122877,0,False,exit_policy_v1
VEEV,mean_reversion,oversold+volume+sma_support,3,2022-09-01,2022-09-02,172.462283,2022-09-27,160.319516,trailing_stop,0.86395702,0.86395702,False,,0.0,0.0,0.0,137.509171,2.0,1.0,150.0,137.509171,25,160.493401,189.708512,0.0347,False,28.2,4.27,False,-12.490829,-8.327219,-10.490829,0,0,4.4924,-8.3916,180.210007,2022-09-12,157.990005,2022-09-26,4.4924,,11.5332,12.8196,True,2022-09-09,162.189006,0,False,exit_policy_v1
URBN,momentum_breakout,breakout,3,2022-08-23,2022-08-24,21.70168,2022-09-30,19.260721,trailing_stop,6.8658278,6.8658278,False,,0.0,0.0,0.0,131.240792,2.0,1.0,150.0,131.240792,37,19.88742,25.607983,0.0418,False,54.7,1.76,False,-18.759208,-12.506139,-16.759208,0,0,5.2914,-8.855,22.85,2022-09-12,19.780001,2022-09-29,5.2914,,16.5392,17.7975,True,2022-08-25,20.565,0,False,exit_policy_v1
STLD,momentum_breakout,breakout,3,2022-12-02,2022-12-05,102.29971,2022-12-16,95.037597,stop_loss,1.45650462,1.45650462,False,,0.0,0.0,0.0,137.422699,2.0,1.0,150.0,137.422699,11,97.389324,120.713657,0.024,False,69.4,1.51,False,-12.577301,-8.384867,-10.577301,0,0,2.3195,-5.5227,104.672539,2022-12-13,96.649979,2022-12-15,2.3195,,9.4183,10.7044,False,,97.389324,0,False,exit_policy_v1
IOT,momentum_breakout,breakout,3,2022-12-12,2022-12-13,14.28427,2022-12-20,12.14784,stop_loss,10.43105425,10.43105425,False,,0.0,0.0,0.0,125.714776,2.0,1.0,150.0,125.714776,7,12.633009,16.855439,0.0578,False,64.3,1.73,False,-24.285224,-16.190149,-22.285224,0,0,0.0,-13.4713,14.28427,,12.36,2022-12-19,0.0,,14.9565,16.1901,False,,12.633009,0,False,exit_policy_v1
TXRH,momentum_breakout,breakout,3,2022-10-13,2022-10-14,89.51875,2023-01-03,86.474177,stop_loss,1.66445577,1.66445577,False,,0.0,0.0,0.0,142.932443,2.0,1.0,150.0,142.932443,81,85.436695,105.632125,0.0228,False,59.8,1.51,False,-7.067557,-4.711705,-5.067557,0,0,5.3086,-4.5843,94.27092,2022-11-10,85.41497,2022-12-30,5.3086,,8.7096,10.0203,False,,85.436695,0,False,exit_policy_v1
CMC,momentum_breakout,breakout,3,2023-01-11,2023-01-12,53.85258,2023-01-19,49.789092,stop_loss,2.76681267,2.76681267,False,,0.0,0.0,0.0,136.757092,2.0,1.0,150.0,136.757092,7,51.289197,63.546044,0.0238,False,73.8,1.51,False,-13.242908,-8.828605,-11.242908,0,0,0.0,-6.4955,53.85258,,50.354607,2023-01-18,0.0,,7.5456,8.8286,False,,51.289197,0,False,exit_policy_v1
BHP,momentum_breakout,breakout,3,2023-01-20,2023-01-23,58.378883,2023-02-07,55.541206,stop_loss,2.55229274,2.55229274,False,,0.0,0.0,0.0,140.757418,2.0,1.0,150.0,140.757418,15,56.522435,68.887082,0.0159,False,68.6,1.66,False,-9.242582,-6.161722,-7.242582,0,0,2.9046,-4.6356,60.074566,2023-01-26,55.672695,2023-02-06,2.9046,,7.7654,9.0663,False,,56.522435,0,False,exit_policy_v1
SCCO,momentum_breakout,breakout,3,2023-01-12,2023-01-13,62.447582,2023-02-27,60.140718,stop_loss,2.38600111,2.38600111,False,,0.0,0.0,0.0,142.495819,2.0,1.0,150.0,142.495819,45,60.024616,73.688147,0.0194,False,80.5,1.73,False,-7.504181,-5.002787,-5.504181,0,0,4.0836,-4.1362,64.997704,2023-02-01,59.864605,2023-02-24,4.0836,,7.7777,9.0864,False,,60.024616,0,False,exit_policy_v1
SCCO,momentum_breakout,breakout,3,2023-03-03,2023-03-06,65.294108,2023-03-08,61.55184,stop_loss,2.28198231,2.28198231,False,,0.0,0.0,0.0,139.46021,2.0,1.0,150.0,139.46021,2,62.956579,77.047048,0.0179,False,62.6,1.76,False,-10.53979,-7.026527,-8.53979,0,0,0.0,-6.5513,65.294108,,61.016499,2023-03-07,0.0,,5.7314,7.0265,False,,62.956579,0,False,exit_policy_v1
TPR,momentum_breakout,breakout,3,2023-01-18,2023-01-19,39.3667,2023-03-10,38.322586,trailing_stop,3.78492481,3.78492481,False,,0.0,0.0,0.0,144.048108,2.0,1.0,150.0,144.048108,50,38.154206,46.452706,0.0154,False,76.2,1.51,False,-5.951892,-3.967928,-3.951892,0,0,8.1845,-2.7885,42.588676,2023-02-01,38.268948,2023-03-09,8.1845,,10.8368,12.1525,True,2023-02-01,38.329809,0,False,exit_policy_v1
STLD,momentum_breakout,breakout,3,2023-01-26,2023-01-27,114.440822,2023-03-13,112.234971,trailing_stop,1.30198295,1.30198295,False,,0.0,0.0,0.0,145.128019,2.0,1.0,150.0,145.128019,45,107.36838,135.040171,0.0309,False,67.8,2.25,False,-4.871981,-3.247988,-2.871981,0,0,13.1287,-1.4718,129.465363,2023-03-03,112.756477,2023-02-24,13.1287,,15.0562,16.3766,True,2023-02-02,116.518826,0,False,exit_policy_v1
ALK,mean_reversion,oversold+volume+sma_support,3,2023-03-15,2023-03-16,40.070029,2023-03-27,38.651309,stop_loss,3.71848997,3.71848997,False,,0.0,0.0,0.0,142.724503,2.0,1.0,150.0,142.724503,11,38.475242,44.077032,0.0199,False,26.7,1.87,False,-7.275497,-4.850331,-5.275497,0,0,1.2228,-4.8416,40.560001,2023-03-21,38.130001,2023-03-24,1.2228,,4.7634,6.0731,False,,38.475242,0,False,exit_policy_v1
PLAY,mean_reversion,oversold+volume+sma_support,3,2023-03-13,2023-03-14,35.155119,2023-04-06,33.4665,stop_loss,4.23835858,4.23835858,False,,0.0,0.0,0.0,140.843027,2.0,1.0,150.0,140.843027,23,33.664542,38.670631,0.0212,False,28.0,1.81,False,-9.156973,-6.104648,-7.156973,0,0,4.6505,-4.8503,36.790001,2023-03-31,33.450001,2023-04-05,4.6505,,9.4538,10.7551,False,,33.664542,0,False,exit_policy_v1
PKX,momentum_breakout,breakout,3,2023-04-03,2023-04-06,63.914999,2023-04-26,64.905045,trailing_stop,2.3312212,2.3312212,False,,0.0,0.0,0.0,150.308017,2.0,1.0,150.0,150.308017,20,60.693683,75.419699,0.0252,False,73.9,2.0,False,0.308017,0.205345,2.308017,1,1,16.3264,0.0,74.350021,2023-04-17,63.914999,,16.3264,,14.7774,16.1211,True,2023-04-10,66.915019,0,False,exit_policy_v1
DUOL,momentum_breakout,breakout,3,2023-03-06,2023-03-08,123.573447,2023-05-03,124.725148,trailing_stop,1.20576065,1.20576065,False,,0.0,0.0,0.0,149.388676,2.0,1.0,150.0,149.388676,56,109.065924,145.816667,0.0587,False,77.9,1.67,False,-0.611324,-0.407549,1.388676,0,1,15.7854,-4.6883,143.080002,2023-04-03,117.779999,2023-03-10,15.7854,,14.8534,16.1929,True,2023-03-14,128.772002,0,False,exit_policy_v1
ONON,momentum_breakout,breakout,3,2023-03-24,2023-03-27,31.69166,2023-05-17,29.280689,trailing_stop,4.70155242,4.70155242,False,,0.0,0.0,0.0,136.664696,2.0,1.0,150.0,136.664696,51,27.444977,37.396159,0.067,False,76.8,1.62,False,-13.335304,-8.890202,-11.335304,0,0,8.4512,-7.4835,34.369999,2023-05-08,29.32,2023-04-12,8.4512,,16.0588,17.3414,True,2023-04-04,30.932999,0,False,exit_policy_v1
RS,momentum_breakout,breakout,3,2023-02-07,2023-02-08,218.482015,2023-05-25,222.513375,trailing_stop,0.68197833,0.68197833,False,,0.0,0.0,0.0,150.7493,2.0,1.0,150.0,150.7493,106,212.146037,257.808778,0.0145,False,71.8,1.57,True,0.7493,0.499533,2.7493,1,1,13.8974,-1.855,248.84523,2023-03-03,214.429245,2023-02-09,13.8974,,12.0522,13.3978,True,2023-03-01,223.960707,0,False,exit_policy_v1
IOT,momentum_breakout,breakout,3,2023-06-05,2023-06-06,27.26724,2023-06-22,26.943029,trailing_stop,5.46443282,5.46443282,False,,0.0,0.0,0.0,146.228374,2.0,1.0,150.0,146.228374,16,23.373478,32.175343,0.0714,False,72.6,2.89,False,-3.771626,-2.514418,-1.771626,0,0,12.3326,-2.5571,30.629999,2023-06-14,26.57,2023-06-07,12.3326,,13.5216,14.847,True,2023-06-08,27.566999,0,False,exit_policy_v1
MNDY,momentum_breakout,breakout,3,2023-05-31,2023-06-01,176.616442,2023-06-27,167.192641,trailing_stop,0.84363606,0.84363606,False,,0.0,0.0,0.0,140.049741,2.0,1.0,150.0,140.049741,26,161.321459,208.407402,0.0433,False,74.3,2.72,False,-9.950259,-6.633506,-7.950259,0,0,3.5634,-7.2114,182.910004,2023-06-14,163.880005,2023-06-26,3.5634,,8.8992,10.1969,True,2023-06-06,164.619003,0,False,exit_policy_v1
UAL,momentum_breakout,breakout,3,2023-06-27,2023-06-28,56.276221,2023-06-30,54.335609,stop_loss,2.64765467,2.64765467,False,,0.0,0.0,0.0,142.86193,2.0,1.0,150.0,142.86193,2,54.520403,66.405941,0.0156,False,73.0,1.83,False,-7.13807,-4.758713,-5.13807,0,0,0.0,-4.5423,56.276221,,53.720001,2023-06-29,0.0,,3.4484,4.7587,False,,54.520403,0,False,exit_policy_v1
GLBE,momentum_breakout,breakout,3,2023-06-29,2023-06-30,40.97093,2023-08-09,38.73123,trailing_stop,3.63672484,3.63672484,False,,0.0,0.0,0.0,139.854828,2.0,1.0,150.0,139.854828,40,38.774888,48.345698,0.0268,False,71.1,2.14,False,-10.145172,-6.763448,-8.145172,0,0,9.956,-5.3475,45.049999,2023-07-31,38.779999,2023-08-08,9.956,,15.4226,16.7195,True,2023-07-10,40.544999,0,False,exit_policy_v1
DAL,momentum_breakout,breakout,3,2023-06-23,2023-06-26,41.402436,2023-08-16,41.590103,trailing_stop,3.59882208,3.59882208,False,,0.0,0.0,0.0,148.67538,2.0,1.0,150.0,148.67538,51,40.516424,48.854874,0.0107,False,75.1,1.81,False,-1.32462,-0.88308,0.67538,0,1,13.7539,0.0,47.09687,2023-07-20,41.402436,,13.7539,,13.3006,14.6369,True,2023-06-28,42.387183,0,False,exit_policy_v1
SHAK,momentum_breakout,breakout,3,2023-06-14,2023-06-15,72.602529,2023-08-18,68.221711,trailing_stop,2.05227011,2.05227011,False,,0.0,0.0,0.0,139.009378,2.0,1.0,150.0,139.009378,64,70.569658,85.670984,0.014,False,70.3,1.74,False,-10.990622,-7.327081,-8.990622,0,0,10.065,-4.5763,79.910004,2023-07-18,69.279999,2023-08-17,10.065,,16.099,17.3921,True,2023-07-12,71.919003,0,False,exit_policy_v1
JACK,mean_reversion,oversold+sma_support,2,2023-08-14,2023-08-15,79.46855,2023-08-18,75.496268,stop_loss,1.87495556,1.87495556,False,,0.0,0.0,0.0,140.552147,2.0,1.0,150.0,140.552147,3,76.51232,87.415405,0.0186,False,29.0,1.33,False,-9.447853,-6.298569,-7.447853,0,0,0.0,-4.4635,79.46855,,75.92144,2023-08-17,0.0,,4.9986,6.2986,False,,76.51232,0,False,exit_policy_v1
CMC,momentum_breakout,breakout,3,2023-09-01,2023-09-05,55.143494,2023-09-07,52.469839,stop_loss,2.70204133,2.70204133,False,,0.0,0.0,0.0,140.775673,2.0,1.0,150.0,140.775673,2,53.665649,65.069323,0.0134,False,64.6,2.35,False,-9.224327,-6.149551,-7.224327,0,0,0.0,-3.7773,55.143494,,53.060555,2023-09-06,0.0,,4.8485,6.1496,False,,53.665649,0,False,exit_policy_v1
IOT,momentum_breakout,breakout,3,2023-09-05,2023-09-06,31.78175,2023-09-14,29.56041,stop_loss,4.68822516,4.68822516,False,,0.0,0.0,0.0,137.585859,2.0,1.0,150.0,137.585859,8,29.4299,37.502465,0.037,False,71.6,2.25,False,-12.414141,-8.276094,-10.414141,0,0,0.0,-7.7458,31.78175,,29.32,2023-09-13,0.0,,6.9894,8.2761,False,,29.4299,0,False,exit_policy_v1
VEEV,momentum_breakout,breakout,3,2023-09-05,2023-09-06,220.850635,2023-09-18,207.632156,stop_loss,0.67466412,0.67466412,False,,0.0,0.0,0.0,139.081967,2.0,1.0,150.0,139.081967,12,211.000697,260.603749,0.0223,False,71.9,2.07,False,-10.918033,-7.278689,-8.918033,0,0,1.8335,-5.3614,224.899994,2023-09-11,209.009995,2023-09-15,1.8335,,7.8188,9.1122,False,,211.000697,0,False,exit_policy_v1
WDAY,mean_reversion,oversold+volume+sma_support,3,2023-09-28,2023-09-29,215.164947,2023-10-06,202.327469,stop_loss,0.69249198,0.69249198,False,,0.0,0.0,0.0,139.110149,2.0,1.0,150.0,139.110149,7,205.611623,236.681442,0.0222,False,28.0,5.17,False,-10.889851,-7.2599,-8.889851,0,0,0.0,-4.6592,215.164947,,205.139999,2023-10-05,0.0,,5.9663,7.2599,False,,205.611623,0,False,exit_policy_v1
DUOL,momentum_breakout,breakout,3,2023-10-09,2023-10-10,175.175,2023-10-16,161.478359,stop_loss,0.85057799,0.85057799,False,,0.0,0.0,0.0,136.349939,2.0,1.0,150.0,136.349939,6,165.50534,206.7065,0.0276,False,62.7,1.61,False,-13.650061,-9.100041,-11.650061,0,0,0.0,-8.6057,175.175,,160.100006,2023-10-13,0.0,,7.8188,9.1,False,,165.50534,0,False,exit_policy_v1
CNX,momentum_breakout,breakout,3,2023-10-17,2023-10-18,23.67365,2023-10-23,22.64733,stop_loss,6.2939176,6.2939176,False,,0.0,0.0,0.0,141.540429,2.0,1.0,150.0,141.540429,5,22.830868,27.934907,0.0178,False,63.5,1.64,False,-8.459571,-5.639714,-6.459571,0,0,0.0,-3.7749,23.67365,,22.780001,2023-10-20,0.0,,4.3353,5.6397,False,,22.830868,0,False,exit_policy_v1
FANG,momentum_breakout,breakout,3,2023-10-12,2023-10-13,148.647677,2023-10-31,142.264463,stop_loss,1.00237019,1.00237019,False,,0.0,0.0,0.0,141.601656,2.0,1.0,150.0,141.601656,18,142.70177,175.404259,0.02,False,62.9,1.51,False,-8.398344,-5.598896,-6.398344,0,0,2.4134,-4.5118,152.235184,2023-10-18,141.941025,2023-10-30,2.4134,,6.7076,8.0123,False,,142.70177,0,False,exit_policy_v1
DKNG,momentum_breakout,breakout,3,2023-11-06,2023-11-07,35.075041,2023-12-21,34.615352,trailing_stop,4.24803496,4.24803496,False,,0.0,0.0,0.0,146.047223,2.0,1.0,150.0,146.047223,44,31.441267,41.388548,0.0518,False,66.0,1.84,False,-3.952777,-2.635184,-1.952777,0,0,11.1902,-2.2382,39.0,2023-12-01,34.290001,2023-12-20,11.1902,,12.5008,13.8254,True,2023-11-08,35.1,0,False,exit_policy_v1
DUOL,momentum_breakout,breakout,3,2023-11-09,2023-11-10,203.653447,2024-01-03,210.639156,trailing_stop,0.73163505,0.36581753,True,2023-12-20,239.450312,0.36581753,86.595121,76.055495,3.0,1.0,150.0,162.650616,54,177.748728,240.311067,0.0636,False,69.2,4.13,False,12.650616,8.433744,15.650616,1,1,18.4414,0.0,241.210007,2023-12-19,203.653447,,18.4414,17.5773,7.9376,10.0077,True,2023-11-13,217.089006,1,False,exit_policy_v1
PLAY,momentum_breakout,breakout,3,2023-12-18,2023-12-21,50.590541,2024-01-16,48.591359,trailing_stop,2.94521461,2.94521461,False,,0.0,0.0,0.0,142.111981,2.0,1.0,150.0,142.111981,26,47.878888,59.696838,0.0268,False,81.5,2.0,True,-7.888019,-5.258679,-5.888019,0,0,9.0718,-2.6695,55.18,2023-12-27,49.240002,2024-01-12,9.0718,,13.0235,14.3305,True,2023-12-22,49.662,0,False,exit_policy_v1
BIRK,momentum_breakout,breakout,3,2024-01-17,2024-01-18,43.993951,2024-03-15,46.033922,trailing_stop,3.38682927,1.69341463,True,2024-02-22,53.206738,1.69341463,89.101069,76.954517,3.0,1.0,150.0,166.055586,57,41.943833,51.912862,0.0233,False,53.5,2.73,False,16.055586,10.703724,19.055586,1,1,18.1981,0.0,52.0,2024-02-23,43.993951,,18.1526,20.941,5.4091,7.4943,True,2024-01-22,46.8,1,False,exit_policy_v1
STLD,momentum_breakout,breakout,3,2024-03-15,2024-03-18,133.92189,2024-04-24,136.597943,trailing_stop,1.11258884,1.11258884,False,,0.0,0.0,0.0,150.977347,2.0,1.0,150.0,150.977347,37,129.261409,158.027831,0.0174,False,64.2,3.2,False,0.977347,0.651564,2.977347,1,1,8.0355,-2.894,144.683228,2024-04-01,130.046234,2024-04-23,8.0355,,6.0373,7.384,True,2024-03-28,130.214905,0,False,exit_policy_v1
DASH,momentum_breakout,breakout,3,2023-11-03,2023-11-06,92.582488,2024-04-25,124.62525,trailing_stop,1.60937563,0.80468782,True,2024-01-30,109.620273,0.80468782,87.210098,99.28442,3.0,1.0,150.0,186.494519,171,84.009349,109.247336,0.0463,False,66.5,2.01,False,36.494519,24.329679,39.494519,1,1,52.2426,-8.6976,140.949997,2024-04-11,84.529999,2023-11-09,19.299,52.2426,25.7362,27.9129,True,2023-11-14,126.854997,1,False,exit_policy_v1
RS,mean_reversion,oversold+volume+sma_support,3,2024-04-25,2024-04-26,279.735961,2024-06-14,266.495101,stop_loss,0.53264514,0.53264514,False,,0.0,0.0,0.0,140.94732,2.0,1.0,150.0,140.94732,49,270.560621,307.709557,0.0164,False,28.3,3.92,False,-9.05268,-6.03512,-7.05268,0,0,5.2404,-3.5054,294.395264,2024-05-23,269.929962,2024-06-13,5.2404,,9.9737,11.2755,False,,270.560621,0,False,exit_policy_v1
ARM,momentum_breakout,breakout,3,2024-06-12,2024-06-14,160.059894,2024-06-25,151.418437,trailing_stop,0.93090153,0.93090153,False,,0.0,0.0,0.0,139.955655,2.0,1.0,150.0,139.955655,11,147.927354,188.870675,0.0379,False,73.4,1.87,False,-10.044345,-6.69623,-8.044345,0,0,8.7905,-5.6166,174.130005,2024-06-18,151.070007,2024-06-24,8.7905,,14.1894,15.4868,True,2024-06-18,156.717004,0,False,exit_policy_v1
WING,momentum_breakout,breakout,3,2024-01-17,2024-01-18,271.81081,2024-07-11,375.731296,trailing_stop,0.5481754,0.2740877,True,2024-02-23,328.912979,0.2740877,89.151002,101.983327,3.0,1.0,150.0,191.134329,175,263.221589,320.736756,0.0158,False,74.6,1.62,False,41.134329,27.422886,44.134329,1,1,55.8064,-0.862,423.498535,2024-06-18,269.467865,2024-01-26,21.2235,55.8064,26.186,28.3835,True,2024-02-13,381.148682,1,False,exit_policy_v1
AR,momentum_breakout,breakout,3,2024-04-24,2024-04-25,32.032,2024-07-11,32.337629,trailing_stop,4.6515984,4.6515984,False,,0.0,0.0,0.0,149.421663,2.0,1.0,150.0,149.421663,77,30.866035,37.79776,0.0182,False,70.0,1.65,False,-0.578337,-0.385558,1.421663,0,1,11.2325,-0.0375,35.630001,2024-05-31,32.02,2024-07-10,11.2325,,10.2784,11.6181,True,2024-04-29,32.067001,0,False,exit_policy_v1
BROS,momentum_breakout,breakout,3,2024-06-26,2024-06-27,41.841799,2024-07-11,39.410551,stop_loss,3.56103233,3.56103233,False,,0.0,0.0,0.0,139.342246,2.0,1.0,150.0,139.342246,14,39.49029,49.373323,0.0281,False,66.0,1.59,False,-10.657754,-7.10517,-8.657754,0,0,2.314,-5.6924,42.810001,2024-07-08,39.459999,2024-07-10,2.314,,8.1245,9.4191,False,,39.49029,0,False,exit_policy_v1
URBN,momentum_breakout,breakout,3,2024-07-11,2024-07-12,48.468418,2024-07-25,45.174781,stop_loss,3.07416676,3.07416676,False,,0.0,0.0,0.0,137.874811,2.0,1.0,150.0,137.874811,13,45.734799,57.192733,0.0282,False,65.5,1.8,False,-12.125189,-8.083459,-10.125189,0,0,0.0,-7.3624,48.468418,,44.900002,2024-07-24,0.0,,6.7954,8.0835,False,,45.734799,0,False,exit_policy_v1
SKYW,momentum_breakout,breakout,3,2024-02-20,2024-02-22,60.340279,2024-07-29,76.74318,trailing_stop,2.469329,1.2346645,True,2024-04-23,71.038891,1.2346645,86.709196,93.752079,3.0,1.0,150.0,180.461276,158,57.745647,71.201529,0.0215,False,71.1,2.82,False,30.461276,20.307517,33.461276,1,1,45.2098,0.0,87.620003,2024-07-16,60.340279,,18.2958,45.2098,22.7526,24.9023,True,2024-02-29,78.858002,1,False,exit_policy_v1
ANF,mean_reversion,oversold+sma_support,2,2024-08-05,2024-08-06,136.776639,2024-08-29,138.3615,trailing_stop,1.08936731,0.54468366,True,2024-08-13,154.835015,0.54468366,83.336102,74.363248,3.0,1.0,150.0,157.69935,23,128.734173,150.454303,0.0294,False,29.9,1.09,False,7.69935,5.1329,10.69935,1,1,24.9336,-3.814,170.880005,2024-08-21,131.559998,2024-08-07,13.0091,24.9336,17.7528,19.8007,True,2024-08-09,153.792004,1,False,exit_policy_v1
BIRK,momentum_breakout,breakout,3,2024-08-15,2024-08-16,62.38232,2024-08-30,51.4485,stop_loss,2.38849727,2.38849727,False,,0.0,0.0,0.0,121.884602,2.0,1.0,150.0,121.884602,14,59.612545,73.611137,0.0222,False,65.3,1.91,False,-28.115398,-18.743599,-26.115398,0,0,1.9039,-18.4064,63.57,2024-08-23,50.900002,2024-08-29,1.9039,,19.431,20.6475,False,,59.612545,0,False,exit_policy_v1
ONON,momentum_breakout,breakout,3,2024-08-27,2024-08-28,47.22718,2024-11-04,46.923031,trailing_stop,3.15496286,3.15496286,False,,0.0,0.0,0.0,147.040421,2.0,1.0,150.0,147.040421,68,44.025177,55.728073,0.0339,False,68.5,1.55,False,-2.959579,-1.973053,-0.959579,0,0,9.5767,-6.071,51.75,2024-10-08,44.360001,2024-09-09,9.5767,,10.2207,11.5498,True,2024-09-12,46.575,0,False,exit_policy_v1
TWLO,momentum_breakout,breakout,3,2024-11-01,2024-11-04,85.085,2024-11-07,90.039867,emotional_extreme,1.75118999,1.75118999,False,,0.0,0.0,0.0,156.676914,2.0,1.0,150.0,156.676914,3,79.282203,100.4003,0.0341,False,86.5,2.95,False,6.676914,4.451276,8.676914,1,1,6.1292,0.0,90.300003,2024-11-06,85.085,,6.1292,,0.3057,1.6779,True,2024-11-05,81.270003,0,False,exit_policy_v1
ARLP,momentum_breakout,breakout,3,2024-11-04,2024-11-07,22.66838,2024-11-11,21.722545,stop_loss,6.5730325,6.5730325,False,,0.0,0.0,0.0,141.782993,2.0,1.0,150.0,141.782993,4,22.323821,26.748689,0.0076,False,70.7,1.51,False,-8.217007,-5.478005,-6.217007,0,0,0.0,-4.5597,22.66838,,21.634766,2024-11-08,0.0,,4.1725,5.478,False,,22.323821,0,False,exit_policy_v1
TOST,momentum_breakout,breakout,3,2024-11-07,2024-11-11,37.257221,2024-12-05,37.37259,trailing_stop,3.99922472,3.99922472,False,,0.0,0.0,0.0,148.461385,2.0,1.0,150.0,148.461385,24,35.796738,43.963521,0.0196,False,69.5,1.64,True,-1.538615,-1.025743,0.461385,0,1,16.8633,0.0,43.540001,2024-11-29,37.257221,,16.8633,,16.5536,17.889,True,2024-11-13,39.186001,0,False,exit_policy_v1
IOT,momentum_breakout,breakout,3,2024-09-09,2024-09-10,46.63659,2024-12-10,47.672281,trailing_stop,3.19491626,1.59745813,True,2024-11-25,56.992949,1.59745813,90.04385,75.154473,3.0,1.0,150.0,165.198323,91,43.232119,55.031176,0.0365,False,66.6,2.22,False,15.198323,10.132215,18.198323,1,1,20.8279,-2.1155,56.349998,2024-11-22,45.650002,2024-10-02,20.8279,22.2065,8.6142,10.6957,True,2024-09-20,50.714999,1,False,exit_policy_v1
DUOL,momentum_breakout,breakout,3,2024-09-19,2024-09-20,260.720451,2024-12-19,344.814844,trailing_stop,0.57149333,0.28574667,True,2024-11-07,304.115593,0.28574667,85.900017,97.529692,3.0,1.0,150.0,183.429709,90,248.831599,307.650133,0.0228,False,79.6,2.02,False,33.429709,22.286473,36.429709,1,1,43.0766,0.0,373.029999,2024-12-05,260.720451,,22.2957,43.0766,18.6271,20.7901,True,2024-09-25,335.726999,1,False,exit_policy_v1
ASAN,momentum_breakout,breakout,3,2024-12-16,2024-12-17,27.327299,2024-12-24,21.608369,stop_loss,5.45242319,5.45242319,False,,0.0,0.0,0.0,116.817973,2.0,1.0,150.0,116.817973,7,21.583101,32.246213,0.1051,False,86.5,1.81,False,-33.182027,-22.121351,-31.182027,0,0,0.0,-21.4339,27.327299,,21.469999,2024-12-23,0.0,,20.9275,22.1214,False,,21.583101,0,False,exit_policy_v1
CMC,mean_reversion,oversold+volume+sma_support,3,2024-12-20,2024-12-24,48.940231,2025-01-10,45.727549,stop_loss,3.04453,3.04453,False,,0.0,0.0,0.0,138.218896,2.0,1.0,150.0,138.218896,17,46.777072,53.834254,0.0221,False,29.6,3.21,False,-11.781104,-7.85407,-9.781104,0,0,1.9972,-4.9931,49.917648,2024-12-26,46.49662,2025-01-08,1.9972,,8.5617,9.8512,False,,46.777072,0,False,exit_policy_v1
URBN,momentum_breakout,breakout,3,2024-12-02,2024-12-05,52.062008,2025-02-04,53.496449,trailing_stop,2.86197181,2.86197181,False,,0.0,0.0,0.0,152.105329,2.0,1.0,150.0,152.105329,61,47.501376,61.43317,0.0438,False,79.1,1.76,False,2.105329,1.403553,4.105329,1,1,16.0923,-5.4589,60.439999,2025-01-21,49.220001,2024-12-09,16.0923,,13.3371,14.6888,True,2024-12-16,54.395999,0,False,exit_policy_v1
ONON,momentum_breakout,breakout,3,2025-01-31,2025-02-04,58.668611,2025-02-12,51.548398,stop_loss,2.53968857,2.53968857,False,,0.0,0.0,0.0,129.916879,2.0,1.0,150.0,129.916879,8,55.676511,69.228961,0.0255,False,64.2,1.52,True,-20.083121,-13.388748,-18.083121,0,0,1.7921,-8.0087,59.720001,2025-02-06,53.970001,2025-02-11,1.7921,,13.9284,15.1808,False,,55.676511,0,False,exit_policy_v1
IOT,momentum_breakout,breakout,3,2025-02-18,2025-02-19,61.061,2025-02-21,55.054891,stop_loss,2.44018277,2.44018277,False,,0.0,0.0,0.0,133.343995,2.0,1.0,150.0,133.343995,2,58.997138,72.05198,0.0169,False,75.6,1.59,False,-16.656005,-11.104003,-14.656005,0,0,0.0,-10.4993,61.061,,54.650002,2025-02-20,0.0,,9.8362,11.104,False,,58.997138,0,False,exit_policy_v1
HUBS,momentum_breakout,breakout,3,2025-02-10,2025-02-12,776.705923,2025-02-24,730.51875,stop_loss,0.1918358,0.1918358,False,,0.0,0.0,0.0,139.139647,2.0,1.0,150.0,139.139647,12,743.773592,916.512989,0.0212,False,68.1,1.62,False,-10.860353,-7.240235,-8.860353,0,0,5.5367,-6.473,819.710022,2025-02-13,726.429993,2025-02-21,5.5367,,11.4833,12.777,False,,743.773592,0,False,exit_policy_v1
DASH,momentum_breakout,breakout,3,2024-11-06,2024-11-07,169.299135,2025-02-26,193.955844,trailing_stop,0.880099,0.4400495,True,2025-02-13,200.689109,0.4400495,87.313143,84.350173,3.0,1.0,150.0,171.663315,111,163.746123,199.772979,0.0164,False,77.1,1.54,False,21.663315,14.44221,24.663315,1,1,26.0373,-2.309,213.380005,2025-02-14,165.389999,2024-12-18,18.6598,26.0373,9.4847,11.5951,True,2025-01-23,192.042004,1,False,exit_policy_v1
CHEF,momentum_breakout,breakout,3,2025-02-18,2025-02-21,65.505442,2025-02-28,61.938,stop_loss,2.27462016,2.27462016,False,,0.0,0.0,0.0,139.885423,2.0,1.0,150.0,139.885423,7,61.941946,77.296422,0.0272,False,84.8,1.96,False,-10.114577,-6.743051,-8.114577,0,0,0.0,-5.443,65.505442,,61.939999,2025-02-27,0.0,,5.446,6.7431,False,,61.941946,0,False,exit_policy_v1
RL,momentum_breakout,breakout,3,2025-01-06,2025-01-10,237.686602,2025-03-05,248.615927,trailing_stop,0.62687589,0.31343794,True,2025-02-19,277.528812,0.31343794,85.988061,76.925665,3.0,1.0,150.0,162.913726,54,230.175705,280.47019,0.0158,False,69.0,1.54,False,12.913726,8.609151,15.913726,1,1,18.5162,-2.2492,281.697021,2025-02-18,232.340591,2025-01-13,18.5162,18.4169,7.8358,9.907,True,2025-02-06,253.527319,1,False,exit_policy_v1
MT,momentum_breakout,breakout,3,2025-03-05,2025-03-06,33.130594,2025-03-13,30.290312,stop_loss,4.49735367,4.49735367,False,,0.0,0.0,0.0,135.226247,2.0,1.0,150.0,135.226247,7,30.347624,39.094101,0.042,False,74.4,2.11,False,-14.773753,-9.849169,-12.773753,0,0,0.0,-9.9276,33.130594,,29.841526,2025-03-12,0.0,,8.573,9.8492,False,,30.347624,0,False,exit_policy_v1
OKTA,momentum_breakout,breakout,3,2025-03-05,2025-03-06,114.474361,2025-04-02,102.897,trailing_stop,1.3016015,1.3016015,False,,0.0,0.0,0.0,132.93089,2.0,1.0,150.0,132.93089,27,100.691648,135.079746,0.0602,False,74.9,2.81,False,-17.06911,-11.379407,-15.06911,0,0,1.9617,-8.5472,116.720001,2025-03-25,104.690002,2025-04-01,1.9617,,12.0752,13.3411,True,2025-03-17,105.048001,0,False,exit_policy_v1
URBN,momentum_breakout,breakout,3,2025-05-22,2025-05-23,71.671598,2025-06-24,67.941992,trailing_stop,2.0789267,2.0789267,False,,0.0,0.0,0.0,140.246422,2.0,1.0,150.0,140.246422,32,63.458033,84.572486,0.0573,False,75.1,4.33,False,-9.753578,-6.502385,-7.753578,0,0,5.0067,-6.6715,75.260002,2025-05-27,66.889999,2025-06-23,5.0067,,10.2105,11.5091,True,2025-05-27,67.734002,0,False,exit_policy_v1
AR,momentum_breakout,breakout,3,2025-06-20,2025-06-23,43.733689,2025-06-26,40.968988,stop_loss,3.40698452,3.40698452,False,,0.0,0.0,0.0,138.580709,2.0,1.0,150.0,138.580709,3,41.85314,51.605753,0.0215,False,68.1,1.55,False,-11.419291,-7.612861,-9.419291,0,0,0.0,-6.1136,43.733689,,41.060001,2025-06-25,0.0,,6.3217,7.6129,False,,41.85314,0,False,exit_policy_v1
HBM,momentum_breakout,breakout,3,2025-06-26,2025-06-27,10.691763,2025-07-17,10.001631,stop_loss,13.93596156,13.93596156,False,,0.0,0.0,0.0,138.38235,2.0,1.0,150.0,138.38235,20,10.155037,12.61628,0.0251,False,71.8,1.71,False,-11.61765,-7.7451,-9.61765,0,0,2.4233,-5.4267,10.950857,2025-07-02,10.111558,2025-07-16,2.4233,,8.8781,10.1684,False,,10.155037,0,False,exit_policy_v1
DASH,momentum_breakout,breakout,3,2025-06-27,2025-06-30,244.544303,2025-07-17,235.214547,stop_loss,0.60929655,0.60929655,False,,0.0,0.0,0.0,142.315412,2.0,1.0,150.0,142.315412,17,236.278706,288.562278,0.0169,False,75.5,1.75,False,-7.684588,-5.123059,-5.684588,0,0,0.9592,-4.1074,246.889999,2025-07-07,234.5,2025-07-16,0.9592,,4.7744,6.0823,False,,236.278706,0,False,exit_policy_v1
MT,momentum_breakout,breakout,3,2025-07-23,2025-07-24,33.565086,2025-07-31,29.851578,stop_loss,4.4391366,4.4391366,False,,0.0,0.0,0.0,131.515233,2.0,1.0,150.0,131.515233,7,32.188917,39.606801,0.0205,False,63.3,1.97,False,-18.484767,-12.323178,-16.484767,0,0,0.0,-4.5967,33.565086,,32.022186,2025-07-30,0.0,,11.0636,12.3232,False,,32.188917,0,False,exit_policy_v1
CHEF,momentum_breakout,breakout,3,2025-07-31,2025-08-01,68.278209,2025-08-11,62.307629,stop_loss,2.18224822,2.18224822,False,,0.0,0.0,0.0,134.970712,2.0,1.0,150.0,134.970712,10,63.840125,80.568287,0.0325,False,60.9,1.59,False,-15.029288,-10.019525,-13.029288,0,0,0.0,-7.9062,68.278209,,62.880001,2025-08-08,0.0,,8.7445,10.0195,False,,63.840125,0,False,exit_policy_v1
CELH,momentum_breakout,breakout,3,2025-08-11,2025-08-12,54.30425,2025-09-09,55.71423,trailing_stop,2.74379998,2.74379998,False,,0.0,0.0,0.0,151.868704,2.0,1.0,150.0,151.868704,28,49.482033,64.079015,0.0444,False,68.7,1.83,False,1.868704,1.245803,3.868704,1,1,15.792,0.0,62.880001,2025-08-29,54.30425,,15.792,,13.1956,14.5462,True,2025-08-13,56.592001,0,False,exit_policy_v1
U,momentum_breakout,breakout,3,2025-09-05,2025-09-09,45.445402,2025-10-01,40.04991,trailing_stop,3.27865956,3.27865956,False,,0.0,0.0,0.0,130.310021,2.0,1.0,150.0,130.310021,22,41.80068,53.625574,0.0401,False,70.3,1.68,False,-19.689979,-13.126653,-17.689979,0,0,2.3866,-11.8943,46.529999,2025-09-15,40.040001,2025-09-30,2.3866,,14.2591,15.5132,True,2025-09-15,41.876999,0,False,exit_policy_v1
LEVI,momentum_breakout,breakout,3,2025-10-01,2025-10-02,23.956879,2025-10-13,21.173495,stop_loss,6.21950791,6.21950791,False,,0.0,0.0,0.0,130.688718,2.0,1.0,150.0,130.688718,11,23.171094,28.269117,0.0164,False,72.2,1.56,False,-19.311282,-12.874188,-17.311282,0,0,0.3069,-12.7094,24.030392,2025-10-08,20.912092,2025-10-10,0.3069,,11.9252,13.181,False,,23.171094,0,False,exit_policy_v1
VALE,momentum_breakout,breakout,3,2025-10-06,2025-10-09,10.352329,2025-10-13,10.110253,stop_loss,14.39289707,14.39289707,False,,0.0,0.0,0.0,144.515829,2.0,1.0,150.0,144.515829,4,10.145282,12.215748,0.01,False,71.3,1.66,False,-5.484171,-3.656114,-3.484171,0,0,0.0,-4.1137,10.352329,,9.92646,2025-10-10,0.0,,2.3384,3.6561,False,,10.145282,0,False,exit_policy_v1
ATI,momentum_breakout,breakout,3,2025-10-29,2025-10-30,103.383279,2025-11-05,95.704203,stop_loss,1.44123887,1.44123887,False,,0.0,0.0,0.0,136.932618,2.0,1.0,150.0,136.932618,6,96.477276,121.992269,0.0334,False,77.5,1.57,False,-13.067382,-8.711588,-11.067382,0,0,0.0,-7.1223,103.383279,,96.019997,2025-11-04,0.0,,7.4278,8.7116,False,,96.477276,0,False,exit_policy_v1
LYFT,momentum_breakout,breakout,3,2025-11-10,2025-11-11,23.748725,2025-11-18,21.313664,stop_loss,6.27402093,6.27402093,False,,0.0,0.0,0.0,132.722374,2.0,1.0,150.0,132.722374,7,22.16706,28.023496,0.0333,False,65.2,2.54,False,-17.277626,-11.518417,-15.277626,0,0,3.4582,-9.132,24.57,2025-11-12,21.58,2025-11-17,3.4582,,13.7116,14.9766,False,,22.16706,0,False,exit_policy_v1
CPA,momentum_breakout,breakout,3,2025-05-23,2025-05-27,98.974221,2025-11-21,109.142557,trailing_stop,1.50544252,0.75272126,True,2025-10-09,120.31426,0.75272126,89.563101,81.153923,3.0,1.0,150.0,170.717025,178,95.94561,116.78958,0.0153,False,71.9,2.17,False,20.717025,13.81135,23.717025,1,1,23.0472,-2.8411,121.785011,2025-10-14,96.162239,2025-06-20,19.7902,23.0472,7.1297,9.2359,True,2025-07-10,109.60651,1,False,exit_policy_v1
CPRI,momentum_breakout,breakout,3,2025-12-03,2025-12-04,27.237209,2025-12-18,25.604369,stop_loss,5.47045769,5.47045769,False,,0.0,0.0,0.0,139.067618,2.0,1.0,150.0,139.067618,14,25.499475,32.139907,0.0319,False,74.3,1.99,False,-10.932382,-7.288254,-8.932382,0,0,0.0,-7.2592,27.237209,,25.26,2025-12-17,0.0,,5.9949,7.2883,False,,25.499475,0,False,exit_policy_v1
RL,momentum_breakout,breakout,3,2025-11-25,2025-11-26,362.419696,2026-02-06,339.792852,stop_loss,0.41112556,0.41112556,False,,0.0,0.0,0.0,138.697526,2.0,1.0,150.0,138.697526,72,346.763165,427.655241,0.0216,False,67.8,1.52,False,-11.302474,-7.534982,-9.302474,0,0,1.7729,-7.0388,368.845123,2025-12-15,336.909729,2026-02-05,1.7729,,8.0162,9.3079,False,,346.763165,0,False,exit_policy_v1
KALU,momentum_breakout,breakout,3,2025-12-17,2025-12-18,109.572846,2026-02-20,123.276616,trailing_stop,1.35982595,0.67991298,True,2026-01-22,132.071177,0.67991298,88.796907,82.817371,3.0,1.0,150.0,171.614278,64,105.606309,129.295959,0.0181,False,74.2,1.58,True,21.614278,14.409518,24.614278,1,1,30.89,0.0,143.419937,2026-02-11,109.572846,,19.7363,30.89,14.3704,16.4805,True,2026-01-02,129.077943,1,False,exit_policy_v1
FANG,momentum_breakout,breakout,3,2026-02-20,2026-02-23,173.48304,2026-02-26,163.412388,stop_loss,0.85887358,0.85887358,False,,0.0,0.0,0.0,139.350583,2.0,1.0,150.0,139.350583,3,166.925381,204.709988,0.0189,False,68.8,1.67,False,-10.649417,-7.099611,-8.649417,0,0,0.0,-4.9172,173.48304,,164.952469,2026-02-25,0.0,,5.805,7.0996,False,,166.925381,0,False,exit_policy_v1
DVN,momentum_breakout,breakout,3,2026-02-04,2026-02-06,42.547903,2026-04-15,44.399555,trailing_stop,3.50193519,1.7509676,True,2026-03-27,50.884553,1.7509676,88.097203,76.742183,3.0,1.0,150.0,164.839385,68,40.429018,50.206526,0.0249,False,72.6,1.8,False,14.839385,9.892923,17.839385,1,1,20.7335,-1.6915,51.369568,2026-03-27,41.828213,2026-02-25,19.064,20.7335,8.7607,10.8406,True,2026-03-12,46.232611,1,False,exit_policy_v1
ARM,momentum_breakout,breakout,3,2026-04-22,2026-04-23,194.614418,2026-04-29,202.397406,trailing_stop,0.76561645,0.38280823,True,2026-04-27,224.265515,0.38280823,84.850684,76.479392,3.0,1.0,150.0,161.330076,6,172.116991,229.645013,0.0578,False,73.3,1.59,False,11.330076,7.553384,14.330076,1,1,20.654,0.0,234.809998,2026-04-24,194.614418,,20.654,15.2358,11.0365,13.1006,True,2026-04-24,211.328998,1,False,exit_policy_v1
ZM,momentum_breakout,breakout,3,2026-04-30,2026-05-01,99.099,2026-05-15,98.501398,trailing_stop,1.50354696,1.50354696,False,,0.0,0.0,0.0,147.101478,2.0,1.0,150.0,147.101478,14,93.252159,116.93682,0.0295,False,69.0,1.78,False,-2.898522,-1.932348,-0.898522,0,0,10.2029,-0.8769,109.209999,2026-05-08,98.230003,2026-05-14,10.2029,,10.806,12.1353,True,2026-05-04,98.288999,0,False,exit_policy_v1
SHAK,mean_reversion,oversold+volume+sma_support,3,2026-05-12,2026-05-15,60.950889,2026-06-03,56.023922,trailing_stop,2.44459107,2.44459107,False,,0.0,0.0,0.0,135.955579,2.0,1.0,150.0,135.955579,19,52.564047,67.045978,0.0688,False,29.4,8.0,True,-14.044421,-9.362947,-12.044421,0,0,5.626,-6.4657,64.379997,2026-05-27,57.009998,2026-06-02,5.626,,13.7095,14.989,True,2026-05-19,57.941998,0,False,exit_policy_v1
ARM,momentum_breakout,breakout,3,2026-05-06,2026-05-07,222.617399,2026-06-08,353.646,trailing_stop,0.66930977,0.33465488,True,2026-05-22,289.784937,0.33465488,95.977945,117.349361,3.0,1.0,150.0,213.327306,32,195.858788,262.688531,0.0601,False,72.2,2.74,False,63.327306,42.218204,66.327306,1,1,84.9945,-6.6021,411.829987,2026-06-03,207.919998,2026-05-12,33.9653,84.9945,40.4795,42.7763,True,2026-05-14,370.646988,1,False,exit_policy_v1
AA,momentum_breakout,breakout,3,2026-06-02,2026-06-03,82.382584,2026-06-08,74.759943,stop_loss,1.8086347,1.8086347,False,,0.0,0.0,0.0,134.213427,2.0,1.0,150.0,134.213427,5,77.044193,97.211449,0.0324,False,69.3,1.53,False,-15.786573,-10.524382,-13.786573,0,0,0.0,-12.9054,82.382584,,71.750755,2026-06-05,0.0,,9.2527,10.5244,False,,77.044193,0,False,exit_policy_v1
KALU,momentum_breakout,breakout,3,2026-04-20,2026-04-21,151.847183,2026-07-08,168.300177,trailing_stop,0.98124968,0.49062484,True,2026-05-07,181.908228,0.49062484,88.248695,81.572248,3.0,1.0,150.0,169.820943,78,143.131155,179.179676,0.0287,False,67.5,1.6,False,19.820943,13.213962,22.820943,1,1,28.2842,0.0,194.795914,2026-06-30,151.847183,,18.3102,28.2842,12.9681,15.0702,True,2026-04-22,175.316322,1,False,exit_policy_v1
LEVI,momentum_breakout,breakout,3,2026-06-11,2026-06-12,24.145946,2026-08-12,22.677301,stop_loss,6.17080821,6.17080821,False,,0.0,0.0,0.0,138.937274,2.0,1.0,150.0,138.937274,61,23.088353,28.492216,0.0219,False,61.6,1.66,False,-11.062726,-7.375151,-9.062726,0,0,5.732,-5.8227,25.530001,2026-07-27,22.74,2026-08-11,5.732,,11.8144,13.1072,False,,23.088353,0,False,exit_policy_v1
