date,equity,cash,positions,queue_size,pending
2021-09-22,1000.0,1000.0,0,0,0
2021-09-23,1000.0,1000.0,0,0,0
2021-09-24,1000.0,1000.0,0,0,0
2021-09-27,1000.0,1000.0,0,0,0
2021-09-28,1000.0,1000.0,0,0,0
2021-09-29,1000.0,1000.0,0,0,0
2021-09-30,1000.0,1000.0,0,0,0
2021-10-01,1000.0,1000.0,0,0,0
2021-10-04,1000.0,1000.0,0,0,0
2021-10-05,1000.0,1000.0,0,0,0
2021-10-06,1000.0,1000.0,0,0,0
2021-10-07,1000.0,1000.0,0,0,0
2021-10-08,1000.0,1000.0,0,0,0
2021-10-11,1000.0,1000.0,0,0,0
2021-10-12,1000.0,1000.0,0,0,0
2021-10-13,1000.0,1000.0,0,0,0
2021-10-14,1000.0,1000.0,0,0,0
2021-10-15,1000.0,1000.0,0,0,0
2021-10-18,1000.0,1000.0,0,0,0
2021-10-19,1000.0,1000.0,0,0,0
2021-10-20,1000.0,1000.0,0,0,0
2021-10-21,1000.0,1000.0,0,0,0
2021-10-22,1000.0,1000.0,0,0,0
2021-10-25,1000.0,1000.0,0,0,0
2021-10-26,1000.0,1000.0,0,0,0
2021-10-27,1000.0,1000.0,0,0,0
2021-10-28,1000.0,1000.0,0,0,0
2021-10-29,1000.0,1000.0,0,0,0
2021-11-01,1000.73,850.0,1,0,0
2021-11-02,1001.33,850.0,1,0,0
2021-11-03,1004.8,850.0,1,0,0
2021-11-04,1002.64,850.0,1,0,0
2021-11-05,1002.3,850.0,1,0,0
2021-11-08,1001.49,850.0,1,0,0
2021-11-09,1001.91,850.0,1,0,0
2021-11-10,1004.59,850.0,1,0,0
2021-11-11,1004.84,850.0,1,0,0
2021-11-12,1004.96,850.0,1,0,0
2021-11-15,1004.32,850.0,1,0,0
2021-11-16,1000.7,700.0,2,0,0
2021-11-17,1001.15,700.0,2,0,0
2021-11-18,1002.72,700.0,2,0,0
2021-11-19,1005.94,700.0,2,0,0
2021-11-22,1006.97,700.0,2,0,0
2021-11-23,1010.97,700.0,2,0,0
2021-11-24,1011.66,700.0,2,0,0
2021-11-26,1010.64,700.0,2,0,0
2021-11-29,1013.82,700.0,2,0,0
2021-11-30,1007.34,700.0,2,0,0
2021-12-01,1006.97,550.0,3,0,0
2021-12-02,1014.42,400.0,4,0,0
2021-12-03,1000.63,400.0,4,0,0
2021-12-06,1010.31,381.44,4,0,0
2021-12-07,1013.27,231.44,5,0,0
2021-12-08,1023.69,231.44,5,0,0
2021-12-09,1005.01,231.44,5,1,0
2021-12-10,987.19,231.44,5,2,0
2021-12-13,989.56,359.78,4,3,0
2021-12-14,1000.24,209.78,5,6,0
2021-12-15,1002.35,290.96,5,7,0
2021-12-16,1001.25,372.63,5,10,0
2021-12-17,1006.84,515.5,4,10,0
2021-12-20,1000.18,526.45,4,10,0
2021-12-21,1005.0,376.45,5,5,0
2021-12-22,1009.02,376.45,5,1,0
2021-12-23,1012.41,376.45,5,0,0
2021-12-27,1017.99,376.45,5,0,0
2021-12-28,1020.14,376.45,5,0,0
2021-12-29,1021.07,457.2,5,0,0
2021-12-30,1025.42,457.2,5,0,0
2021-12-31,1023.24,457.2,5,0,0
2022-01-03,1026.29,457.2,5,0,0
2022-01-04,1032.04,457.2,5,1,0
2022-01-05,1021.56,457.2,5,7,0
2022-01-06,1022.33,457.2,5,10,0
2022-01-07,1026.59,457.2,5,10,0
2022-01-10,1028.67,457.2,5,10,0
2022-01-11,1030.73,457.2,5,6,0
2022-01-12,1024.54,619.47,3,3,0
2022-01-13,1023.97,319.47,5,2,0
2022-01-14,1021.85,319.47,5,4,0
2022-01-18,1014.84,319.47,5,6,0
2022-01-19,1012.73,397.49,4,8,0
2022-01-20,1001.35,247.49,5,7,0
2022-01-21,984.68,247.49,5,6,0
2022-01-24,981.39,378.79,4,9,0
2022-01-25,988.49,228.79,5,5,0
2022-01-26,987.64,228.79,5,5,0
2022-01-27,987.77,373.41,4,4,0
2022-01-28,986.43,360.7,4,1,0
2022-01-31,985.3,210.7,5,0,0
2022-02-01,1000.56,210.7,5,0,0
2022-02-02,1002.84,210.7,5,0,0
2022-02-03,995.72,210.7,5,4,0
2022-02-04,1001.44,357.6,4,5,0
2022-02-07,1007.33,207.6,5,4,0
2022-02-08,1003.17,207.6,5,4,0
2022-02-09,1005.82,207.6,5,1,0
2022-02-10,992.09,207.6,5,1,0
2022-02-11,1002.18,207.6,5,2,0
2022-02-14,989.27,207.6,5,3,0
2022-02-15,984.36,348.31,4,3,0
2022-02-16,990.3,198.31,5,3,0
2022-02-17,985.22,198.31,5,3,0
2022-02-18,979.05,198.31,5,3,0
2022-02-22,971.75,358.01,4,3,0
2022-02-23,967.13,208.01,5,1,0
2022-02-24,954.89,333.48,4,0,0
2022-02-25,979.17,183.48,5,0,0
2022-02-28,981.3,183.48,5,2,0
2022-03-01,993.17,183.48,5,4,0
2022-03-02,1009.24,183.48,5,5,0
2022-03-03,1016.2,270.47,5,5,0
2022-03-04,1033.44,270.47,5,6,0
2022-03-07,1047.64,270.47,5,6,0
2022-03-08,1050.39,361.7,5,4,0
2022-03-09,1045.57,361.7,5,8,0
2022-03-10,1055.79,361.7,5,6,0
2022-03-11,1052.67,608.62,4,6,0
2022-03-14,1039.42,458.62,5,5,0
2022-03-15,1031.76,458.62,5,1,0
2022-03-16,1026.1,623.08,3,1,0
2022-03-17,1035.46,473.08,4,0,0
2022-03-18,1035.58,473.08,4,0,0
2022-03-21,1045.3,323.08,5,9,0
2022-03-22,1045.77,323.08,5,9,0
2022-03-23,1049.9,323.08,5,9,0
2022-03-24,1050.51,412.32,5,9,0
2022-03-25,1056.08,412.32,5,0,0
2022-03-28,1055.83,412.32,5,0,0
2022-03-29,1056.26,412.32,5,1,0
2022-03-30,1058.17,412.32,5,1,0
2022-03-31,1047.4,412.32,5,1,0
2022-04-01,1049.1,412.32,5,2,0
2022-04-04,1042.24,552.3,4,3,0
2022-04-05,1040.25,402.3,5,1,0
2022-04-06,1045.48,402.3,5,1,0
2022-04-07,1053.87,402.3,5,3,0
2022-04-08,1058.64,402.3,5,5,0
2022-04-11,1056.35,402.3,5,6,0
2022-04-12,1059.09,494.65,4,7,0
2022-04-13,1067.62,344.65,5,4,0
2022-04-14,1065.8,344.65,5,2,0
2022-04-18,1060.2,344.65,5,3,0
2022-04-19,1061.28,344.65,5,2,0
2022-04-20,1065.98,344.65,5,2,0
2022-04-21,1047.94,344.65,5,1,0
2022-04-22,1037.9,485.92,4,2,0
2022-04-25,1038.87,335.92,5,2,0
2022-04-26,1030.13,426.71,4,6,0
2022-04-27,1027.4,276.71,5,4,0
2022-04-28,1027.56,276.71,5,4,0
2022-04-29,1016.4,276.71,5,4,0
2022-05-02,1007.61,418.91,4,4,0
2022-05-03,1008.74,711.71,2,1,0
2022-05-04,1027.39,561.71,3,0,0
2022-05-05,1006.07,261.71,5,0,0
2022-05-06,1002.58,261.71,5,0,0
2022-05-09,978.21,261.71,5,1,0
2022-05-10,975.41,680.93,2,5,0
2022-05-11,971.9,530.93,3,4,0
2022-05-12,993.7,230.93,5,2,0
2022-05-13,1018.63,230.93,5,1,0
2022-05-16,1004.96,315.25,5,1,0
2022-05-17,1012.84,315.25,5,1,0
2022-05-18,985.48,315.25,5,2,0
2022-05-19,978.46,528.12,3,2,0
2022-05-20,977.93,228.12,5,1,0
2022-05-23,989.55,372.36,4,1,0
2022-05-24,992.5,454.44,4,0,0
2022-05-25,995.24,454.44,4,0,0
2022-05-26,1002.77,454.44,4,0,0
2022-05-27,1013.83,454.44,4,0,0
2022-05-31,999.35,304.44,5,0,0
2022-06-01,994.74,304.44,5,10,0
2022-06-02,992.54,304.44,5,10,0
2022-06-03,992.39,304.44,5,10,0
2022-06-06,993.99,304.44,5,10,0
2022-06-07,1002.28,377.19,4,2,0
2022-06-08,996.05,227.19,5,1,0
2022-06-09,978.05,227.19,5,2,0
2022-06-10,955.16,227.19,5,2,0
2022-06-13,933.54,496.37,3,2,0
2022-06-14,925.78,346.37,4,0,0
2022-06-15,921.97,626.8,2,0,0
2022-06-16,918.74,626.8,2,0,0
2022-06-17,917.3,626.8,2,0,0
2022-06-21,920.86,476.8,3,0,0
2022-06-22,921.1,476.8,3,0,0
2022-06-23,924.72,476.8,3,0,0
2022-06-24,942.49,476.8,3,0,0
2022-06-27,936.58,176.8,5,2,0
2022-06-28,919.56,176.8,5,2,0
2022-06-29,918.51,176.8,5,2,0
2022-06-30,908.23,176.8,5,2,0
2022-07-01,921.86,176.8,5,0,0
2022-07-05,929.45,176.8,5,0,0
2022-07-06,928.27,176.8,5,0,0
2022-07-07,928.67,176.8,5,0,0
2022-07-08,926.12,176.8,5,0,0
2022-07-11,920.98,176.8,5,1,0
2022-07-12,908.84,176.8,5,1,0
2022-07-13,896.54,309.23,4,1,0
2022-07-14,891.29,581.61,2,1,0
2022-07-15,894.06,581.61,2,0,0
2022-07-18,888.45,581.61,2,0,0
2022-07-19,888.62,581.61,2,0,0
2022-07-20,882.49,581.61,2,0,0
2022-07-21,885.86,572.85,2,0,0
2022-07-22,879.87,272.85,4,0,0
2022-07-25,882.01,122.85,5,0,0
2022-07-26,882.63,122.85,5,1,0
2022-07-27,896.92,122.85,5,3,0
2022-07-28,912.69,122.85,5,9,0
2022-07-29,918.44,206.06,5,10,0
2022-08-01,916.14,206.06,5,10,0
2022-08-02,907.22,206.06,5,8,0
2022-08-03,915.22,206.06,5,6,0
2022-08-04,915.01,206.06,5,10,0
2022-08-05,915.79,206.06,5,10,0
2022-08-08,916.73,206.06,5,10,0
2022-08-09,908.89,206.06,5,9,0
2022-08-10,924.16,206.06,5,7,0
2022-08-11,922.99,289.95,5,9,0
2022-08-12,934.14,289.95,5,10,0
2022-08-15,937.52,289.95,5,10,0
2022-08-16,938.9,289.95,5,3,0
2022-08-17,930.87,377.37,4,5,0
2022-08-18,923.92,227.37,5,5,0
2022-08-19,915.46,227.37,5,6,0
2022-08-22,898.8,365.0,4,7,0
2022-08-23,897.0,215.0,5,2,0
2022-08-24,902.51,215.0,5,2,0
2022-08-25,912.47,215.0,5,2,0
2022-08-26,891.96,215.0,5,2,0
2022-08-29,889.52,291.0,4,2,0
2022-08-30,873.21,141.0,5,0,0
2022-08-31,862.8,282.3,4,1,0
2022-09-01,851.15,276.14,4,0,0
2022-09-02,852.32,276.14,4,0,0
2022-09-06,849.08,276.14,4,0,0
2022-09-07,858.45,276.14,4,0,0
2022-09-08,865.53,126.14,5,1,0
2022-09-09,884.77,126.14,5,3,0
2022-09-12,892.25,126.14,5,6,0
2022-09-13,858.03,126.14,5,8,0
2022-09-14,864.49,126.14,5,9,0
2022-09-15,853.3,265.49,4,9,0
2022-09-16,841.65,255.45,4,7,0
2022-09-19,843.36,245.8,4,10,0
2022-09-20,841.02,95.8,5,5,0
2022-09-21,821.51,95.8,5,4,0
2022-09-22,801.84,239.07,4,2,0
2022-09-23,782.25,505.48,2,0,0
2022-09-26,777.93,639.17,1,0,0
2022-09-27,778.11,639.17,1,0,0
2022-09-28,792.54,489.17,2,0,0
2022-09-29,787.17,489.17,2,0,0
2022-09-30,769.8,189.17,4,0,0
2022-10-03,785.43,39.17,5,0,0
2022-10-04,798.85,39.17,5,0,0
2022-10-05,782.32,39.17,5,0,0
2022-10-06,769.74,39.17,5,0,0
2022-10-07,763.68,462.54,2,0,0
2022-10-10,764.81,462.54,2,0,0
2022-10-11,764.16,462.54,2,0,0
2022-10-12,758.56,462.54,2,0,0
2022-10-13,765.29,462.54,2,0,0
2022-10-14,756.75,462.54,2,0,0
2022-10-17,763.38,462.54,2,0,0
2022-10-18,778.85,462.54,2,0,0
2022-10-19,775.09,394.33,3,0,0
2022-10-20,769.71,394.33,3,0,0
2022-10-21,770.63,532.41,2,0,0
2022-10-24,771.2,232.41,4,0,0
2022-10-25,788.1,82.41,5,1,0
2022-10-26,782.95,82.41,5,1,0
2022-10-27,775.53,82.41,5,1,0
2022-10-28,776.85,395.33,3,1,0
2022-10-31,778.56,95.33,5,1,0
2022-11-01,776.55,95.33,5,1,0
2022-11-02,758.93,95.33,5,2,0
2022-11-03,763.22,231.8,4,2,0
2022-11-04,758.44,81.8,5,1,0
2022-11-07,763.93,151.39,4,1,0
2022-11-08,767.26,151.39,4,0,0
2022-11-09,762.6,151.39,4,0,0
2022-11-10,766.25,151.39,4,0,0
2022-11-11,760.83,1.39,5,2,0
2022-11-14,760.51,147.0,4,2,0
2022-11-15,762.48,147.0,4,1,1
2022-11-16,757.6,147.0,4,1,1
2022-11-17,760.64,147.0,4,2,1
2022-11-18,764.44,147.0,4,2,0
2022-11-21,761.35,148.21,4,1,0
2022-11-22,769.53,148.21,4,0,1
2022-11-23,769.73,148.21,4,0,1
2022-11-25,770.7,148.21,4,0,1
2022-11-28,764.36,148.21,4,0,0
2022-11-29,765.28,148.21,4,0,0
2022-11-30,778.15,148.21,4,0,1
2022-12-01,779.5,148.21,4,4,1
2022-12-02,783.01,148.21,4,4,1
2022-12-05,774.84,148.21,4,4,0
2022-12-06,768.71,148.21,4,3,1
2022-12-07,770.77,148.21,4,0,1
2022-12-08,776.24,148.21,4,0,1
2022-12-09,766.61,148.21,4,0,0
2022-12-12,774.34,148.21,4,0,0
2022-12-13,774.82,148.21,4,0,0
2022-12-14,778.38,148.21,4,0,0
2022-12-15,766.86,148.21,4,0,1
2022-12-16,760.88,148.21,4,0,1
2022-12-19,752.13,148.21,4,0,0
2022-12-20,749.61,148.21,4,0,0
2022-12-21,753.31,148.21,4,0,0
2022-12-22,747.37,286.25,3,0,0
2022-12-23,748.76,286.25,3,0,0
2022-12-27,747.27,286.25,3,0,0
2022-12-28,744.28,286.25,3,0,0
2022-12-29,750.84,286.25,3,0,0
2022-12-30,751.74,286.25,3,0,0
2023-01-03,749.57,286.25,3,0,0
2023-01-04,744.98,286.25,3,0,0
2023-01-05,744.87,424.68,2,0,0
2023-01-06,753.14,424.68,2,0,0
2023-01-09,738.63,274.68,3,0,0
2023-01-10,745.53,274.68,3,0,0
2023-01-11,750.96,274.68,3,0,0
2023-01-12,749.29,274.68,3,0,0
2023-01-13,752.18,274.68,3,0,0
2023-01-17,753.86,274.68,3,0,0
2023-01-18,746.83,274.68,3,0,0
2023-01-19,728.61,274.68,3,0,0
2023-01-20,725.77,566.17,1,0,0
2023-01-23,726.19,566.17,1,0,0
2023-01-24,727.71,566.17,1,0,0
2023-01-25,727.81,566.17,1,0,0
2023-01-26,726.94,566.17,1,0,0
2023-01-27,727.15,566.17,1,0,0
2023-01-30,726.42,566.17,1,0,0
2023-01-31,727.56,566.17,1,0,0
2023-02-01,727.67,566.17,1,0,0
2023-02-02,722.65,566.17,1,0,0
2023-02-03,728.63,566.17,1,0,0
2023-02-06,730.32,416.17,2,0,0
2023-02-07,727.65,416.17,2,0,0
2023-02-08,723.07,416.17,2,0,0
2023-02-09,721.88,416.17,2,0,0
2023-02-10,723.24,556.54,1,0,0
2023-02-13,724.76,556.54,1,0,0
2023-02-14,721.28,556.54,1,0,0
2023-02-15,721.28,406.54,2,0,0
2023-02-16,712.38,406.54,2,0,0
2023-02-17,714.88,406.54,2,0,0
2023-02-21,713.31,406.54,2,0,0
2023-02-22,712.12,406.54,2,0,0
2023-02-23,712.24,406.54,2,0,0
2023-02-24,706.47,406.54,2,0,0
2023-02-27,706.49,406.54,2,0,0
2023-02-28,705.62,406.54,2,0,0
2023-03-01,702.69,406.54,2,0,0
2023-03-02,703.03,408.26,2,0,0
2023-03-03,714.96,408.26,2,0,0
2023-03-06,717.3,408.26,2,0,0
2023-03-07,717.28,408.26,2,0,0
2023-03-08,720.26,408.26,2,0,0
2023-03-09,714.46,258.26,3,0,0
2023-03-10,709.05,258.26,3,0,0
2023-03-13,706.75,258.26,3,0,0
2023-03-14,717.54,108.26,4,0,0
2023-03-15,710.77,108.26,4,0,0
2023-03-16,723.74,248.54,3,0,0
2023-03-17,718.34,248.54,3,0,0
2023-03-20,723.82,98.54,4,0,0
2023-03-21,730.69,98.54,4,0,1
2023-03-22,722.45,98.54,4,0,1
2023-03-23,731.76,98.54,4,0,1
2023-03-24,733.15,98.54,4,0,0
2023-03-27,731.24,98.54,4,0,1
2023-03-28,725.11,98.54,4,0,1
2023-03-29,729.44,250.81,3,0,0
2023-03-30,728.55,250.81,3,0,0
2023-03-31,738.38,250.81,3,0,0
2023-04-03,730.24,100.81,4,0,1
2023-04-04,729.65,100.81,4,0,1
2023-04-05,719.15,256.63,3,0,0
2023-04-06,718.78,256.63,3,0,0
2023-04-10,727.55,256.63,3,0,0
2023-04-11,723.95,416.81,2,0,0
2023-04-12,723.58,416.81,2,0,0
2023-04-13,730.59,416.81,2,0,0
2023-04-14,730.49,266.81,3,0,0
2023-04-17,733.97,266.81,3,0,0
2023-04-18,735.62,266.81,3,0,0
2023-04-19,726.87,266.81,3,0,0
2023-04-20,724.52,266.81,3,0,0
2023-04-21,732.01,266.81,3,0,0
2023-04-24,730.71,266.81,3,0,0
2023-04-25,724.73,266.81,3,0,0
2023-04-26,715.88,116.81,4,0,0
2023-04-27,718.74,116.81,4,0,1
2023-04-28,727.59,116.81,4,1,1
2023-05-01,729.22,116.81,4,2,0
2023-05-02,711.91,116.81,4,1,1
2023-05-03,708.97,100.83,4,2,0
2023-05-04,702.16,100.83,4,2,1
2023-05-05,704.66,92.81,4,1,0
2023-05-08,705.92,92.81,4,2,1
2023-05-09,705.16,92.81,4,1,1
2023-05-10,707.44,92.81,4,1,0
2023-05-11,706.07,92.81,4,0,1
2023-05-12,705.78,92.81,4,0,1
2023-05-15,705.85,92.81,4,1,0
2023-05-16,706.2,92.81,4,0,1
2023-05-17,709.12,92.81,4,0,1
2023-05-18,714.6,92.81,4,2,1
2023-05-19,713.96,92.81,4,7,0
2023-05-22,704.93,92.81,4,6,1
2023-05-23,693.22,92.81,4,6,1
2023-05-24,691.27,238.77,3,6,0
2023-05-25,701.17,88.77,4,0,0
2023-05-26,704.25,88.77,4,4,1
2023-05-30,703.48,88.77,4,4,0
2023-05-31,697.04,88.77,4,5,1
2023-06-01,707.25,88.77,4,3,1
2023-06-02,721.6,88.77,4,3,1
2023-06-05,722.57,88.77,4,3,0
2023-06-06,726.01,88.77,4,2,1
2023-06-07,718.79,88.77,4,1,1
2023-06-08,722.33,88.77,4,3,1
2023-06-09,723.14,88.77,4,3,0
2023-06-12,727.21,88.77,4,2,1
2023-06-13,732.48,88.77,4,5,1
2023-06-14,732.93,88.77,4,4,0
2023-06-15,738.3,88.77,4,4,1
2023-06-16,733.54,88.77,4,6,1
2023-06-20,726.91,88.77,4,9,0
2023-06-21,727.83,88.77,4,4,1
2023-06-22,730.7,88.77,4,3,1
2023-06-23,723.55,88.77,4,0,1
2023-06-26,720.87,88.77,4,1,0
2023-06-27,735.78,88.77,4,0,1
2023-06-28,734.0,88.77,4,1,1
2023-06-29,741.79,88.77,4,1,1
2023-06-30,748.08,170.52,4,1,0
2023-07-03,743.96,102.2,5,1,0
2023-07-05,744.52,102.2,5,0,0
2023-07-06,744.63,102.2,5,0,0
2023-07-07,739.83,102.2,5,0,0
2023-07-10,740.89,102.2,5,0,0
2023-07-11,741.0,102.2,5,0,0
2023-07-12,744.29,102.2,5,0,0
2023-07-13,746.34,102.2,5,0,0
2023-07-14,751.36,102.2,5,1,0
2023-07-17,752.42,102.2,5,3,0
2023-07-18,761.18,102.2,5,4,0
2023-07-19,758.91,102.2,5,7,0
2023-07-20,758.01,189.52,4,8,0
2023-07-21,755.24,39.52,5,5,0
2023-07-24,760.36,39.52,5,7,0
2023-07-25,760.38,39.52,5,4,0
2023-07-26,753.41,39.52,5,4,0
2023-07-27,750.29,204.0,4,6,0
2023-07-28,750.89,54.0,5,3,0
2023-07-31,751.83,54.0,5,4,0
2023-08-01,748.21,142.97,4,5,0
2023-08-02,741.78,141.85,4,3,0
2023-08-03,738.17,141.85,4,2,1
2023-08-04,736.28,141.85,4,2,1
2023-08-07,743.43,141.85,4,3,0
2023-08-08,765.25,141.85,4,1,1
2023-08-09,758.15,81.46,5,1,0
2023-08-10,758.09,81.46,5,1,0
2023-08-11,760.76,225.92,4,0,0
2023-08-14,763.84,225.92,4,0,0
2023-08-15,755.68,225.92,4,0,0
2023-08-16,745.04,218.66,4,0,0
2023-08-17,736.55,210.82,4,0,0
2023-08-18,735.71,490.64,2,0,0
2023-08-21,736.51,490.64,2,0,0
2023-08-22,734.82,340.64,3,0,0
2023-08-23,736.32,340.64,3,0,0
2023-08-24,730.85,340.64,3,0,0
2023-08-25,732.53,340.64,3,0,0
2023-08-28,735.03,190.64,4,0,0
2023-08-29,737.03,190.64,4,0,0
2023-08-30,741.36,190.64,4,0,0
2023-08-31,745.0,190.64,4,0,0
2023-09-01,744.74,40.64,5,1,0
2023-09-05,743.64,40.64,5,1,0
2023-09-06,741.03,40.64,5,1,0
2023-09-07,745.47,40.64,5,0,0
2023-09-08,750.84,40.64,5,0,0
2023-09-11,757.08,40.64,5,0,0
2023-09-12,747.95,40.64,5,2,0
2023-09-13,751.08,186.29,4,3,0
2023-09-14,750.86,36.29,5,2,0
2023-09-15,741.34,36.29,5,2,0
2023-09-18,740.87,36.29,5,5,0
2023-09-19,738.51,36.29,5,3,0
2023-09-20,734.31,36.29,5,3,0
2023-09-21,719.59,36.29,5,3,0
2023-09-22,717.14,475.21,2,0,0
2023-09-25,719.18,475.21,2,0,0
2023-09-26,718.38,475.21,2,0,0
2023-09-27,718.37,475.21,2,0,0
2023-09-28,717.8,475.21,2,0,0
2023-09-29,714.46,475.21,2,0,0
2023-10-02,712.3,567.75,1,0,0
2023-10-03,710.59,567.75,1,0,0
2023-10-04,709.59,709.59,0,0,0
2023-10-05,709.59,709.59,0,0,0
2023-10-06,709.59,709.59,0,0,0
2023-10-09,709.59,709.59,0,0,0
2023-10-10,709.59,709.59,0,0,0
2023-10-11,709.23,409.59,2,0,0
2023-10-12,706.61,259.59,3,0,0
2023-10-13,705.01,259.59,3,0,0
2023-10-16,710.72,259.59,3,0,0
2023-10-17,707.36,109.59,4,0,0
2023-10-18,700.6,109.59,4,0,0
2023-10-19,690.97,109.59,4,0,0
2023-10-20,683.46,397.75,2,0,0
2023-10-23,679.86,538.09,1,0,0
2023-10-24,679.54,679.54,0,0,0
2023-10-25,679.54,679.54,0,0,0
2023-10-26,679.54,679.54,0,0,0
2023-10-27,679.54,679.54,0,0,0
2023-10-30,679.54,679.54,0,0,0
2023-10-31,679.54,679.54,0,0,0
2023-11-01,679.54,679.54,0,0,0
2023-11-02,677.98,529.54,1,0,0
2023-11-03,678.55,529.54,1,0,0
2023-11-06,676.79,379.54,2,0,0
2023-11-07,673.1,79.54,4,0,0
2023-11-08,668.81,79.54,4,0,1
2023-11-09,665.88,79.54,4,0,1
2023-11-10,667.79,79.54,4,0,1
2023-11-13,673.11,79.54,4,0,0
2023-11-14,680.29,228.59,3,0,0
2023-11-15,679.82,228.59,3,0,0
2023-11-16,673.54,78.59,4,0,0
2023-11-17,677.68,78.59,4,0,0
2023-11-20,681.0,73.29,4,0,0
2023-11-21,679.91,73.29,4,0,1
2023-11-22,683.19,73.29,4,0,1
2023-11-24,679.65,73.29,4,0,1
2023-11-27,679.05,73.29,4,0,0
2023-11-28,678.4,73.29,4,1,1
2023-11-29,680.22,73.29,4,2,1
2023-11-30,677.0,78.5,4,3,0
2023-12-01,677.12,78.5,4,9,1
2023-12-04,675.93,78.5,4,9,1
2023-12-05,670.75,78.5,4,8,0
2023-12-06,653.34,78.5,4,6,1
2023-12-07,652.46,72.18,4,2,0
2023-12-08,673.56,216.65,3,2,0
2023-12-11,676.21,66.65,4,1,0
2023-12-12,678.32,66.65,4,2,1
2023-12-13,688.2,66.65,4,3,1
2023-12-14,679.68,66.65,4,10,1
2023-12-15,675.84,66.65,4,10,0
2023-12-18,675.22,66.65,4,10,1
2023-12-19,678.16,66.65,4,8,1
2023-12-20,664.79,66.65,4,4,0
2023-12-21,668.65,40.96,4,3,0
2023-12-22,669.39,40.96,4,2,1
2023-12-26,670.18,40.96,4,2,0
2023-12-27,669.87,40.96,4,0,0
2023-12-28,668.15,40.96,4,0,1
2023-12-29,666.62,40.96,4,0,1
2024-01-02,655.45,186.3,3,0,0
2024-01-03,648.26,36.3,4,0,1
2024-01-04,644.57,36.3,4,0,1
2024-01-05,643.41,36.3,4,0,1
2024-01-08,646.65,36.3,4,0,0
2024-01-09,649.38,36.3,4,0,1
2024-01-10,657.97,36.3,4,0,1
2024-01-11,663.36,36.3,4,2,1
2024-01-12,667.87,36.3,4,2,0
2024-01-16,667.82,36.3,4,2,1
2024-01-17,665.09,36.3,4,2,0
2024-01-18,673.93,36.3,4,2,1
2024-01-19,676.46,36.3,4,5,1
2024-01-22,683.15,36.3,4,10,0
2024-01-23,680.97,124.46,4,8,1
2024-01-24,675.97,124.46,4,9,1
2024-01-25,677.33,124.46,4,7,1
2024-01-26,676.64,124.46,4,4,0
2024-01-29,684.41,124.46,4,4,1
2024-01-30,684.79,124.46,4,4,1
2024-01-31,669.45,124.46,4,6,0
2024-02-01,672.77,121.84,4,3,0
2024-02-02,681.08,121.84,4,3,1
2024-02-05,676.36,121.84,4,6,1
2024-02-06,683.02,121.84,4,5,0
2024-02-07,689.21,121.84,4,6,1
2024-02-08,691.89,121.84,4,7,1
2024-02-09,680.13,121.84,4,6,1
2024-02-12,676.51,267.29,3,8,0
2024-02-13,669.67,117.29,4,3,1
2024-02-14,674.45,117.29,4,6,1
2024-02-15,680.0,117.29,4,8,1
2024-02-16,675.11,267.84,3,7,0
2024-02-20,674.64,117.84,4,5,1
2024-02-21,652.06,117.84,4,2,0
2024-02-22,661.55,37.56,4,0,0
2024-02-23,666.47,37.56,4,2,1
2024-02-26,666.63,37.56,4,2,1
2024-02-27,671.08,37.56,4,3,0
2024-02-28,671.57,37.56,4,2,1
2024-02-29,666.27,37.56,4,0,1
2024-03-01,670.73,37.56,4,4,1
2024-03-04,672.31,37.56,4,4,0
2024-03-05,667.46,37.56,4,5,1
2024-03-06,672.09,37.56,4,5,1
2024-03-07,674.17,45.81,4,1,0
2024-03-08,673.34,45.81,4,3,1
2024-03-11,671.4,45.81,4,3,1
2024-03-12,674.46,45.81,4,3,0
2024-03-13,670.95,45.81,4,2,1
2024-03-14,665.33,45.81,4,0,1
2024-03-15,656.18,37.06,4,1,0
2024-03-18,655.82,31.3,4,5,0
2024-03-19,657.85,31.3,4,4,1
2024-03-20,661.07,31.3,4,4,1
2024-03-21,667.95,31.3,4,4,1
2024-03-22,663.07,118.55,4,1,0
2024-03-25,661.49,118.55,4,0,1
2024-03-26,661.88,118.55,4,0,1
2024-03-27,667.87,118.55,4,1,0
2024-03-28,667.54,118.55,4,0,1
2024-04-01,663.24,264.15,3,1,0
2024-04-02,664.44,114.15,4,0,0
2024-04-03,671.29,114.15,4,0,0
2024-04-04,666.07,114.15,4,0,0
2024-04-05,672.61,114.15,4,0,0
2024-04-08,667.4,265.9,3,0,0
2024-04-09,663.78,265.9,3,0,0
2024-04-10,659.79,265.9,3,0,0
2024-04-11,660.19,265.9,3,0,0
2024-04-12,654.52,265.9,3,0,0
2024-04-15,651.43,265.9,3,0,0
2024-04-16,646.18,419.99,2,0,0
2024-04-17,644.7,498.03,1,0,0
2024-04-18,639.31,498.03,1,0,0
2024-04-19,639.11,639.11,0,0,0
2024-04-22,639.11,639.11,0,0,0
2024-04-23,639.11,639.11,0,0,0
2024-04-24,638.91,489.11,1,0,0
2024-04-25,639.44,489.11,1,0,0
2024-04-26,638.53,189.11,3,0,0
2024-04-29,636.8,189.11,3,0,0
2024-04-30,633.62,189.11,3,0,0
2024-05-01,634.42,39.11,4,0,0
2024-05-02,636.24,39.11,4,0,1
2024-05-03,640.79,39.11,4,1,1
2024-05-06,643.74,39.11,4,1,0
2024-05-07,648.19,39.11,4,0,1
2024-05-08,645.11,39.11,4,3,1
2024-05-09,652.33,39.11,4,4,1
2024-05-10,654.93,39.11,4,5,0
2024-05-13,652.61,39.11,4,5,1
2024-05-14,650.32,39.11,4,2,1
2024-05-15,649.89,39.11,4,1,0
2024-05-16,647.96,39.11,4,0,0
2024-05-17,646.78,39.11,4,1,1
2024-05-20,642.36,39.11,4,1,1
2024-05-21,640.46,39.11,4,1,0
2024-05-22,628.63,28.62,4,0,0
2024-05-23,622.53,28.62,4,1,1
2024-05-24,622.68,28.62,4,1,1
2024-05-28,618.38,28.62,4,1,0
2024-05-29,611.16,20.3,4,0,0
2024-05-30,605.89,162.35,3,0,0
2024-05-31,608.93,162.35,3,0,0
2024-06-03,614.52,12.35,4,0,1
2024-06-04,620.72,12.35,4,0,1
2024-06-05,629.41,12.35,4,0,0
2024-06-06,626.98,12.35,4,1,1
2024-06-07,622.99,12.35,4,1,1
2024-06-10,625.22,154.98,3,1,0
2024-06-11,623.45,4.98,4,0,0
2024-06-12,632.62,4.98,4,0,1
2024-06-13,646.23,4.98,4,2,1
2024-06-14,648.51,4.98,4,4,1
2024-06-17,653.36,4.98,4,5,0
2024-06-18,664.82,4.98,4,4,1
2024-06-20,657.68,95.93,4,2,1
2024-06-21,652.7,95.93,4,2,1
2024-06-24,645.75,95.93,4,6,0
2024-06-25,649.62,24.65,4,5,0
2024-06-26,648.28,24.65,4,5,1
2024-06-27,647.66,24.65,4,5,1
2024-06-28,644.72,24.65,4,2,1
2024-07-01,643.52,169.67,3,2,0
2024-07-02,645.51,19.67,4,0,1
2024-07-03,645.26,19.67,4,0,1
2024-07-05,652.01,19.67,4,1,1
2024-07-08,655.58,19.67,4,2,0
2024-07-09,657.71,19.67,4,1,1
2024-07-10,663.71,19.67,4,0,1
2024-07-11,653.73,19.67,4,2,1
2024-07-12,658.4,19.67,4,4,0
2024-07-15,655.73,19.67,4,3,1
2024-07-16,654.53,19.67,4,4,1
2024-07-17,636.06,19.67,4,4,0
2024-07-18,625.01,161.69,3,3,0
2024-07-19,623.24,17.3,4,2,0
2024-07-22,620.39,17.3,4,2,1
2024-07-23,617.43,17.3,4,1,1
2024-07-24,616.04,161.51,3,2,0
2024-07-25,618.07,11.51,4,0,1
2024-07-26,628.69,11.51,4,0,1
2024-07-29,627.96,176.07,3,1,0
2024-07-30,637.24,26.07,4,0,0
2024-07-31,640.4,26.07,4,0,1
2024-08-01,637.52,26.07,4,1,1
2024-08-02,631.57,26.07,4,3,1
2024-08-05,616.45,161.14,3,6,0
2024-08-06,616.0,11.14,4,5,1
2024-08-07,614.57,11.14,4,5,1
2024-08-08,620.99,11.14,4,3,1
2024-08-09,618.91,11.14,4,0,0
2024-08-12,617.79,158.27,3,0,0
2024-08-13,622.42,158.27,3,0,0
2024-08-14,627.17,158.27,3,0,0
2024-08-15,630.53,158.27,3,0,0
2024-08-16,632.23,158.27,3,0,0
2024-08-19,633.0,158.27,3,0,0
2024-08-20,631.61,158.27,3,0,0
2024-08-21,631.64,8.27,4,0,0
2024-08-22,633.23,8.27,4,0,1
2024-08-23,636.18,89.64,4,0,1
2024-08-26,640.58,89.64,4,0,0
2024-08-27,639.72,89.64,4,0,0
2024-08-28,639.21,89.64,4,0,0
2024-08-29,647.95,89.64,4,0,0
2024-08-30,649.89,89.64,4,0,0
2024-09-03,644.77,89.64,4,1,1
2024-09-04,648.96,89.64,4,3,0
2024-09-05,643.81,89.64,4,2,1
2024-09-06,630.2,89.64,4,2,1
2024-09-09,635.08,89.64,4,3,0
2024-09-10,631.23,91.71,4,0,0
2024-09-11,630.85,91.71,4,0,1
2024-09-12,633.23,91.71,4,2,1
2024-09-13,633.26,91.71,4,3,1
2024-09-16,638.24,91.71,4,4,0
2024-09-17,635.02,105.24,4,3,0
2024-09-18,639.71,105.24,4,0,1
2024-09-19,651.67,105.24,4,2,1
2024-09-20,649.63,105.24,4,5,1
2024-09-23,651.18,250.02,3,10,0
2024-09-24,652.68,100.02,4,8,1
2024-09-25,649.51,100.02,4,10,1
2024-09-26,653.47,100.02,4,8,1
2024-09-27,649.8,100.02,4,2,0
2024-09-30,653.63,100.02,4,1,1
2024-10-01,646.89,100.02,4,0,1
2024-10-02,650.35,100.02,4,1,0
2024-10-03,647.04,100.02,4,0,1
2024-10-04,656.44,100.02,4,0,1
2024-10-07,654.22,100.02,4,0,0
2024-10-08,658.95,100.02,4,0,1
2024-10-09,663.43,100.02,4,1,1
2024-10-10,656.61,100.02,4,2,1
2024-10-11,669.23,100.02,4,2,0
2024-10-14,672.03,100.02,4,3,1
2024-10-15,670.93,100.02,4,2,1
2024-10-16,677.12,100.02,4,2,0
2024-10-17,673.26,115.64,4,1,0
2024-10-18,673.7,115.64,4,0,1
2024-10-21,671.51,115.64,4,2,1
2024-10-22,656.89,115.64,4,2,0
2024-10-23,658.54,115.64,4,1,1
2024-10-24,656.54,115.64,4,1,1
2024-10-25,651.46,115.64,4,1,1
2024-10-28,651.45,260.82,3,3,0
2024-10-29,649.49,110.82,4,1,1
2024-10-30,646.32,101.74,4,1,0
2024-10-31,629.52,101.74,4,0,1
2024-11-01,625.34,88.54,4,1,0
2024-11-04,618.18,88.54,4,0,1
2024-11-05,622.59,224.32,3,0,0
2024-11-06,633.3,74.32,4,0,1
2024-11-07,630.99,74.32,4,10,1
2024-11-08,635.54,74.32,4,10,1
2024-11-11,660.56,74.32,4,10,0
2024-11-12,654.87,74.32,4,10,1
2024-11-13,654.58,74.32,4,1,1
2024-11-14,653.5,74.32,4,2,1
2024-11-15,666.93,74.32,4,2,0
2024-11-18,655.49,13.64,5,1,0
2024-11-19,655.99,178.54,4,1,0
2024-11-20,656.1,178.54,4,0,0
2024-11-21,660.01,178.54,4,0,0
2024-11-22,665.1,178.54,4,0,0
2024-11-25,663.62,28.54,5,3,0
2024-11-26,673.52,28.54,5,8,0
2024-11-27,672.87,28.54,5,8,0
2024-11-29,676.67,28.54,5,8,0
2024-12-02,677.59,28.54,5,5,0
2024-12-03,681.06,28.54,5,0,0
2024-12-04,683.86,28.54,5,1,0
2024-12-05,690.76,28.54,5,4,0
2024-12-06,699.76,28.54,5,5,0
2024-12-09,683.18,28.54,5,5,0
2024-12-10,679.78,28.54,5,4,0
2024-12-11,679.33,28.54,5,1,0
2024-12-12,679.13,28.54,5,1,0
2024-12-13,681.27,28.54,5,1,0
2024-12-16,681.44,181.96,4,1,0
2024-12-17,681.49,31.96,5,0,0
2024-12-18,663.81,31.96,5,1,0
2024-12-19,666.1,114.55,4,1,0
2024-12-20,677.99,114.55,4,1,1
2024-12-23,678.17,114.55,4,2,1
2024-12-24,685.97,114.55,4,1,0
2024-12-26,686.08,114.55,4,0,1
2024-12-27,676.95,114.55,4,0,1
2024-12-30,666.98,114.55,4,0,0
2024-12-31,664.35,114.55,4,0,0
2025-01-02,663.88,114.55,4,0,0
2025-01-03,674.58,114.55,4,0,0
2025-01-06,677.01,223.03,3,0,0
2025-01-07,669.58,73.03,4,0,0
2025-01-08,669.42,73.03,4,0,0
2025-01-10,665.83,73.03,4,0,0
2025-01-13,659.23,73.03,4,0,0
2025-01-14,659.33,214.42,3,0,0
2025-01-15,665.15,214.42,3,0,0
2025-01-16,662.75,59.78,4,2,0
2025-01-17,669.58,59.78,4,2,1
2025-01-21,677.93,59.78,4,3,0
2025-01-22,677.71,59.78,4,1,1
2025-01-23,687.73,59.78,4,1,1
2025-01-24,689.46,59.78,4,1,1
2025-01-27,696.06,59.78,4,3,0
2025-01-28,692.72,59.78,4,5,1
2025-01-29,693.42,59.78,4,7,1
2025-01-30,698.56,59.78,4,7,1
2025-01-31,695.4,59.78,4,6,0
2025-02-03,698.15,59.78,4,5,1
2025-02-04,699.02,59.78,4,3,1
2025-02-05,707.63,59.78,4,5,0
2025-02-06,708.93,59.78,4,4,1
2025-02-07,703.36,59.78,4,5,1
2025-02-10,698.57,59.78,4,5,0
2025-02-11,700.46,59.78,4,1,1
2025-02-12,703.61,59.78,4,1,1
2025-02-13,705.99,59.78,4,1,1
2025-02-14,701.67,59.78,4,1,0
2025-02-18,703.37,55.25,4,0,0
2025-02-19,702.04,55.25,4,0,1
2025-02-20,675.24,55.25,4,0,1
2025-02-21,665.11,55.25,4,0,1
2025-02-24,661.67,55.25,4,0,0
2025-02-25,656.63,209.62,3,0,0
2025-02-26,657.27,209.62,3,0,0
2025-02-27,653.97,209.62,3,0,0
2025-02-28,661.67,353.97,2,0,0
2025-03-03,652.13,53.97,4,1,1
2025-03-04,633.4,53.97,4,2,1
2025-03-05,633.51,483.55,1,2,0
2025-03-06,630.64,183.55,3,0,0
2025-03-07,634.75,183.55,3,0,0
2025-03-10,636.99,33.55,4,1,1
2025-03-11,629.13,33.55,4,7,1
2025-03-12,622.75,173.63,3,7,0
2025-03-13,618.89,23.63,4,5,1
2025-03-14,619.27,18.82,4,5,0
2025-03-17,626.12,18.82,4,4,1
2025-03-18,625.4,18.82,4,1,1
2025-03-19,622.76,18.82,4,1,0
2025-03-20,620.65,8.54,4,0,0
2025-03-21,617.77,8.54,4,0,0
2025-03-24,619.92,8.54,4,0,1
2025-03-25,613.27,8.54,4,0,1
2025-03-26,612.84,294.99,2,0,0
2025-03-27,610.44,294.99,2,0,0
2025-03-28,607.23,294.99,2,0,0
2025-03-31,610.63,294.99,2,0,0
2025-04-01,605.18,144.99,3,0,0
2025-04-02,607.94,144.99,3,0,0
2025-04-03,586.03,144.99,3,0,0
2025-04-04,554.25,125.27,3,0,0
2025-04-07,546.48,258.53,2,0,0
2025-04-08,534.0,98.11,3,0,0
2025-04-09,543.76,98.11,3,0,2
2025-04-10,538.29,98.11,3,1,2
2025-04-11,539.02,91.06,3,1,0
2025-04-14,547.32,91.06,3,0,1
2025-04-15,547.05,91.06,3,0,1
2025-04-16,542.1,91.06,3,0,1
2025-04-17,541.51,91.06,3,0,1
2025-04-21,530.71,91.06,3,0,0
2025-04-22,540.54,234.94,2,0,0
2025-04-23,538.65,234.94,2,0,0
2025-04-24,540.97,234.94,2,0,0
2025-04-25,540.82,234.94,2,0,0
2025-04-28,540.92,234.94,2,0,0
2025-04-29,544.47,234.94,2,0,0
2025-04-30,546.91,234.94,2,0,0
2025-05-01,547.84,234.94,2,0,0
2025-05-02,552.64,234.94,2,0,0
2025-05-05,552.3,234.94,2,0,0
2025-05-06,551.59,234.94,2,0,0
2025-05-07,551.92,316.0,2,0,0
2025-05-08,553.11,316.0,2,0,0
2025-05-09,553.79,316.0,2,0,0
2025-05-12,552.09,316.0,2,0,0
2025-05-13,556.73,166.0,3,0,0
2025-05-14,552.47,166.0,3,0,0
2025-05-15,556.22,166.0,3,0,0
2025-05-16,560.86,166.0,3,0,0
2025-05-19,563.04,16.0,4,0,0
2025-05-20,560.67,16.0,4,0,0
2025-05-21,549.7,16.0,4,0,0
2025-05-22,549.69,16.0,4,0,0
2025-05-23,548.64,16.0,4,0,1
2025-05-27,554.87,16.0,4,0,0
2025-05-28,550.94,16.0,4,1,1
2025-05-29,540.62,9.32,4,2,0
2025-05-30,544.6,9.32,4,1,1
2025-06-02,546.18,9.32,4,3,1
2025-06-03,545.56,9.32,4,3,0
2025-06-04,546.95,149.84,3,2,1
2025-06-05,545.84,149.84,3,1,2
2025-06-06,547.27,149.84,3,1,2
2025-06-09,545.82,149.84,3,1,0
2025-06-10,544.89,149.84,3,0,1
2025-06-11,543.68,149.84,3,0,1
2025-06-12,547.03,149.84,3,0,1
2025-06-13,543.16,149.84,3,0,0
2025-06-16,544.69,149.84,3,1,2
2025-06-17,543.54,149.84,3,1,2
2025-06-18,544.11,149.84,3,1,0
2025-06-20,542.45,149.84,3,0,1
2025-06-23,545.63,149.84,3,0,0
2025-06-24,554.13,149.84,3,0,1
2025-06-25,551.8,149.84,3,0,1
2025-06-26,553.67,149.84,3,0,1
2025-06-27,554.38,149.84,3,2,1
2025-06-30,557.87,149.84,3,4,2
2025-07-01,554.07,149.84,3,5,1
2025-07-02,555.15,149.84,3,4,1
2025-07-03,558.24,149.84,3,1,2
2025-07-07,559.29,149.84,3,1,0
2025-07-08,556.77,149.84,3,0,0
2025-07-09,556.62,149.84,3,0,0
2025-07-10,550.74,149.84,3,0,0
2025-07-11,547.02,149.84,3,0,0
2025-07-14,549.56,149.84,3,0,0
2025-07-15,545.27,149.84,3,0,0
2025-07-16,544.83,149.84,3,0,0
2025-07-17,545.66,149.84,3,0,2
2025-07-18,550.19,149.84,3,3,2
2025-07-21,551.19,149.84,3,3,0
2025-07-22,549.27,149.84,3,1,2
2025-07-23,548.9,149.84,3,1,2
2025-07-24,552.4,149.84,3,1,2
2025-07-25,556.52,149.84,3,1,0
2025-07-28,553.28,149.84,3,0,2
2025-07-29,555.64,149.84,3,0,2
2025-07-30,555.41,149.84,3,1,0
2025-07-31,555.27,149.84,3,1,2
2025-08-01,541.54,149.84,3,2,2
2025-08-04,548.58,149.84,3,3,0
2025-08-05,546.96,149.84,3,1,2
2025-08-06,551.27,149.84,3,2,2
2025-08-07,547.57,149.84,3,4,2
2025-08-08,537.24,149.84,3,4,0
2025-08-11,539.06,137.36,3,2,1
2025-08-12,543.99,137.36,3,1,2
2025-08-13,547.52,137.36,3,1,1
2025-08-14,546.5,137.36,3,0,1
2025-08-15,547.66,137.36,3,0,0
2025-08-18,543.64,218.3,3,0,0
2025-08-19,544.4,218.3,3,0,0
2025-08-20,547.02,68.3,4,0,0
2025-08-21,546.78,68.3,4,0,0
2025-08-22,548.35,68.3,4,0,0
2025-08-25,541.45,68.3,4,0,0
2025-08-26,540.85,68.3,4,0,0
2025-08-27,539.9,68.3,4,0,0
2025-08-28,541.87,68.3,4,0,0
2025-08-29,542.27,68.3,4,0,1
2025-09-02,543.89,68.3,4,0,0
2025-09-03,541.19,149.26,4,0,1
2025-09-04,542.19,149.26,4,1,1
2025-09-05,539.58,149.26,4,1,1
2025-09-08,538.07,149.26,4,1,0
2025-09-09,537.11,149.26,4,0,1
2025-09-10,531.96,141.24,4,1,0
2025-09-11,538.23,141.24,4,3,1
2025-09-12,536.62,141.24,4,5,1
2025-09-15,541.35,141.24,4,5,0
2025-09-16,539.63,141.24,4,3,1
2025-09-17,539.59,141.24,4,1,1
2025-09-18,539.95,141.24,4,1,1
2025-09-19,540.68,141.24,4,2,0
2025-09-22,539.27,141.24,4,10,1
2025-09-23,537.44,141.24,4,10,1
2025-09-24,531.65,219.23,3,9,0
2025-09-25,529.62,69.23,4,6,1
2025-09-26,532.39,69.23,4,1,1
2025-09-29,534.88,69.23,4,1,0
2025-09-30,538.95,69.23,4,0,1
2025-10-01,549.93,69.23,4,0,1
2025-10-02,546.54,69.23,4,0,1
2025-10-03,542.93,69.23,4,0,0
2025-10-06,543.81,69.23,4,0,1
2025-10-07,544.51,69.23,4,1,1
2025-10-08,544.52,69.23,4,1,0
2025-10-09,539.27,69.23,4,2,1
2025-10-10,533.86,69.23,4,2,1
2025-10-13,538.85,69.23,4,2,0
2025-10-14,540.31,69.23,4,0,1
2025-10-15,540.69,69.23,4,2,1
2025-10-16,540.32,69.23,4,3,1
2025-10-17,546.12,69.23,4,3,0
2025-10-20,550.43,69.23,4,3,1
2025-10-21,547.39,69.23,4,2,1
2025-10-22,546.32,69.23,4,2,0
2025-10-23,546.14,69.23,4,2,1
2025-10-24,549.27,69.23,4,2,1
2025-10-27,554.67,69.23,4,2,0
2025-10-28,553.31,69.23,4,0,1
2025-10-29,553.21,69.23,4,0,1
2025-10-30,559.15,142.23,3,0,1
2025-10-31,553.21,142.23,3,0,1
2025-11-03,550.9,138.67,3,0,1
2025-11-04,539.68,73.81,4,0,1
2025-11-05,538.16,73.81,4,0,1
2025-11-06,536.32,73.81,4,0,1
2025-11-07,536.65,73.81,4,0,0
2025-11-10,548.02,73.81,4,0,0
2025-11-11,549.79,73.81,4,0,0
2025-11-12,542.65,73.81,4,0,0
2025-11-13,532.38,73.81,4,0,1
2025-11-14,527.06,52.75,4,0,0
2025-11-17,526.25,52.75,4,0,1
2025-11-18,527.18,52.75,4,1,1
2025-11-19,527.23,52.75,4,1,0
2025-11-20,525.3,50.83,4,0,0
2025-11-21,533.13,50.83,4,0,0
2025-11-24,540.67,50.83,4,1,1
2025-11-25,548.24,50.83,4,1,1
2025-11-26,547.95,50.83,4,1,0
2025-11-28,547.09,50.83,4,0,1
2025-12-01,540.32,50.83,4,1,0
2025-12-02,541.3,50.83,4,1,1
2025-12-03,549.28,50.83,4,1,1
2025-12-04,544.2,50.83,4,1,1
2025-12-05,543.92,50.83,4,0,0
2025-12-08,536.86,50.83,4,0,0
2025-12-09,534.2,50.83,4,0,0
2025-12-10,540.89,196.73,3,0,0
2025-12-11,541.3,196.73,3,0,0
2025-12-12,542.74,196.73,3,0,0
2025-12-15,545.08,196.73,3,0,0
2025-12-16,540.8,196.73,3,0,0
2025-12-17,537.38,196.73,3,0,0
2025-12-18,537.23,196.73,3,0,0
2025-12-19,547.06,46.73,4,0,0
2025-12-22,551.61,46.73,4,2,1
2025-12-23,549.64,47.61,4,3,0
2025-12-24,551.69,47.61,4,2,1
2025-12-26,551.79,47.61,4,2,1
2025-12-29,548.43,47.61,4,1,0
2025-12-30,545.17,47.61,4,0,0
2025-12-31,542.68,47.61,4,0,0
2026-01-02,547.87,47.61,4,0,0
2026-01-05,553.17,47.61,4,0,1
2026-01-06,561.98,47.61,4,5,1
2026-01-07,564.86,47.61,4,6,0
2026-01-08,563.03,47.61,4,5,1
2026-01-09,562.93,47.61,4,5,1
2026-01-12,565.58,47.61,4,6,0
2026-01-13,563.35,47.61,4,1,1
2026-01-14,565.47,47.61,4,1,1
2026-01-15,563.36,47.61,4,3,1
2026-01-16,561.82,47.61,4,3,0
2026-01-20,551.42,47.61,4,2,1
2026-01-21,561.73,47.61,4,3,0
2026-01-22,568.55,47.61,4,4,1
2026-01-23,562.15,47.61,4,4,1
2026-01-26,566.8,47.61,4,5,0
2026-01-27,572.14,47.61,4,3,1
2026-01-28,574.22,47.61,4,0,1
2026-01-29,577.35,47.61,4,0,1
2026-01-30,576.03,198.0,3,0,0
2026-02-02,579.96,134.96,4,0,0
2026-02-03,585.81,134.96,4,1,1
2026-02-04,589.97,134.96,4,4,1
2026-02-05,585.68,134.96,4,10,1
2026-02-06,589.83,134.96,4,10,0
2026-02-09,589.06,134.96,4,10,1
2026-02-10,586.38,134.96,4,7,1
2026-02-11,587.78,233.29,3,1,0
2026-02-12,586.25,233.29,3,1,0
2026-02-13,587.1,83.29,4,1,1
2026-02-17,586.52,83.29,4,1,0
2026-02-18,590.14,83.29,4,0,0
2026-02-19,592.54,83.29,4,0,0
2026-02-20,597.28,83.29,4,0,0
2026-02-23,591.86,83.29,4,0,0
2026-02-24,597.51,83.29,4,0,1
2026-02-25,602.04,83.29,4,0,1
2026-02-26,608.61,83.29,4,0,1
2026-02-27,611.91,83.29,4,0,0
2026-03-02,610.05,83.29,4,0,1
2026-03-03,605.37,83.29,4,3,1
2026-03-04,607.1,83.29,4,3,0
2026-03-05,604.38,83.29,4,2,1
2026-03-06,596.59,83.29,4,3,1
2026-03-09,598.9,83.29,4,3,0
2026-03-10,601.71,83.29,4,0,1
2026-03-11,606.73,83.29,4,0,1
2026-03-12,599.33,83.29,4,0,1
2026-03-13,595.35,83.29,4,1,0
2026-03-16,597.26,83.29,4,0,1
2026-03-17,602.41,83.29,4,0,1
2026-03-18,598.41,83.29,4,0,0
2026-03-19,603.54,83.29,4,0,0
2026-03-20,601.04,83.29,4,0,0
2026-03-23,607.44,83.29,4,0,1
2026-03-24,605.94,21.49,5,0,0
2026-03-25,605.21,112.49,4,0,0
2026-03-26,608.32,112.49,4,0,0
2026-03-27,599.25,112.49,4,0,0
2026-03-30,598.04,351.63,2,0,0
2026-03-31,595.35,351.63,2,0,0
2026-04-01,587.01,351.63,2,0,0
2026-04-02,590.19,351.63,2,0,0
2026-04-06,591.45,351.63,2,0,0
2026-04-07,592.76,351.63,2,0,0
2026-04-08,580.48,201.63,3,0,0
2026-04-09,578.25,201.63,3,0,0
2026-04-10,576.12,344.4,2,0,0
2026-04-13,575.56,426.27,1,0,0
2026-04-14,575.34,426.27,1,0,0
2026-04-15,579.72,426.27,1,0,0
2026-04-16,577.98,426.27,1,0,0
2026-04-17,579.38,276.27,2,0,0
2026-04-20,577.28,126.27,3,0,0
2026-04-21,579.52,126.27,3,0,0
2026-04-22,591.37,126.27,3,0,0
2026-04-23,580.38,126.27,3,0,0
2026-04-24,596.73,110.52,3,0,0
2026-04-27,589.08,201.16,3,0,0
2026-04-28,590.41,201.16,3,0,0
2026-04-29,590.2,201.16,3,0,0
2026-04-30,601.16,201.16,3,0,0
2026-05-01,606.83,51.16,4,1,1
2026-05-04,596.74,51.16,4,1,1
2026-05-05,607.81,51.16,4,1,0
2026-05-06,629.63,51.16,4,0,1
2026-05-07,622.42,133.37,4,1,1
2026-05-08,634.96,125.94,4,1,0
2026-05-11,631.67,125.94,4,2,1
2026-05-12,630.41,125.94,4,2,1
2026-05-13,632.27,125.94,4,1,0
2026-05-14,634.08,204.86,3,0,0
2026-05-15,626.79,204.86,3,0,0
2026-05-18,632.57,54.86,4,0,1
2026-05-19,630.5,54.86,4,1,1
2026-05-20,636.91,54.86,4,2,0
2026-05-21,635.34,54.86,4,2,1
2026-05-22,643.54,54.86,4,2,1
2026-05-26,650.68,54.86,4,2,0
2026-05-27,637.27,193.02,3,0,0
2026-05-28,645.98,193.02,3,0,0
2026-05-29,652.06,193.02,3,0,0
2026-06-01,667.2,43.02,4,0,0
2026-06-02,661.06,132.95,4,2,1
2026-06-03,648.48,123.01,4,3,0
2026-06-04,640.91,123.01,4,2,1
2026-06-05,613.53,123.01,4,2,1
2026-06-08,611.93,250.34,3,2,0
2026-06-09,604.84,387.56,2,0,0
2026-06-10,605.31,387.56,2,0,0
2026-06-11,612.99,387.56,2,0,0
2026-06-12,611.29,387.56,2,0,0
2026-06-15,615.12,387.56,2,0,0
2026-06-16,612.43,387.56,2,0,0
2026-06-17,608.06,387.56,2,0,0
2026-06-18,605.2,237.56,3,0,0
2026-06-22,596.22,87.56,4,0,0
2026-06-23,594.75,212.86,3,0,0
2026-06-24,593.21,212.86,3,0,0
2026-06-25,603.9,212.86,3,0,0
2026-06-26,617.19,62.86,4,0,0
2026-06-29,631.31,62.86,4,1,1
2026-06-30,634.05,62.86,4,1,1
2026-07-01,631.88,62.86,4,1,0
2026-07-02,648.98,62.86,4,0,1
2026-07-06,649.82,153.17,4,0,0
2026-07-07,640.63,153.17,4,0,0
2026-07-08,629.76,291.68,3,0,0
2026-07-09,635.68,291.68,3,0,0
2026-07-10,621.0,291.68,3,0,0
2026-07-13,619.58,367.78,2,0,0
2026-07-14,621.54,367.78,2,0,0
2026-07-15,620.05,217.78,3,0,0
2026-07-16,616.64,217.78,3,0,0
2026-07-17,613.31,217.78,3,0,0
2026-07-20,611.92,355.93,2,0,0
2026-07-21,612.16,355.93,2,0,0
2026-07-22,608.53,355.93,2,0,0
2026-07-23,606.7,205.93,3,0,0
2026-07-24,609.43,205.93,3,0,0
2026-07-27,610.03,205.93,3,0,0
2026-07-28,613.85,55.93,4,0,0
2026-07-29,610.3,148.33,3,0,1
2026-07-30,603.83,148.33,3,0,1
2026-07-31,598.58,148.33,3,0,2
2026-08-03,596.13,148.33,3,0,1
2026-08-04,596.25,148.33,3,0,1
2026-08-05,602.95,148.33,3,0,2
2026-08-06,605.28,149.4,3,0,1
2026-08-07,607.57,149.4,3,0,1
2026-08-10,611.05,149.4,3,0,1
2026-08-11,611.28,149.4,3,0,1
2026-08-12,609.8,149.4,3,0,0
2026-08-13,611.11,149.4,3,0,0
2026-08-14,608.53,149.4,3,0,0
2026-08-17,604.64,149.4,3,0,0
2026-08-18,605.75,298.79,2,0,0
2026-08-19,600.1,298.79,2,0,0
2026-08-20,589.82,135.38,3,0,1
2026-08-21,598.43,135.38,3,0,1
2026-08-24,593.27,135.38,3,0,1
2026-08-25,594.03,135.38,3,0,1
2026-08-26,585.19,135.38,3,0,0
2026-08-27,580.3,272.36,2,0,0
2026-08-28,575.04,122.36,3,0,0
2026-08-31,579.14,122.36,3,0,0
2026-09-01,563.59,134.27,3,0,0
