symbol,strategy,trigger,confluence,signal_date,entry_date,entry_price,exit_date,exit_price,exit_reason,original_shares,remaining_shares,scaled_out,scale_out_date,scale_out_price,scale_out_shares,scale_out_proceeds,exit_proceeds,commission_paid,entry_commission,total_invested,total_returned,holding_days,stop_loss,take_profit,stdev_20,rsi_at_entry,vol_at_entry,from_queue,pnl,pnl_pct,win
HOOD,mean_reversion,oversold,2,2021-12-01,2021-12-02,23.983959,2021-12-06,21.31866,stop_loss,8.34823299,8.34823299,False,,0.0,0.0,0.0,176.973142,2.0,1.0,201.223678,176.973142,4,22.307,26.382355,0.0349600205,28.87,3.311,False,-24.250536,-12.051532,0
NVO,momentum_breakout,breakout,2,2021-12-09,2021-12-10,50.631933,2021-12-20,46.383718,stop_loss,2.55437489,2.55437489,False,,0.0,0.0,0.0,117.481404,2.0,1.0,130.332938,117.481404,10,49.411291,59.745681,0.0120540675,65.22,1.593,False,-12.851534,-9.860542,0
AMT,mean_reversion,oversold,2,2021-11-15,2021-11-16,225.477038,2022-01-12,224.203113,trailing_stop,0.88257324,0.44128662,True,2021-12-29,247.427496,0.44128662,108.186443,97.937834,3.0,1.0,200.0,206.124277,57,219.320243,248.024742,0.0136528216,28.44,2.387,False,6.124277,3.062139,1
BMY,mean_reversion,oversold,2,2021-11-30,2021-12-01,44.353678,2022-01-12,53.69284,mean_reversion_complete,4.47038227,2.23519114,True,2021-12-15,48.926275,2.23519114,108.359577,119.013761,3.0,1.0,199.277897,227.373338,42,43.39076,48.789046,0.0108549986,29.27,1.958,False,28.09544,14.098623,1
ABT,momentum_breakout,breakout,2,2021-12-14,2021-12-15,121.754581,2022-01-14,119.154884,stop_loss,0.83894896,0.83894896,False,,0.0,0.0,0.0,98.964866,2.0,1.0,103.145879,98.964866,30,118.744921,143.670406,0.0123595334,65.98,1.587,False,-4.181013,-4.053495,0
WM,momentum_breakout,breakout,2,2022-01-03,2022-01-04,151.328447,2022-01-14,144.262359,stop_loss,1.3230033,1.3230033,False,,0.0,0.0,0.0,189.859576,2.0,1.0,201.208034,189.859576,10,147.757572,178.567567,0.0117984237,54.78,1.618,False,-11.348458,-5.640161,0
ETN,momentum_breakout,breakout,2,2022-01-14,2022-01-18,156.773241,2022-01-20,152.263206,stop_loss,0.90215662,0.90215662,False,,0.0,0.0,0.0,136.36526,2.0,1.0,142.434018,136.36526,2,152.785859,184.992424,0.0127170369,53.47,1.807,False,-6.068758,-4.26075,0
FCX,momentum_breakout,breakout,2,2022-01-12,2022-01-13,41.800179,2022-01-24,37.113776,stop_loss,4.71415756,4.71415756,False,,0.0,0.0,0.0,173.960187,2.0,1.0,198.052631,173.960187,11,39.913568,49.324212,0.022567029,69.06,1.809,False,-24.092444,-12.164667,0
CAT,momentum_breakout,breakout,2,2022-01-13,2022-01-14,207.548078,2022-01-24,195.579031,stop_loss,0.94262409,0.94262409,False,,0.0,0.0,0.0,183.357506,2.0,1.0,196.639819,183.357506,10,200.201241,244.906733,0.0176991223,69.07,1.593,False,-13.282313,-6.75464,0
LMT,momentum_breakout,breakout,2,2022-01-19,2022-01-20,332.871521,2022-01-24,325.63289,stop_loss,0.42218748,0.42218748,False,,0.0,0.0,0.0,136.47813,2.0,1.0,141.53419,136.47813,4,327.435667,392.788395,0.0081650942,75.32,2.194,False,-5.05606,-3.572324,0
DUK,momentum_breakout,breakout,2,2021-12-08,2021-12-09,84.232314,2022-02-25,82.38354,stop_loss,2.34671283,2.34671283,False,,0.0,0.0,0.0,192.33051,2.0,1.0,198.669052,192.33051,78,82.118159,99.394131,0.0125495477,53.58,1.637,False,-6.338542,-3.190503,0
RTX,momentum_breakout,breakout,2,2022-03-01,2022-03-02,92.938491,2022-03-08,88.950102,stop_loss,1.81452962,1.81452962,False,,0.0,0.0,0.0,160.402596,2.0,1.0,169.639645,160.402596,6,89.843788,109.667419,0.0166491959,77.46,1.694,False,-9.237049,-5.4451,0
XOM,momentum_breakout,breakout,2,2022-01-21,2022-01-24,60.344125,2022-03-16,66.844583,trailing_stop,3.08199326,1.54099663,True,2022-03-07,72.952588,1.54099663,111.419692,102.007277,3.0,1.0,186.980186,213.426969,51,58.338392,71.206067,0.0166191195,72.07,1.519,False,26.446784,14.144164,1
UNP,momentum_breakout,breakout,2,2022-03-08,2022-03-09,232.382842,2022-04-07,219.536309,trailing_stop,0.89668127,0.89668127,False,,0.0,0.0,0.0,195.854096,2.0,1.0,209.373342,195.854096,29,223.124412,274.211754,0.0199206397,59.61,1.654,False,-13.519246,-6.457004,0
NVO,momentum_breakout,breakout,2,2022-04-07,2022-04-08,54.073912,2022-04-20,51.798251,stop_loss,3.8597086,3.8597086,False,,0.0,0.0,0.0,198.926156,2.0,1.0,209.709544,198.926156,12,52.091549,63.807216,0.018330126,72.39,2.015,False,-10.783389,-5.142059,0
NEM,momentum_breakout,breakout,2,2022-02-24,2022-02-25,58.104003,2022-04-25,62.908524,trailing_stop,3.18604085,1.59302042,True,2022-03-24,70.381424,1.59302042,111.119045,99.214563,3.0,1.0,186.121726,210.333608,59,55.221973,68.562723,0.0248006128,66.97,1.748,False,24.211882,13.008628,1
MAR,momentum_breakout,breakout,2,2022-04-20,2022-04-21,185.731701,2022-04-25,171.31057,stop_loss,1.09754252,1.09754252,False,,0.0,0.0,0.0,187.020635,2.0,1.0,204.848439,187.020635,4,176.360705,219.163407,0.0252272391,67.0,1.58,False,-17.827804,-8.702924,0
CVX,momentum_breakout,breakout,2,2022-01-24,2022-01-25,105.337457,2022-04-28,131.576681,trailing_stop,1.78250561,0.8912528,True,2022-03-02,125.518052,0.8912528,110.868316,116.268086,3.0,1.0,188.764607,227.136402,93,103.163492,124.298199,0.0103190508,62.76,1.663,False,38.371794,20.327854,1
NEE,mean_reversion,oversold,2,2022-04-25,2022-04-26,65.451317,2022-05-02,62.718313,stop_loss,3.01924247,3.01924247,False,,0.0,0.0,0.0,188.361794,2.0,1.0,198.613396,188.361794,6,63.189586,71.996449,0.0172779644,29.77,1.79,False,-10.251603,-5.161587,0
KO,momentum_breakout,breakout,2,2022-04-25,2022-04-26,57.533323,2022-05-03,55.840938,stop_loss,3.3169215,3.3169215,False,,0.0,0.0,0.0,184.220009,2.0,1.0,191.833517,184.220009,7,56.665305,67.889321,0.0075436118,71.12,1.7,False,-7.613508,-3.96881,0
XOM,momentum_breakout,breakout,2,2022-05-04,2022-05-05,79.227505,2022-05-10,73.571166,stop_loss,1.30459992,1.30459992,False,,0.0,0.0,0.0,94.980937,2.0,1.0,104.360197,94.980937,5,75.870265,93.488456,0.0211873412,63.03,1.647,False,-9.37926,-8.987392,0
LLY,momentum_breakout,breakout,2,2022-05-16,2022-05-17,290.082604,2022-05-20,280.557387,stop_loss,0.33361995,0.33361995,False,,0.0,0.0,0.0,92.599541,2.0,1.0,97.777344,92.599541,3,278.635256,342.297473,0.0197311864,59.54,1.718,False,-5.177803,-5.295503,0
HON,momentum_breakout,breakout,2,2022-05-03,2022-05-04,178.058308,2022-05-23,173.567469,stop_loss,1.09461171,1.09461171,False,,0.0,0.0,0.0,188.988985,2.0,1.0,195.90471,188.988985,19,172.779876,210.108804,0.0148222016,54.68,1.586,False,-6.915725,-3.530147,0
SHW,momentum_breakout,breakout,2,2022-05-02,2022-05-03,257.858903,2022-06-13,231.962236,trailing_stop,0.74628665,0.74628665,False,,0.0,0.0,0.0,172.11032,2.0,1.0,193.436657,172.11032,41,243.718706,304.273505,0.0274184767,55.71,1.504,False,-21.326337,-11.024972,0
LLY,momentum_breakout,breakout,2,2022-05-31,2022-06-01,303.078252,2022-06-13,280.267842,stop_loss,0.31691983,0.31691983,False,,0.0,0.0,0.0,87.822436,2.0,1.0,97.051507,87.822436,12,290.319838,357.632337,0.0210480518,64.63,1.996,False,-9.229071,-9.509457,0
CVX,momentum_breakout,breakout,2,2022-05-31,2022-06-01,149.201574,2022-06-14,142.702254,stop_loss,1.25912336,1.25912336,False,,0.0,0.0,0.0,178.679741,2.0,1.0,188.863187,178.679741,13,142.385594,176.057858,0.0228415154,63.01,1.839,False,-10.183446,-5.39197,0
LMT,momentum_breakout,breakout,2,2022-01-24,2022-01-25,333.613124,2022-06-15,372.787317,trailing_stop,0.35969216,0.17984608,True,2022-03-02,395.144458,0.17984608,70.065182,66.044338,3.0,1.0,120.998026,136.10952,141,327.624857,393.663486,0.0089748666,66.07,1.798,False,15.111495,12.489042,1
IBM,momentum_breakout,breakout,2,2022-06-24,2022-06-27,122.073629,2022-07-06,118.181489,stop_loss,1.22615037,1.22615037,False,,0.0,0.0,0.0,143.908276,2.0,1.0,150.680624,143.908276,9,118.97285,144.046882,0.0127004443,59.01,2.183,False,-6.772348,-4.494505,0
FDX,momentum_breakout,breakout,2,2022-06-17,2022-06-21,172.014367,2022-07-14,156.07852,trailing_stop,1.03805633,1.03805633,False,,0.0,0.0,0.0,161.018296,2.0,1.0,179.560602,161.018296,23,158.431924,202.976953,0.0394805476,56.64,1.862,False,-18.542307,-10.326489,0
MRK,momentum_breakout,breakout,2,2022-06-24,2022-06-27,82.2081,2022-07-21,78.478642,stop_loss,2.20333385,2.20333385,False,,0.0,0.0,0.0,171.914648,2.0,1.0,182.131889,171.914648,24,79.588465,97.005558,0.0159329458,64.24,1.886,False,-10.21724,-5.609803,0
JNJ,momentum_breakout,breakout,2,2022-03-18,2022-03-21,154.028082,2022-08-12,148.401481,stop_loss,1.02655125,1.02655125,False,,0.0,0.0,0.0,151.341726,2.0,1.0,159.117721,151.341726,144,148.844343,181.753137,0.0168272538,64.78,1.582,False,-7.775995,-4.886945,0
RBLX,momentum_breakout,breakout,2,2022-07-08,2022-07-11,39.989951,2022-08-19,44.515441,trailing_stop,3.71665787,1.85832894,True,2022-08-05,46.93302,1.85832894,86.216988,81.724333,3.0,1.0,149.628965,167.941321,39,33.815751,47.188142,0.0771968858,62.39,1.865,False,18.312356,12.23851,1
NFLX,momentum_breakout,breakout,2,2022-07-21,2022-07-22,22.260239,2022-08-29,22.170808,trailing_stop,7.66630092,7.66630092,False,,0.0,0.0,0.0,168.968084,2.0,1.0,171.65369,168.968084,38,20.623579,26.267082,0.0367619524,61.22,1.842,False,-2.685606,-1.564549,0
DHR,momentum_breakout,breakout,2,2022-07-21,2022-07-22,241.043468,2022-09-01,234.310241,trailing_stop,0.69951213,0.69951213,False,,0.0,0.0,0.0,162.902856,2.0,1.0,169.612831,162.902856,41,227.082466,284.431292,0.0289595122,61.89,1.894,False,-6.709974,-3.956054,0
CRWD,momentum_breakout,breakout,2,2022-08-04,2022-08-05,46.5465,2022-09-01,44.567887,trailing_stop,1.60691371,1.60691371,False,,0.0,0.0,0.0,70.616748,2.0,1.0,75.796209,70.616748,27,43.591443,54.92487,0.0317430641,56.02,1.708,False,-5.179461,-6.833403,0
SCHW,momentum_breakout,breakout,2,2022-08-12,2022-08-15,70.190197,2022-09-06,67.075319,stop_loss,2.05296297,2.05296297,False,,0.0,0.0,0.0,136.703147,2.0,1.0,145.097876,136.703147,22,66.554365,82.824433,0.02589986,68.03,1.832,False,-8.394729,-5.785563,0
FSLR,momentum_breakout,breakout,2,2022-09-08,2022-09-09,138.228086,2022-09-16,130.679188,stop_loss,0.22623821,0.22623821,False,,0.0,0.0,0.0,28.564626,2.0,1.0,32.272475,28.564626,7,132.707111,163.109142,0.0199705268,78.76,1.792,False,-3.707849,-11.4892,0
DE,momentum_breakout,breakout,2,2022-08-19,2022-08-22,344.762304,2022-09-22,333.808497,stop_loss,0.26837992,0.26837992,False,,0.0,0.0,0.0,88.587497,2.0,1.0,93.527279,88.587497,31,333.90639,406.819518,0.0157440561,63.75,2.869,False,-4.939782,-5.281648,0
SNOW,momentum_breakout,breakout,2,2022-08-29,2022-08-30,189.018832,2022-09-23,169.83,trailing_stop,0.90079942,0.90079942,False,,0.0,0.0,0.0,151.982766,2.0,1.0,171.268055,151.982766,24,164.824989,223.042222,0.0639984994,62.81,1.52,False,-19.285289,-11.260295,0
LULU,momentum_breakout,breakout,2,2022-09-07,2022-09-08,334.974655,2022-09-23,302.1975,trailing_stop,0.49980051,0.49980051,False,,0.0,0.0,0.0,150.038465,2.0,1.0,168.420503,150.038465,15,316.889548,395.270093,0.0269947386,58.66,1.525,False,-18.382039,-10.914371,0
TSLA,momentum_breakout,breakout,2,2022-09-16,2022-09-19,300.390086,2022-09-26,271.558157,stop_loss,0.10383967,0.10383967,False,,0.0,0.0,0.0,27.19851,2.0,1.0,32.192408,27.19851,7,286.669808,354.460302,0.0228374359,56.81,1.509,False,-4.993898,-15.512658,0
NFLX,momentum_breakout,breakout,2,2022-09-29,2022-09-30,23.723701,2022-10-12,21.40857,stop_loss,6.61468456,6.61468456,False,,0.0,0.0,0.0,140.61094,2.0,1.0,157.924797,140.61094,12,21.933651,27.993967,0.0377270269,56.8,1.711,False,-17.313858,-10.963356,0
UNP,mean_reversion,oversold,2,2022-09-27,2022-09-28,181.105556,2022-10-21,169.056959,stop_loss,0.87517435,0.87517435,False,,0.0,0.0,0.0,146.954315,2.0,1.0,159.498937,146.954315,23,174.993295,199.216111,0.0168748572,29.36,1.718,False,-12.544623,-7.86502,0
NFLX,momentum_breakout,breakout,2,2022-10-17,2022-10-18,25.00498,2022-11-07,26.079895,trailing_stop,5.58995434,2.79497717,True,2022-10-27,29.803167,2.79497717,82.299172,71.892711,3.0,1.0,140.776694,154.191883,20,23.007542,29.505876,0.0399407865,55.63,1.649,False,13.415189,9.52941,1
SLB,momentum_breakout,breakout,2,2022-10-21,2022-10-24,45.574603,2022-12-12,42.903934,trailing_stop,3.15678284,3.15678284,False,,0.0,0.0,0.0,134.438402,2.0,1.0,144.869126,134.438402,49,42.350853,53.778032,0.0353678391,74.28,2.331,False,-10.430725,-7.200102,0
MSFT,momentum_breakout,breakout,2,2022-12-13,2022-12-14,249.792283,2022-12-19,237.397129,stop_loss,0.54559084,0.54559084,False,,0.0,0.0,0.0,128.521698,2.0,1.0,137.28438,128.521698,5,240.508384,294.754894,0.0185832379,60.72,1.683,False,-8.762682,-6.382869,0
BIIB,momentum_breakout,breakout,2,2022-09-29,2022-09-30,265.77552,2022-12-28,275.364375,trailing_stop,0.42721223,0.42721223,False,,0.0,0.0,0.0,116.639028,2.0,1.0,114.542552,116.639028,89,216.82516,313.615113,0.0920896701,71.91,3.062,False,2.096476,1.830303,1
REGN,momentum_breakout,breakout,2,2022-09-08,2022-09-09,705.781453,2023-01-10,669.376859,trailing_stop,0.24136154,0.24136154,False,,0.0,0.0,0.0,160.561829,2.0,1.0,171.348498,160.561829,123,639.66195,832.822115,0.0468413436,69.43,5.698,False,-10.786669,-6.295164,0
CAT,momentum_breakout,breakout,2,2022-10-27,2022-10-28,200.875303,2023-02-23,228.132524,trailing_stop,0.38677147,0.19338574,True,2023-01-13,242.266875,0.19338574,45.850958,43.117576,3.0,1.0,78.692837,88.968534,118,190.216093,237.032858,0.0265319073,75.13,2.472,False,10.275697,13.057983,1
VZ,momentum_breakout,breakout,2,2022-12-30,2023-01-03,30.972848,2023-03-07,30.078506,stop_loss,4.99366766,4.99366766,False,,0.0,0.0,0.0,149.202061,2.0,1.0,155.66811,149.202061,63,30.182294,36.547961,0.0127620551,59.16,1.646,False,-6.466048,-4.15374,0
CRWD,momentum_breakout,breakout,2,2023-03-07,2023-03-08,33.253221,2023-03-10,29.940029,stop_loss,4.43248071,4.43248071,False,,0.0,0.0,0.0,131.708602,2.0,1.0,148.394262,131.708602,2,31.479795,39.238801,0.0266654853,60.07,2.131,False,-16.685659,-11.24414,0
DE,momentum_breakout,breakout,2,2022-11-09,2022-11-10,386.788141,2023-03-13,370.479945,trailing_stop,0.18103576,0.18103576,False,,0.0,0.0,0.0,66.07012,2.0,1.0,71.022486,66.07012,123,373.372821,456.410007,0.0173419493,65.18,1.504,False,-4.952367,-6.972956,0
V,momentum_breakout,breakout,2,2023-01-10,2023-01-11,215.268232,2023-03-14,212.058538,stop_loss,0.72804889,0.72804889,False,,0.0,0.0,0.0,153.388984,2.0,1.0,157.725798,153.388984,62,209.280859,254.016514,0.0139067747,64.65,1.701,False,-4.336814,-2.749591,0
XLF,mean_reversion,oversold,2,2023-03-13,2023-03-14,30.946368,2023-03-16,29.342187,stop_loss,4.83054652,4.83054652,False,,0.0,0.0,0.0,140.738797,2.0,1.0,150.487869,140.738797,2,30.02441,34.041004,0.0148960629,26.35,3.114,False,-9.749072,-6.478311,0
PANW,momentum_breakout,breakout,2,2023-02-23,2023-02-24,92.5925,2023-05-03,88.416492,trailing_stop,1.57808876,1.57808876,False,,0.0,0.0,0.0,138.529072,2.0,1.0,147.119183,138.529072,68,86.217079,109.25915,0.0344273059,70.02,2.272,False,-8.590111,-5.838879,0
MSFT,momentum_breakout,breakout,2,2023-03-15,2023-03-16,258.286958,2023-08-10,317.567848,trailing_stop,0.57486095,0.28743048,True,2023-05-18,306.375784,0.28743048,87.061738,90.278678,3.0,1.0,149.479087,177.340416,147,250.031189,304.778611,0.0159817781,57.36,1.67,False,27.861329,18.638947,1
JNJ,momentum_breakout,breakout,2,2023-08-10,2023-08-11,157.400583,2023-08-23,151.093378,stop_loss,1.05501375,1.05501375,False,,0.0,0.0,0.0,158.405591,2.0,1.0,167.059778,158.405591,12,151.775387,185.732688,0.0178690433,64.29,2.688,False,-8.654187,-5.180294,0
NVDA,momentum_breakout,breakout,2,2023-08-23,2023-08-24,50.11241,2023-08-28,46.293432,stop_loss,3.28595938,3.28595938,False,,0.0,0.0,0.0,151.118337,2.0,1.0,165.667345,151.118337,4,46.785696,59.132644,0.0331925182,58.89,1.568,False,-14.549008,-8.782061,0
ADBE,momentum_breakout,breakout,2,2023-08-31,2023-09-01,565.364788,2023-09-13,556.463,stop_loss,0.28988498,0.28988498,False,,0.0,0.0,0.0,160.310266,2.0,1.0,164.890761,160.310266,12,546.082515,667.13045,0.0170529482,66.84,1.791,False,-4.580495,-2.777897,0
MA,momentum_breakout,breakout,2,2023-09-14,2023-09-15,404.982716,2023-09-22,396.84308,stop_loss,0.4027453,0.4027453,False,,0.0,0.0,0.0,158.826686,2.0,1.0,164.104886,158.826686,7,399.456434,477.879605,0.0068228612,65.09,1.639,False,-5.2782,-3.216358,0
LLY,momentum_breakout,breakout,2,2023-05-03,2023-05-04,421.074583,2023-10-02,524.55492,trailing_stop,0.32098188,0.16049094,True,2023-08-09,508.159968,0.16049094,80.55507,83.186312,3.0,1.0,136.15731,163.741382,151,404.323643,496.868008,0.0198907047,81.65,2.998,False,27.584072,20.258972,1
GOOGL,momentum_breakout,breakout,2,2023-03-16,2023-03-17,99.414266,2023-10-26,121.985954,trailing_stop,0.47180444,0.23590222,True,2023-05-17,118.364081,0.23590222,26.92235,27.776757,3.0,1.0,47.904092,54.699107,223,95.635611,117.308834,0.0190045934,56.96,1.809,False,6.795015,14.184623,1
UNH,momentum_breakout,breakout,2,2023-09-22,2023-09-25,477.777438,2024-01-26,464.348117,trailing_stop,0.33555598,0.33555598,False,,0.0,0.0,0.0,154.814786,2.0,1.0,161.321075,154.814786,123,466.665134,563.777377,0.0116291638,60.12,1.547,False,-6.506289,-4.03313,0
CRWD,momentum_breakout,breakout,2,2023-10-06,2023-10-09,44.169125,2024-02-22,76.156266,trailing_stop,3.66425259,1.8321263,True,2023-11-22,52.422523,1.8321263,95.044684,138.527897,3.0,1.0,162.846831,233.572581,136,42.122775,52.119567,0.0231649327,60.18,2.297,False,70.72575,43.430842,1
BKNG,momentum_breakout,breakout,2,2024-02-22,2024-02-23,144.650501,2024-02-26,138.938041,stop_loss,1.3089963,1.3089963,False,,0.0,0.0,0.0,180.869382,2.0,1.0,190.34697,180.869382,3,140.181984,170.687591,0.0154459084,69.42,1.8,False,-9.477588,-4.979111,0
BRK-B,momentum_breakout,breakout,2,2024-02-26,2024-02-27,409.619201,2024-03-06,401.777813,stop_loss,0.45681244,0.45681244,False,,0.0,0.0,0.0,182.537103,2.0,1.0,188.119147,182.537103,8,402.714791,483.350658,0.0084278399,85.11,2.125,False,-5.582044,-2.967292,0
GE,momentum_breakout,breakout,2,2023-01-04,2023-01-05,54.847219,2024-03-11,131.240475,emotional_extreme,1.69230964,0.84615482,True,2023-01-30,64.534034,0.84615482,53.605784,110.049761,3.0,1.0,93.818478,163.655545,431,52.417731,64.719719,0.0221477821,65.15,2.065,False,69.837067,74.438499,1
TGT,momentum_breakout,breakout,2,2024-03-06,2024-03-07,159.746635,2024-03-15,148.376869,stop_loss,1.17926067,1.17926067,False,,0.0,0.0,0.0,173.975006,2.0,1.0,189.382923,173.975006,8,150.198456,188.501029,0.0298853844,80.11,1.847,False,-15.407918,-8.135854,0
WMT,momentum_breakout,breakout,2,2024-03-15,2024-03-18,59.286945,2024-04-03,57.891334,stop_loss,2.95280429,2.95280429,False,,0.0,0.0,0.0,169.941778,2.0,1.0,176.062746,169.941778,16,57.987403,69.958595,0.0109597705,69.45,1.877,False,-6.120968,-3.476583,0
FTNT,momentum_breakout,breakout,2,2024-04-03,2024-04-04,72.102029,2024-04-05,69.68025,stop_loss,2.39706612,2.39706612,False,,0.0,0.0,0.0,166.028167,2.0,1.0,173.833331,166.028167,1,69.551532,85.080394,0.0176867218,57.2,1.673,False,-7.805164,-4.490027,0
ORCL,momentum_breakout,breakout,2,2024-03-11,2024-03-12,122.923087,2024-04-11,118.647963,stop_loss,1.1385743,1.1385743,False,,0.0,0.0,0.0,134.089522,2.0,1.0,140.957068,134.089522,30,119.137622,145.049243,0.0153976983,52.68,2.43,False,-6.867546,-4.872083,0
FTNT,momentum_breakout,breakout,2,2024-04-05,2024-04-08,70.110041,2024-04-15,67.012922,stop_loss,2.36153319,2.36153319,False,,0.0,0.0,0.0,157.253239,2.0,1.0,166.567189,157.253239,7,67.676104,82.729848,0.0173579777,57.43,1.577,False,-9.31395,-5.591707,0
DDOG,momentum_breakout,breakout,2,2024-04-11,2024-04-12,129.219086,2024-04-18,123.776102,stop_loss,1.06265647,1.06265647,False,,0.0,0.0,0.0,130.531475,2.0,1.0,138.315498,130.531475,6,125.531534,152.478522,0.014268607,56.89,2.044,False,-7.784023,-5.62773,0
CDNS,momentum_breakout,breakout,2,2023-03-15,2023-03-16,202.302106,2024-04-19,284.715,trailing_stop,0.73888877,0.36944439,True,2023-06-14,237.002765,0.36944439,86.559341,104.186358,3.0,1.0,150.478755,190.7457,400,195.839624,238.716485,0.0159723544,65.08,1.681,False,40.266945,26.759222,1
LMT,momentum_breakout,breakout,2,2024-04-22,2024-04-23,436.98066,2024-05-30,425.712727,stop_loss,0.39903787,0.39903787,False,,0.0,0.0,0.0,168.875501,2.0,1.0,175.371833,168.875501,37,429.109623,515.637179,0.0090061615,70.94,1.637,False,-6.496332,-3.704319,0
PEP,momentum_breakout,breakout,2,2024-04-23,2024-04-24,153.675979,2024-06-14,149.651926,stop_loss,0.30446792,0.30446792,False,,0.0,0.0,0.0,44.564211,2.0,1.0,47.789406,44.564211,51,150.355468,181.337655,0.0108036129,56.85,1.741,False,-3.225195,-6.748766,0
FSLR,momentum_breakout,breakout,2,2024-04-17,2024-04-18,178.658476,2024-06-18,255.034703,trailing_stop,0.97440253,0.48720127,True,2024-05-22,213.116672,0.48720127,102.830712,123.25323,3.0,1.0,175.085271,226.083943,61,168.915969,210.817001,0.0272657274,59.75,1.71,False,50.998672,29.127905,1
CMG,momentum_breakout,breakout,2,2024-06-18,2024-06-20,68.98051,2024-06-21,64.439494,stop_loss,1.76840332,1.76840332,False,,0.0,0.0,0.0,112.955015,2.0,1.0,122.985363,112.955015,1,66.891797,81.397002,0.0151398784,72.08,2.305,False,-10.030348,-8.155725,0
V,momentum_breakout,breakout,2,2024-01-26,2024-01-29,261.767508,2024-07-01,259.092662,stop_loss,0.70055737,0.70055737,False,,0.0,0.0,0.0,180.509275,2.0,1.0,184.383158,180.509275,154,258.582116,308.885659,0.0060843908,63.9,1.587,False,-3.873883,-2.100996,0
NFLX,momentum_breakout,breakout,2,2024-06-14,2024-06-17,66.977914,2024-07-15,64.68525,stop_loss,1.67967303,1.67967303,False,,0.0,0.0,0.0,107.65007,2.0,1.0,113.500996,107.65007,28,65.071872,79.033939,0.0142288827,65.39,1.605,False,-5.850926,-5.154956,0
TSLA,momentum_breakout,breakout,2,2024-07-01,2024-07-02,219.108889,2024-07-25,216.583203,trailing_stop,0.81432429,0.40716214,True,2024-07-10,262.537188,0.40716214,105.895204,87.184481,3.0,1.0,179.425691,193.079686,23,207.73524,258.548489,0.0259543303,68.99,1.761,False,13.653995,7.609833,1
MSFT,momentum_breakout,breakout,2,2023-10-26,2023-10-27,323.19079,2024-07-26,410.544766,trailing_stop,0.35970893,0.17985447,True,2024-01-17,379.490386,0.17985447,67.253041,72.83831,3.0,1.0,117.254615,140.091352,273,312.532073,381.365132,0.0164898216,55.3,1.537,False,22.836737,19.476194,1
COIN,momentum_breakout,breakout,2,2024-07-15,2024-07-16,243.433192,2024-07-26,243.096656,trailing_stop,0.78478915,0.78478915,False,,0.0,0.0,0.0,189.779619,2.0,1.0,192.043729,189.779619,10,224.441301,287.251167,0.0390084266,54.27,1.957,False,-2.26411,-1.178955,0
AAPL,momentum_breakout,breakout,2,2024-06-21,2024-06-24,205.964378,2024-08-06,203.158094,trailing_stop,0.55973922,0.55973922,False,,0.0,0.0,0.0,112.715553,2.0,1.0,116.28634,112.715553,43,197.312602,243.037966,0.0210030897,68.36,2.843,False,-3.570788,-3.070685,0
BMY,momentum_breakout,breakout,2,2024-07-26,2024-07-29,45.537966,2024-08-08,42.397151,stop_loss,4.03951968,4.03951968,False,,0.0,0.0,0.0,170.264126,2.0,1.0,184.951508,170.264126,10,42.808058,53.734799,0.0299739751,75.59,2.14,False,-14.687382,-7.941207,0
ABBV,momentum_breakout,breakout,2,2024-07-25,2024-07-26,171.958181,2024-11-12,165.969498,trailing_stop,1.07145018,1.07145018,False,,0.0,0.0,0.0,176.828048,2.0,1.0,185.244623,176.828048,109,166.316121,202.910653,0.0164053248,71.12,1.628,False,-8.416574,-4.543492,0
JNJ,momentum_breakout,breakout,2,2024-08-05,2024-08-06,151.570831,2024-11-13,144.324494,stop_loss,0.77490861,0.77490861,False,,0.0,0.0,0.0,110.838293,2.0,1.0,118.453542,110.838293,99,146.763664,178.85358,0.0158578215,70.93,1.524,False,-7.615248,-6.42889,0
SNOW,momentum_breakout,breakout,2,2024-11-13,2024-11-14,132.192058,2024-11-18,126.348523,stop_loss,0.77852005,0.77852005,False,,0.0,0.0,0.0,97.364859,2.0,1.0,103.914168,97.364859,4,126.594268,155.986628,0.0211729437,64.41,2.499,False,-6.549308,-6.302614,0
DUK,momentum_breakout,breakout,2,2024-08-07,2024-08-08,103.912534,2024-12-17,100.483414,stop_loss,1.61357181,1.61357181,False,,0.0,0.0,0.0,161.137203,2.0,1.0,168.670335,161.137203,131,101.451089,122.61679,0.0118438329,76.9,1.506,False,-7.533132,-4.466187,0
TSLA,momentum_breakout,breakout,2,2024-11-12,2024-11-13,336.185856,2024-12-23,430.569,trailing_stop,0.55173951,0.27586976,True,2024-12-11,409.290312,0.27586976,111.910818,117.780965,3.0,1.0,186.48702,229.691783,40,291.357001,396.69931,0.0666727266,72.71,1.523,False,43.204763,23.167705,1
BA,momentum_breakout,breakout,2,2024-12-30,2024-12-31,177.717533,2025-01-03,171.228594,stop_loss,1.09420246,1.09420246,False,,0.0,0.0,0.0,186.358749,2.0,1.0,195.458962,186.358749,3,172.118202,209.706689,0.015753457,63.7,1.582,False,-9.100213,-4.655818,0
PLTR,momentum_breakout,breakout,2,2024-11-18,2024-11-19,59.569508,2025-01-08,68.051883,trailing_stop,1.5255588,0.7627794,True,2024-12-04,71.058867,0.7627794,53.20224,50.908574,3.0,1.0,91.876788,104.110814,50,51.82073,70.29202,0.0650398051,78.17,1.779,False,12.234027,13.315688,1
QQQ,momentum_breakout,breakout,2,2024-12-18,2024-12-19,516.483962,2025-01-13,496.481396,stop_loss,0.37989067,0.37989067,False,,0.0,0.0,0.0,187.608652,2.0,1.0,197.20744,187.608652,25,504.539915,609.451075,0.011562844,62.06,2.035,False,-9.598788,-4.867356,0
MMM,momentum_breakout,breakout,2,2025-01-08,2025-01-10,129.653104,2025-01-13,126.396781,stop_loss,1.15912049,1.15912049,False,,0.0,0.0,0.0,145.509098,2.0,1.0,151.283569,145.509098,3,127.014258,152.990663,0.0101765639,58.13,1.538,False,-5.774471,-3.816985,0
ANET,momentum_breakout,breakout,2,2025-01-06,2025-01-07,119.809692,2025-01-14,114.495391,stop_loss,1.60751407,1.60751407,False,,0.0,0.0,0.0,183.052951,2.0,1.0,193.595766,183.052951,7,113.888715,141.375437,0.0247099287,67.34,1.677,False,-10.542815,-5.445788,0
WMT,momentum_breakout,breakout,2,2024-08-15,2024-08-16,71.468248,2025-02-25,92.771201,trailing_stop,1.46780751,0.73390375,True,2024-11-20,84.962641,0.73390375,61.354402,67.085132,3.0,1.0,105.901631,128.439534,193,68.959018,84.332533,0.0175548619,70.64,2.643,False,22.537903,21.281922,1
JPM,momentum_breakout,breakout,2,2025-01-15,2025-01-16,246.765122,2025-03-05,243.605752,trailing_stop,0.7699683,0.7699683,False,,0.0,0.0,0.0,186.568707,2.0,1.0,191.001322,186.568707,48,240.251055,291.182844,0.0131989223,66.04,1.819,False,-4.432615,-2.320725,0
GS,momentum_breakout,breakout,2,2025-01-15,2025-01-16,589.754997,2025-03-05,564.441146,trailing_stop,0.32183485,0.32183485,False,,0.0,0.0,0.0,180.656834,2.0,1.0,190.803714,180.656834,48,564.802112,695.910896,0.0211552976,60.69,2.361,False,-10.146879,-5.317967,0
MS,momentum_breakout,breakout,2,2025-01-15,2025-01-16,126.784187,2025-03-05,117.412027,trailing_stop,1.0599558,1.0599558,False,,0.0,0.0,0.0,123.451559,2.0,1.0,135.385634,123.451559,48,121.369736,149.605341,0.0213530208,57.69,1.813,False,-11.934076,-8.814876,0
ISRG,momentum_breakout,breakout,2,2024-05-30,2024-05-31,405.344942,2025-03-07,532.646813,trailing_stop,0.4568738,0.2284369,True,2024-08-16,477.532,0.2284369,108.085929,120.676186,3.0,1.0,186.191483,228.762114,280,394.383671,478.307032,0.0135209181,63.09,1.549,False,42.570632,22.863899,1
MCD,momentum_breakout,breakout,2,2025-03-07,2025-03-10,308.860416,2025-03-12,292.450261,stop_loss,0.59064397,0.59064397,False,,0.0,0.0,0.0,171.733982,2.0,1.0,183.426541,171.733982,2,299.099275,364.455291,0.0158018642,69.59,1.967,False,-11.692559,-6.374519,0
VZ,momentum_breakout,breakout,2,2025-03-07,2025-03-10,41.799883,2025-03-12,38.129812,stop_loss,4.35089016,4.35089016,False,,0.0,0.0,0.0,164.898624,2.0,1.0,182.8667,164.898624,2,40.60147,49.323862,0.0143351221,73.42,2.092,False,-17.968076,-9.825778,0
BMY,momentum_breakout,breakout,2,2025-03-07,2025-03-10,56.8427,2025-03-17,55.063095,stop_loss,1.25110383,1.25110383,False,,0.0,0.0,0.0,67.889649,2.0,1.0,72.11612,67.889649,7,54.987809,67.074386,0.0163160039,63.92,1.516,False,-4.226471,-5.860646,0
GILD,momentum_breakout,breakout,2,2025-03-05,2025-03-06,110.445337,2025-03-20,102.701758,stop_loss,1.65330627,1.65330627,False,,0.0,0.0,0.0,168.797461,2.0,1.0,183.599969,168.797461,14,105.775296,130.325498,0.021141869,81.05,1.774,False,-14.802508,-8.06237,0
DUK,momentum_breakout,breakout,2,2025-03-17,2025-03-18,113.854163,2025-03-26,110.279414,stop_loss,0.59399358,0.59399358,False,,0.0,0.0,0.0,64.505264,2.0,1.0,68.628642,64.505264,8,111.25204,134.347912,0.0114274366,65.8,1.643,False,-4.123378,-6.008247,0
XOM,momentum_breakout,breakout,2,2025-03-21,2025-03-24,110.479091,2025-04-07,95.684972,stop_loss,1.53706653,1.53706653,False,,0.0,0.0,0.0,146.074168,2.0,1.0,170.813713,146.074168,14,106.913512,130.365327,0.0161368941,62.14,2.205,False,-24.739545,-14.483348,0
UNH,momentum_breakout,breakout,2,2025-04-03,2025-04-04,520.14682,2025-04-07,492.95252,stop_loss,0.13579361,0.13579361,False,,0.0,0.0,0.0,65.939803,2.0,1.0,71.632616,65.939803,3,507.269772,613.773248,0.0123782825,65.01,1.524,False,-5.692812,-7.947235,0
UNH,momentum_breakout,breakout,2,2025-04-07,2025-04-08,560.102689,2025-04-09,537.83098,stop_loss,0.29251464,0.29251464,False,,0.0,0.0,0.0,156.323438,2.0,1.0,164.838239,156.323438,1,545.454467,660.921173,0.0130763714,53.71,1.608,False,-8.514801,-5.16555,0
LLY,mean_reversion,oversold,2,2025-04-07,2025-04-08,747.819783,2025-04-11,714.603505,stop_loss,0.07088815,0.07088815,False,,0.0,0.0,0.0,49.656919,2.0,1.0,54.011559,49.656919,3,714.31828,822.601761,0.0223994493,27.57,1.824,False,-4.35464,-8.062423,0
UNH,momentum_breakout,breakout,2,2025-04-09,2025-04-10,558.245795,2025-04-21,431.847155,stop_loss,0.27438443,0.27438443,False,,0.0,0.0,0.0,117.492136,2.0,1.0,154.173956,117.492136,11,537.327544,658.730038,0.0187356996,69.21,2.347,False,-36.681819,-23.792487,0
NEM,momentum_breakout,breakout,2,2025-04-11,2025-04-14,52.830351,2025-05-14,48.30652,trailing_stop,0.86894677,0.86894677,False,,0.0,0.0,0.0,40.975795,2.0,1.0,46.906763,40.975795,30,49.13569,62.339814,0.0349672176,70.91,2.099,False,-5.930968,-12.644164,0
BRK-B,momentum_breakout,breakout,2,2025-02-25,2025-02-26,499.619115,2025-06-16,489.240281,stop_loss,0.13041429,0.13041429,False,,0.0,0.0,0.0,62.803922,2.0,1.0,66.15747,62.803922,110,487.681845,589.550556,0.0119463705,70.7,1.782,False,-3.353548,-5.069039,0
LMT,momentum_breakout,breakout,2,2025-04-22,2025-04-23,449.296865,2025-07-23,400.016313,stop_loss,0.28250504,0.28250504,False,,0.0,0.0,0.0,112.006623,2.0,1.0,127.928627,112.006623,91,431.415269,530.170301,0.0198995337,50.28,1.63,False,-15.922004,-12.446006,0
CL,momentum_breakout,breakout,2,2025-03-12,2025-03-13,87.809039,2025-07-29,84.675677,stop_loss,1.91122831,1.91122831,False,,0.0,0.0,0.0,160.834551,2.0,1.0,168.823121,160.834551,138,84.400514,103.614666,0.0194087394,52.47,1.717,False,-7.98857,-4.731917,0
CDNS,momentum_breakout,breakout,2,2025-07-29,2025-07-30,367.85748,2025-08-20,345.853812,stop_loss,0.42707002,0.42707002,False,,0.0,0.0,0.0,146.703793,2.0,1.0,158.1009,146.703793,21,348.547472,434.071827,0.0262465894,76.83,2.633,False,-11.397107,-7.208755,0
AMD,momentum_breakout,breakout,2,2025-05-14,2025-05-15,117.137017,2025-08-21,165.694141,trailing_stop,0.3582151,0.17910755,True,2025-06-25,140.799062,0.17910755,24.218175,28.677072,3.0,1.0,42.960248,52.895247,98,110.137284,138.22168,0.0298783971,68.17,1.993,False,9.934999,23.126027,1
ORCL,momentum_breakout,breakout,2,2025-06-16,2025-06-17,208.052215,2025-09-02,219.278735,trailing_stop,0.29704004,0.14852002,True,2025-07-18,245.453892,0.14852002,35.454818,31.567283,3.0,1.0,62.799839,67.0221,77,193.401659,245.501613,0.0352088443,85.23,1.604,False,4.222261,6.723363,1
CME,momentum_breakout,breakout,2,2025-03-12,2025-03-13,244.636461,2025-09-16,248.53522,trailing_stop,0.71571834,0.71571834,False,,0.0,0.0,0.0,176.881216,2.0,1.0,176.090803,176.881216,187,237.718275,288.671024,0.0141397279,65.86,1.809,False,0.790413,0.448867,1
ORCL,momentum_breakout,breakout,2,2025-09-16,2025-09-17,304.526818,2025-09-26,289.408427,trailing_stop,0.49612127,0.49612127,False,,0.0,0.0,0.0,142.581677,2.0,1.0,152.082232,142.581677,9,251.541143,359.341645,0.08699673,68.95,1.908,False,-9.500555,-6.246986,0
SO,momentum_breakout,breakout,2,2025-09-29,2025-09-30,90.92162,2025-11-06,88.003157,stop_loss,1.66023026,1.66023026,False,,0.0,0.0,0.0,145.105503,2.0,1.0,151.950825,145.105503,37,89.726769,107.287512,0.0065707777,59.28,1.628,False,-6.845321,-4.504958,0
DDOG,momentum_breakout,breakout,2,2025-11-06,2025-11-07,184.474283,2025-11-19,177.092734,trailing_stop,0.8419646,0.8419646,False,,0.0,0.0,0.0,148.105813,2.0,1.0,156.320816,148.105813,12,163.529807,217.679654,0.056768012,73.98,5.06,False,-8.215003,-5.25522,0
TMO,momentum_breakout,breakout,2,2025-07-23,2025-07-24,465.083396,2026-02-04,569.366973,trailing_stop,0.33652279,0.1682614,True,2025-10-22,553.00121,0.1682614,92.048756,94.802483,3.0,1.0,157.511164,186.851239,195,437.42698,548.798407,0.0297327492,67.7,2.882,False,29.340075,18.627298,1
BKNG,mean_reversion,oversold,2,2026-02-04,2026-02-05,184.821365,2026-02-10,167.402119,stop_loss,0.88018552,0.88018552,False,,0.0,0.0,0.0,146.34492,2.0,1.0,163.677088,146.34492,5,175.537859,203.303501,0.0251148075,27.91,2.347,False,-17.332168,-10.589245,0
GOOGL,momentum_breakout,breakout,2,2025-09-02,2025-09-03,225.647058,2026-02-13,306.82544,trailing_stop,0.13894285,0.06947143,True,2025-10-28,268.721467,0.06947143,17.668464,20.315601,3.0,1.0,32.352046,37.984065,163,220.48715,266.263529,0.0114335826,68.03,1.588,False,5.632019,17.408539,1
VRTX,momentum_breakout,breakout,2,2026-02-13,2026-02-17,489.949451,2026-02-20,466.473062,stop_loss,0.25764576,0.25764576,False,,0.0,0.0,0.0,119.184807,2.0,1.0,127.233399,119.184807,3,469.304049,578.140353,0.0210689102,60.85,1.765,False,-8.048592,-6.325849,0
MAR,momentum_breakout,breakout,2,2026-02-10,2026-02-11,356.865306,2026-03-03,320.990211,stop_loss,0.44359486,0.44359486,False,,0.0,0.0,0.0,141.389608,2.0,1.0,159.303615,141.389608,20,339.699865,421.101061,0.0240503076,76.42,2.405,False,-17.914008,-11.245198,0
IWM,momentum_breakout,breakout,2,2025-08-22,2025-08-25,231.360602,2026-03-23,245.695331,trailing_stop,0.17376857,0.17376857,False,,0.0,0.0,0.0,41.694126,2.0,1.0,41.2032,41.694126,210,224.573866,273.00551,0.0146670077,64.3,1.613,False,0.490925,1.191474,1
CME,momentum_breakout,breakout,2,2026-02-25,2026-02-26,300.470552,2026-03-26,294.337467,stop_loss,0.40071982,0.40071982,False,,0.0,0.0,0.0,116.946858,2.0,1.0,121.404507,116.946858,28,292.846263,354.555252,0.0126872484,72.78,1.592,False,-4.457649,-3.671732,0
XLE,momentum_breakout,breakout,2,2026-03-31,2026-04-01,59.000985,2026-04-09,57.384403,stop_loss,2.65611205,2.65611205,False,,0.0,0.0,0.0,151.419405,2.0,1.0,157.713226,151.419405,8,57.709983,69.621162,0.0109405064,73.77,1.514,False,-6.293821,-3.990674,0
COP,momentum_breakout,breakout,2,2026-03-03,2026-03-04,114.880701,2026-04-15,116.404572,trailing_stop,1.35707748,1.35707748,False,,0.0,0.0,0.0,156.970023,2.0,1.0,156.902012,156.970023,42,110.537223,135.559227,0.0189042949,77.44,1.931,False,0.068011,0.043346,1
NFLX,momentum_breakout,breakout,2,2026-04-16,2026-04-17,96.466373,2026-04-22,92.966938,stop_loss,1.56592364,1.56592364,False,,0.0,0.0,0.0,144.579125,2.0,1.0,152.058973,144.579125,5,93.133618,113.83032,0.0172741778,73.33,1.673,False,-7.479848,-4.919044,0
ORCL,momentum_breakout,breakout,2,2026-04-17,2026-04-20,176.373218,2026-04-29,163.307816,trailing_stop,0.49798446,0.49798446,False,,0.0,0.0,0.0,80.324754,2.0,1.0,88.831121,80.324754,9,161.63744,208.120397,0.0417744203,63.13,1.579,False,-8.506367,-9.575886,0
JNJ,momentum_breakout,breakout,2,2025-11-19,2025-11-20,197.745651,2026-05-08,220.356737,trailing_stop,0.78019107,0.39009554,True,2026-02-06,234.942138,0.39009554,90.64988,84.960179,3.0,1.0,155.279392,175.610059,169,193.473379,233.339868,0.0108024422,76.31,1.722,False,20.330667,13.092959,1
NEE,momentum_breakout,breakout,2,2026-04-23,2026-04-24,95.908263,2026-05-08,92.409269,stop_loss,1.4194451,1.4194451,False,,0.0,0.0,0.0,130.169884,2.0,1.0,137.136514,130.169884,14,92.561077,113.17175,0.017449938,59.37,2.06,False,-6.96663,-5.080069,0
TJX,momentum_breakout,breakout,2,2025-08-20,2025-08-21,134.950037,2026-05-14,146.152097,trailing_stop,1.13703145,0.56851573,True,2026-03-02,159.03544,0.56851573,89.414149,82.089765,3.0,1.0,154.442437,171.503914,266,131.936642,159.241044,0.0111648548,79.56,2.454,False,17.061477,11.047143,1
AMZN,momentum_breakout,breakout,2,2026-04-29,2026-04-30,273.443183,2026-05-20,259.789938,stop_loss,0.56530144,0.56530144,False,,0.0,0.0,0.0,145.859626,2.0,1.0,155.577825,145.859626,20,263.742854,322.662956,0.0177373774,70.33,1.56,False,-9.718199,-6.24652,0
COIN,momentum_breakout,breakout,2,2026-05-14,2026-05-15,205.845639,2026-05-26,185.883937,stop_loss,0.3922817,0.3922817,False,,0.0,0.0,0.0,71.918867,2.0,1.0,81.749477,71.918867,11,188.142201,242.897854,0.0430017329,55.91,1.594,False,-9.83061,-12.025288,0
WMT,momentum_breakout,breakout,2,2026-05-20,2026-05-21,124.23699,2026-05-26,120.281357,stop_loss,1.2791721,1.2791721,False,,0.0,0.0,0.0,152.860556,2.0,1.0,159.920491,152.860556,5,120.664946,146.599648,0.0143759274,57.93,1.712,False,-7.059934,-4.414653,0
DDOG,momentum_breakout,breakout,2,2026-05-08,2026-05-11,196.456255,2026-06-02,263.98575,emotional_extreme,0.79668197,0.39834098,True,2026-06-01,251.523219,0.39834098,99.192006,104.156343,3.0,1.0,157.513155,203.34835,22,168.03806,231.81838,0.0723270292,79.99,1.861,False,45.835194,29.09928,1
SNOW,momentum_breakout,breakout,2,2026-05-28,2026-05-29,240.930692,2026-06-04,244.055703,trailing_stop,0.68878202,0.68878202,False,,0.0,0.0,0.0,167.10118,2.0,1.0,166.948729,167.10118,6,200.002341,284.298217,0.0849380199,77.2,4.01,False,0.152451,0.091316,1
AMD,momentum_breakout,breakout,2,2026-04-16,2026-04-17,281.281,2026-06-08,484.515,trailing_stop,0.53885808,0.26942904,True,2026-04-27,345.973687,0.26942904,92.215358,129.542411,3.0,1.0,152.570539,221.75777,52,261.959981,331.91158,0.0343446925,73.64,1.82,False,69.18723,45.3477,1
FSLR,momentum_breakout,breakout,2,2026-05-28,2026-05-29,302.952644,2026-06-08,286.403312,trailing_stop,0.23549584,0.23549584,False,,0.0,0.0,0.0,66.446789,2.0,1.0,72.344088,66.446789,10,279.997361,357.48412,0.0378859268,81.08,1.864,False,-5.897299,-8.151736,0
IBM,momentum_breakout,breakout,2,2026-06-02,2026-06-03,316.348961,2026-06-08,284.115452,stop_loss,0.53407962,0.53407962,False,,0.0,0.0,0.0,150.740272,2.0,1.0,169.955532,150.740272,5,289.037233,373.291774,0.0431670898,77.39,1.517,False,-19.21526,-11.306052,0
PANW,momentum_breakout,breakout,2,2026-05-08,2026-05-11,207.997783,2026-06-09,265.034688,trailing_stop,0.34354025,0.17177013,True,2026-05-19,246.713047,0.17177013,41.377931,44.525042,3.0,1.0,72.455611,85.902974,29,197.143262,245.437384,0.0260928761,69.0,1.735,False,13.447362,18.559449,1
CRWD,momentum_breakout,breakout,2,2026-06-04,2026-06-05,174.359183,2026-06-10,159.59775,stop_loss,0.91257951,0.91257951,False,,0.0,0.0,0.0,144.645637,2.0,1.0,160.116618,144.645637,5,161.579017,205.743835,0.0366489594,68.67,1.911,False,-15.470981,-9.662321,0
EMR,momentum_breakout,breakout,2,2026-06-16,2026-06-17,149.452962,2026-06-24,142.623074,stop_loss,0.76484691,0.76484691,False,,0.0,0.0,0.0,108.084818,2.0,1.0,115.308637,108.084818,7,143.711414,176.354496,0.0192085478,61.66,1.546,False,-7.223819,-6.264768,0
RCL,momentum_breakout,breakout,2,2026-06-23,2026-06-24,313.492134,2026-07-07,284.036117,stop_loss,0.34637287,0.34637287,False,,0.0,0.0,0.0,97.382405,2.0,1.0,109.58517,97.382405,13,292.371914,369.920719,0.0336854078,55.91,1.537,False,-12.202765,-11.135417,0
MRNA,momentum_breakout,breakout,2,2026-06-16,2026-06-17,56.266209,2026-07-13,66.263672,trailing_stop,2.7710042,1.3855021,True,2026-06-29,67.877055,1.3855021,93.043802,90.808457,3.0,1.0,156.913902,183.852258,26,51.5358,66.394127,0.0420359638,60.0,2.301,False,26.938357,17.167604,1
GS,momentum_breakout,breakout,2,2026-07-14,2026-07-15,1143.965787,2026-07-20,1068.343021,stop_loss,0.07761928,0.07761928,False,,0.0,0.0,0.0,81.924015,2.0,1.0,89.7938,81.924015,5,1084.335689,1349.879629,0.0260628856,63.77,1.726,False,-7.869785,-8.764285,0
UPS,momentum_breakout,breakout,2,2026-07-20,2026-07-21,112.845324,2026-07-29,103.288131,stop_loss,0.71141101,0.71141101,False,,0.0,0.0,0.0,72.480313,2.0,1.0,81.279405,72.480313,8,108.873096,133.157482,0.0176003194,64.55,1.667,False,-8.799092,-10.825734,0
NET,momentum_breakout,breakout,2,2026-07-07,2026-07-08,268.157905,2026-08-20,290.329375,trailing_stop,0.3708278,0.1854139,True,2026-08-14,330.669,0.1854139,60.310628,52.831101,3.0,1.0,100.440405,113.141729,43,249.567614,316.426328,0.0346629553,63.43,1.772,False,12.701325,12.645633,1
MMM,momentum_breakout,breakout,2,2026-06-10,2026-06-11,157.947038,2026-09-01,170.069765,end_of_sim,0.99049762,0.99049762,False,,0.0,0.0,0.0,167.453698,2.0,1.0,157.446165,167.453698,82,153.212057,186.377504,0.0149891417,61.24,1.915,False,10.007533,6.356162,1
ROKU,momentum_breakout,breakout,2,2026-06-15,2026-06-16,138.38825,2026-09-01,155.374469,end_of_sim,1.13330578,1.13330578,False,,0.0,0.0,0.0,175.086784,2.0,1.0,157.836204,175.086784,77,124.43631,163.298135,0.0504086858,68.71,6.747,False,17.25058,10.929419,1
JPM,momentum_breakout,breakout,2,2026-06-26,2026-06-29,327.134551,2026-09-01,354.595062,end_of_sim,0.26567256,0.26567256,False,,0.0,0.0,0.0,93.20618,2.0,1.0,87.910675,93.20618,64,316.873017,386.01877,0.0156839656,65.56,1.731,False,5.295504,6.023733,1
NOW,momentum_breakout,breakout,2,2026-07-29,2026-07-30,110.6105,2026-09-01,142.757094,end_of_sim,0.63952463,0.31976232,True,2026-08-28,138.341516,0.31976232,43.236404,44.648339,3.0,1.0,71.73814,87.884743,33,101.774652,130.52039,0.0399412721,57.68,1.669,False,16.146603,22.507697,1
MRK,momentum_breakout,breakout,2,2026-08-20,2026-08-21,148.393181,2026-09-01,148.831625,end_of_sim,0.69576832,0.69576832,False,,0.0,0.0,0.0,102.55233,2.0,1.0,104.247273,102.55233,11,139.4968,175.103953,0.0299757044,77.92,1.616,False,-1.694944,-1.625888,0
